Index,target,PCA_1,PCA_2,tSNE_1,tSNE_2
0,0.7047325,-2.5823512,1.6426158,-22.42994,15.263043
1,0.65560484,-2.6863763,0.5670483,-22.862371,10.553245
2,0.7301311,-3.2238243,0.616518,-25.324411,11.1283865
3,0.761047,-3.8342867,0.057024464,-30.714075,12.0091915
4,0.6735665,-3.0762093,-0.5241543,-19.792274,0.1912171
5,0.7317585,-3.4796345,-0.6001558,-22.489565,0.43723
6,0.8509952,-2.38853,1.133013,-23.6047,12.654613
7,0.6753986,-2.762865,0.81244934,-23.282503,11.388396
8,0.6851335,-2.6979423,0.87115,-23.269354,11.545048
9,0.8324486,-3.536166,0.655854,-27.266397,11.857244
10,0.6742535,-2.4826329,1.6411228,-22.465551,15.026288
11,0.83150774,-3.6371171,0.07575121,-28.404078,9.046262
12,0.678693,-2.7407434,0.06507419,-18.47594,4.483289
13,0.77100295,-2.9219184,-0.13362752,-25.6603,6.732635
14,0.7109414,-3.2516472,-0.43827057,-21.816965,1.1784459
15,0.68208605,-2.7655072,-0.9434722,-20.600637,-6.320215
16,0.70449543,-2.6737933,1.3350112,-22.895983,14.157982
17,0.66480696,-2.884389,-1.0403508,-29.349222,-24.694578
18,0.6898997,-0.076657005,0.23746978,-0.43134084,7.4136777
19,0.8344395,-1.9830309,0.25411266,-22.689463,7.2258315
20,0.65539986,-2.5326483,-0.60609794,-17.569437,-1.4682415
21,0.7018898,-2.863946,-1.4335121,-29.135525,-23.024374
22,0.916334,-0.59353817,-0.6676466,-5.3590355,-5.712798
23,0.67941463,-2.588066,-1.6664771,-18.346935,-12.025375
24,0.6567671,-2.7282503,-1.5315269,-18.499344,-11.412439
25,0.77618307,-2.864208,-2.5965383,-10.259499,-22.919981
26,0.8648826,-3.3957083,0.5349111,-27.163464,8.712548
27,0.736356,-2.941879,-0.7345399,-29.727844,-25.200937
28,0.84153414,-3.3265524,0.53308636,-29.787588,13.394591
29,0.6546648,-3.3211186,0.26169977,-21.20663,4.4906697
30,0.70737416,-2.6334908,-2.6231184,-13.920624,-21.239986
31,0.7126492,-3.4281926,-0.6197801,-22.571096,0.7036926
32,0.7299003,-3.4231904,0.59396696,-27.505949,11.534078
33,0.91217464,-3.5146158,-0.40494126,-23.225195,1.566288
34,0.68181866,-3.164178,-1.0888972,-18.080257,-8.124183
35,0.6639527,-2.8082478,0.29651415,-17.787413,5.4568377
36,1.0597229,-4.3218093,-0.3498994,-25.28874,0.08816892
37,0.68314475,-2.7096405,-0.1838852,-22.568104,-8.104063
38,0.7154072,-2.5592277,0.8959397,-21.625626,13.919927
39,0.69530183,-2.4883451,1.436813,-21.631203,14.817985
40,0.6613885,-2.445803,-2.5385246,-13.591204,-18.518225
41,0.7726146,-2.7085314,-0.067121334,-19.148863,2.8571918
42,0.6884729,-3.2519364,-0.13837618,-20.044096,2.8498838
43,0.707251,-2.2872221,-0.23586692,-16.313292,2.193705
44,0.9472525,-3.7908459,0.07539374,-24.892145,-0.1548417
45,0.7236873,-2.9510674,0.5793127,-25.129808,8.013061
46,0.7919123,-0.74938786,3.8024468,-2.2524593,27.565891
47,0.7125077,-2.5614026,-0.3252624,-19.097948,1.1762997
48,0.67908347,-3.0434268,-1.1028781,-8.097813,-19.05746
49,0.81379974,-3.4225073,0.31031618,-27.792202,8.313805
50,1.14415,-2.286959,-0.25541174,-16.677694,2.6088252
51,0.70751417,-2.0491185,-1.2502911,-14.897295,-7.0132866
52,0.87530017,-3.084625,-1.0286698,-28.05737,-15.674549
53,0.78691846,-3.7499893,0.34348983,-27.688189,12.686324
54,0.77072936,-2.7029302,-0.40677032,-29.537477,5.743802
55,0.6608632,-1.0750505,1.6582067,-2.4809837,15.16454
56,0.8748907,-3.5232844,0.79414314,-27.961472,10.594011
57,0.66906583,-3.0064359,-1.427636,-29.748133,-23.726358
58,0.8726341,-3.5901406,0.74341995,-28.145056,10.427655
59,0.66346383,-2.798812,0.51373714,-24.607357,10.860184
60,0.70640284,-3.4537077,-1.3261186,-20.997269,-6.089952
61,0.8120579,-3.7116616,0.3161324,-24.457676,3.6105008
62,0.7109505,-2.7861571,1.8609798,-23.12582,15.591045
63,0.9349133,-3.11002,0.9915122,-25.24193,12.506801
64,1.1596075,-2.6421165,-0.22306031,-17.474035,2.324716
65,0.69463724,-3.3984606,0.3620675,-24.078217,10.013848
66,0.74453706,-2.701999,1.2102774,-28.280802,14.2233
67,0.6671339,-2.4876988,0.8232497,-14.927317,17.87642
68,0.6770131,-2.7354844,0.17477126,-26.164026,6.1560206
69,0.7824607,-3.1078749,-1.1356657,-19.342434,-9.578523
70,0.7662557,-2.7064078,-1.5083185,-27.926651,-19.999393
71,0.825554,-3.4036467,0.26210654,-27.417841,8.0701
72,0.8541577,-3.3494756,0.883804,-26.432592,12.671545
73,0.75307375,-3.3125207,0.93237054,-26.247385,13.125228
74,0.7927087,-3.318323,0.10209821,-21.160275,4.0217037
75,0.6950363,-3.3453996,-0.5158589,-20.799667,-0.17851318
76,0.81377435,-3.2435577,1.3108318,-26.076044,14.274517
77,0.67362386,-3.0670295,-0.77193975,-21.1468,-1.1462609
78,0.78292215,-1.9722065,0.42332602,-21.655949,7.5171447
79,0.7593829,-3.4875066,0.28870827,-28.3381,8.0833025
80,0.7891008,-2.9879968,-0.19647378,-17.938568,2.232398
81,0.66477334,-3.1420808,-1.0595678,-17.691456,-8.162091
82,0.7217702,-3.4547956,-1.0489966,-18.463192,-8.540312
83,0.7573886,-2.7404099,-0.315345,-29.293604,6.066809
84,0.9122613,-2.6712077,-0.43090704,-29.613703,5.626811
85,0.8964753,-3.1649888,1.0082124,-25.528624,12.110408
86,0.7566408,-3.0897942,1.0317669,-25.64993,12.513775
87,0.67784876,-2.7063715,1.477118,-22.655268,14.673704
88,0.9056362,-3.4689083,0.18588269,-26.769424,7.350499
89,0.99094194,-3.7326052,0.5096671,-28.818829,9.92519
90,0.6892792,-2.7147155,-1.3111546,-27.490091,-18.291758
91,0.72473073,-3.085303,-0.6318542,-28.659462,-16.118532
92,0.68215114,-2.333234,1.8222351,-22.048834,15.736086
93,0.86017126,-3.4431093,0.45363924,-26.577576,8.531208
94,0.6823869,-2.820363,-0.13799505,-24.410564,6.510162
95,0.8661452,-4.0417733,-0.19588031,-24.952484,-0.09427987
96,0.690725,-3.1045873,-1.1463108,-8.097464,-19.072641
97,0.74126637,-3.1260312,0.00875324,-27.969868,7.211909
98,0.6723381,-2.7982585,-1.6767491,-28.52065,-20.812904
99,0.67556304,-2.89735,0.47387987,-23.71124,8.241998
100,0.7209877,-3.020192,-1.192719,-18.883791,-9.751009
101,0.73489034,-3.4810822,-0.47624925,-21.717049,-0.19630873
102,0.7211007,-3.1693704,0.80919325,-25.929176,11.041901
103,0.8069836,-3.3810623,1.2075785,-26.915102,13.312206
104,0.749623,-2.8486445,-2.5319045,-10.249938,-22.952192
105,0.66933084,-2.824125,-1.2657193,-13.439817,-23.8044
106,0.72774225,-3.2705307,0.86498284,-26.86381,14.125859
107,0.68472296,0.26641327,1.1608685,1.456089,12.852742
108,0.66548663,-2.6957326,-1.5806108,-9.548727,-19.55494
109,0.65799,-3.6116042,-0.20748487,-31.041967,11.842156
110,0.9251059,-2.7426555,-0.5093593,-17.337744,-0.027027678
111,0.66243535,-1.853097,-0.38771382,-27.32913,4.7664375
112,0.49352545,-0.19351712,3.9329915,0.34317836,29.057003
113,0.5037803,-1.2483261,3.324314,-5.291503,23.052969
114,0.53528845,-2.1929302,2.097993,-24.313976,16.573809
115,0.5045395,-0.872309,0.65167135,-4.7939343,7.4064107
116,0.5514143,-1.3983753,3.052569,-1.1838781,24.38519
117,0.516274,-1.8643999,-1.3981117,-24.06873,-21.982004
118,0.519121,-2.18313,-1.456288,-25.15181,-22.355646
119,0.52823305,-0.09409382,2.8833828,2.4297237,21.298082
120,0.5484625,-1.8731883,-0.18913636,-15.58491,2.5223362
121,0.5149307,-1.4503908,-0.4439022,-10.310341,-6.8279533
122,0.5249436,0.8806812,2.1244214,7.7573504,17.300268
123,0.5231539,-2.124284,-1.5339829,-24.741192,-22.572258
124,0.53990024,-1.5916128,-1.6906499,-20.50735,-20.925556
125,0.5313788,-2.4478285,-1.1303349,-15.953403,-4.48451
126,0.5036333,-2.0988681,-1.5007193,-9.012544,-17.030418
127,0.51201004,-1.9974118,-1.7665509,-21.562368,-22.759478
128,0.53736496,-1.0613158,4.152328,-2.436132,29.85094
129,0.51039934,1.3462323,-0.7883287,9.443338,-9.47413
130,0.5138023,0.0443532,-0.7956567,-2.9676142,-3.9146688
131,0.49094117,-1.2588782,-0.60612684,-12.086379,0.107531905
132,0.523794,-1.6537384,-0.49537835,-12.603978,0.24231575
133,0.5093096,-1.1535584,-1.0425513,-12.258909,-3.8838704
134,0.5507614,-1.5517681,-1.089695,-13.133875,-3.9127302
135,0.5432291,0.4775429,0.5944467,1.5002023,10.02061
136,0.49199113,-0.989747,-1.2972078,-17.666054,-16.457428
137,0.54160905,-1.4920354,-0.81596005,-10.962143,-4.07226
138,0.5086439,-0.7747266,-0.9391949,-20.357105,-17.714018
139,0.51396465,-0.13175161,-1.1994617,-3.0292058,-4.60703
140,0.5408755,-1.5546821,-0.80450815,-10.835179,-4.3289275
141,0.51827675,-0.8736356,-0.07281271,-20.68799,-16.82978
142,0.5053847,-1.1568497,-0.7306327,-8.9886465,-5.010633
143,0.50039786,-2.4276133,-0.95904887,-16.787357,-2.875748
144,0.49670103,-1.878066,-1.2482396,-14.378017,-5.8256626
145,0.49609175,-1.7236551,-1.7548559,-17.035294,-21.506739
146,0.5475454,-2.5338657,-1.4137275,-27.098297,-24.739397
147,0.53596157,-2.4414914,-2.2407203,-17.06312,-23.846899
148,0.53272986,0.41639382,3.0869954,8.153187,22.182323
149,0.54490715,-2.9268107,0.21823095,-19.694265,4.5010858
150,0.52028775,-0.80690014,4.309206,-2.805948,28.259058
151,0.51274663,-0.62195647,4.2482557,-0.38728556,30.26672
152,0.5543858,-1.8194684,1.0544713,-21.36084,12.129095
153,0.5422951,-2.398713,-0.9315704,-17.011911,-2.5276766
154,0.5057045,-1.0623474,3.8618355,-2.792593,25.372095
155,0.53278875,-2.8359385,-0.2805646,-29.337723,6.304598
156,0.5045006,-1.5117972,-1.8663737,-11.159774,-14.9472
157,0.50830424,-1.0694411,-1.6817725,-11.887841,-13.864453
158,0.5323962,-1.4602498,0.36933565,-14.238991,6.1853905
159,0.5056658,-1.2044188,-1.0145026,-5.6765833,-13.255022
160,0.5419976,-2.5565534,-1.8353366,-26.713482,-23.774197
161,0.5210947,-2.4249108,-1.8271852,-25.652826,-24.02765
162,0.53818953,-1.4278113,-1.5000255,-17.530096,-17.794798
163,0.5394998,-2.7929816,-1.8200037,-28.176281,-21.319153
164,0.50882596,-1.024335,-0.0021052274,-9.437022,-0.027278585
165,0.5026745,-2.3021126,-2.5694854,-13.662901,-20.058355
166,0.54581416,-1.2174811,3.8947532,-4.714128,24.297924
167,0.49716946,-2.286362,-2.5837767,-13.460259,-19.215204
168,0.49158067,-1.7509985,-1.86441,-12.73633,-13.89508
169,0.5074646,-3.1086862,0.060407214,-17.565477,3.5950983
170,0.5573971,-2.5360715,-1.7338946,-27.18071,-21.649214
171,0.49224886,-2.2382042,-1.8101019,-23.189518,-23.430687
172,0.5286601,0.023107972,0.54407895,0.5860304,10.750639
173,0.5318549,-2.368942,-1.8856727,-25.403181,-23.795042
174,0.5418331,-2.7083662,-1.4095964,-29.219727,-22.192003
175,0.534278,-1.594514,-1.5756894,-20.64097,-20.906448
176,0.54661465,-0.081629865,0.5644775,0.3315559,10.022887
177,0.4936027,-2.5455356,-1.6272184,-26.258234,-24.323778
178,0.5065729,-2.411731,-2.124695,-22.813034,-24.11036
179,0.5364149,-1.1890545,3.9149454,-4.7624197,24.147032
180,0.5278559,-0.9911398,1.7207767,-2.3038306,16.410212
181,0.52340585,0.77206415,-0.26189,6.2847095,5.2767873
182,0.55746967,-2.3788981,-1.3011951,-26.593498,-20.672916
183,0.5293693,-1.9811294,2.2256138,-21.728819,16.373545
184,0.5380876,-0.63427263,4.1906953,-0.90548116,30.390806
185,0.52223206,-2.4643168,-1.9422532,-23.405594,-24.218906
186,0.49491084,-0.9058721,1.5747255,-0.7035064,16.200493
187,0.49819678,-0.32204133,0.074342236,-0.5394585,9.315584
188,0.4904001,-1.1900201,3.2841308,-4.4738503,26.921827
189,0.5421684,-2.464001,-2.0429072,-15.902588,-23.714142
190,0.53433615,-2.0955172,-2.2766929,-14.303568,-19.800175
191,0.4905903,-1.9922366,-1.972547,-15.392284,-20.046194
192,0.486912,-2.510047,-1.9515904,-16.151737,-24.11742
193,0.50647056,-0.8420955,3.6983366,-2.5818653,24.1308
194,0.5270797,-1.7679204,-0.125462,-14.735537,3.732265
195,0.497585,-1.2539846,1.3063359,-3.2211993,14.420444
196,0.5522744,-2.349805,-2.231043,-15.984676,-22.477169
197,0.54198664,0.20003222,-0.5980784,-0.53015405,-8.460378
198,0.54656625,-2.0237975,1.923381,-15.774172,19.377436
199,0.51385844,-1.8725238,-1.8413686,-18.186474,-21.290972
200,0.5130487,-1.9432638,-1.8043295,-18.345257,-21.63103
201,0.48917773,-1.7145485,-1.4769348,-14.132535,-6.602146
202,0.54708725,-1.8102238,-1.57469,-16.064402,-16.026497
203,0.4950405,-1.8518476,-1.6184409,-16.09925,-16.246414
204,0.5273215,-2.4503684,-2.1751862,-17.695198,-24.369251
205,0.49581409,-2.452078,-2.022073,-17.976696,-24.849733
206,0.49709758,-1.1760472,0.997885,-7.623301,9.108457
207,0.48992613,-3.1565366,0.3770195,-21.95165,9.099886
208,0.5309636,-3.078096,-0.9308503,-19.13185,-8.101657
209,0.5251336,-0.86187905,0.72361004,-0.80062973,10.126451
210,0.49906278,-2.1500213,-2.1425304,-22.10963,-23.91937
211,0.4987718,-1.6793067,2.7450953,-20.978535,17.27478
212,0.49606967,-2.2612684,-2.2345283,-11.920268,-18.36343
213,0.511487,-0.6437095,3.5888352,-1.2947091,27.117342
214,0.50583136,1.5860138,-0.5449523,10.028002,-5.851774
215,0.5483461,-1.7602146,-1.2285829,-24.610971,-21.559647
216,0.5339289,-1.3590353,2.9230561,-1.4309534,25.86341
217,0.53123885,-2.4151464,-2.3752387,-16.385345,-22.894976
218,0.5184961,-1.6131817,-0.112788275,-14.010837,2.5096822
219,0.50361645,-2.0503638,-1.7975311,-16.246845,-19.7544
220,0.48630822,0.17717065,-0.6767632,-0.70413804,-7.881502
221,0.53556275,-0.94972396,-0.67300045,-7.8762865,-9.116844
222,0.54354113,-1.512604,-0.25198317,-13.227205,5.403932
223,0.36791652,0.23694755,2.4218323,3.5269995,17.188843
224,0.365542,0.23587099,2.4588335,11.532867,22.029078
225,0.38061035,-0.5056119,-1.0923122,-7.770146,-3.009069
226,0.37843475,0.11567805,3.3115547,5.6239147,21.769762
227,0.38083583,-0.4068813,2.2396402,3.299984,20.08501
228,0.3863365,0.47316414,-0.64438003,2.802481,-9.488788
229,0.35383233,0.24746956,-0.88974947,1.4347789,-10.774165
230,0.35224116,-0.14407057,2.0129926,2.508393,18.555756
231,0.34085003,1.4248073,1.6127143,17.114672,20.289072
232,0.34410852,0.34225997,-0.98890525,6.4233017,-15.80152
233,0.38677353,1.0936651,-0.026065676,7.016963,-2.3995292
234,0.40484393,0.24934824,-0.73407906,-0.23356047,-6.5758343
235,0.40868598,-1.0321527,-1.0858685,-5.769237,-7.0549684
236,0.40856016,-0.3116165,-0.9381846,-3.415126,-7.204421
237,0.34641466,0.6123248,-0.5183399,0.49802482,-5.97832
238,0.4125641,-2.1918368,-1.7622426,-23.914587,-23.415531
239,0.42035797,0.9128108,-0.9017845,8.81053,-9.683403
240,0.3628653,-0.60531044,-0.21584685,-7.919144,-5.208706
241,0.4198767,-1.0868822,-0.49302706,-8.543002,-5.9304523
242,0.3610975,2.219427,-0.62204343,14.569048,-8.74681
243,0.41781586,-1.1353219,-0.6429764,-8.708397,-6.008207
244,0.40758255,-1.0873498,-1.6968352,-6.159992,-15.466865
245,0.37213457,1.672667,-0.37620023,11.747814,-1.5140296
246,0.38551903,0.5440409,2.6497037,5.9113417,18.161852
247,0.36116537,2.7987268,-0.9764122,19.63449,-2.7438803
248,0.367617,1.4054637,-0.29612735,11.072737,-1.1538883
249,0.37856132,1.7677822,-0.43881032,12.183066,-1.7089726
250,0.42099252,-1.2502718,-1.402367,-8.321104,-15.839155
251,0.3484772,0.734285,-0.10280856,6.598084,-0.63656574
252,0.35333383,0.4644639,-0.8067473,1.5440048,-7.232317
253,0.35413846,0.8713082,0.4300362,6.9529133,0.527781
254,0.34517744,-0.12540522,-1.3296456,-1.7276624,-12.758539
255,0.3778371,0.5344792,0.9891789,4.03303,11.2013035
256,0.35238126,0.2311052,3.300396,1.7417619,26.269106
257,0.34817365,1.4150904,1.3453506,15.38773,20.018394
258,0.35569093,1.0958896,1.6577557,15.10825,20.17629
259,0.37172684,1.0926403,-0.5410329,9.169456,-4.3816814
260,0.42049542,-0.47995374,1.7665068,0.20882985,16.441833
261,0.4096191,-0.6327875,-1.0361263,-8.126893,-2.9809053
262,0.38120863,0.17194849,-1.026137,6.2308865,-15.843678
263,0.41343206,-0.72634923,-1.0717548,-5.997826,-9.289627
264,0.33933976,0.5683811,-0.91337204,0.15002957,-2.0790663
265,0.38894966,-0.766635,-1.0210302,-8.351273,-2.9918902
266,0.4175346,-0.2183077,3.886382,5.002288,25.001467
267,0.40712756,-0.32671735,3.9912293,-0.5627004,26.698078
268,0.4120623,-0.5226579,1.5986061,-1.6310371,14.94585
269,0.3576954,0.2772539,1.3067384,3.9495041,12.225907
270,0.38252446,0.21475318,-0.6313138,-1.2126913,-5.6500106
271,0.3558587,0.5928676,3.1386814,6.941466,21.44167
272,0.39093393,0.1682217,3.6711755,2.3598256,26.832565
273,0.36338657,0.49331754,3.5726194,6.5605464,22.172443
274,0.34335193,0.098802835,0.9521666,3.5370836,11.537658
275,0.37634316,1.9286956,1.1021408,15.160431,14.632009
276,0.34423384,-1.7884818,3.0622556,-7.269492,25.509607
277,0.3626693,0.8495176,-0.548211,0.99461424,-5.8475885
278,0.36114168,0.37901258,2.2909946,5.531577,18.082193
279,0.4110796,-0.14251047,2.5597522,3.0991945,19.33353
280,0.41765997,-0.58179563,3.4394674,0.93414164,23.993334
281,0.36056343,1.5970405,-0.25804728,10.517111,-2.9008408
282,0.37848023,0.5093654,0.79263705,3.612568,10.581778
283,0.35531643,0.8476786,2.0473812,5.3712473,15.660992
284,0.37348235,0.5182103,1.7716002,4.1845813,14.86287
285,0.41410828,0.35609487,-1.4716642,-0.22715628,-13.214834
286,0.39905748,0.20511365,1.3063519,3.6448011,12.037816
287,0.36142427,-0.02265558,2.5352025,4.214934,18.610107
288,0.3976656,0.5888124,0.06700267,4.825969,-6.326525
289,0.39234382,0.07507745,3.7256243,6.2791734,23.174158
290,0.36235672,2.5717325,-0.74912906,17.721848,-3.4763575
291,0.40416718,0.8717047,0.3461518,3.2280517,8.902019
292,0.4070536,0.0007862908,3.5696464,7.494698,23.393766
293,0.37757844,-0.14515063,2.4044323,0.57617587,18.922157
294,0.35281825,0.9675352,-0.36705324,5.419212,-6.216101
295,0.37272152,-2.1959457,-1.9582182,-14.9940815,-20.171192
296,0.41178405,-0.61728644,-0.14973226,-8.336672,2.4040916
297,0.3622527,-0.86033833,-1.4416122,-4.626731,-15.903837
298,0.35600883,0.36228704,-0.93391037,0.26582816,-9.993657
299,0.42068338,-2.0342524,-1.0905763,-29.298674,3.65637
300,0.41151106,-1.3978355,0.84873813,-8.232035,8.796481
301,0.40205964,0.5849028,-0.93121195,2.2704225,-10.175169
302,0.38662255,-0.678641,-0.9544719,-5.0328135,-4.1653385
303,0.40647602,-2.291991,-2.3658576,-15.712731,-22.112131
304,0.36895075,0.049147006,2.6414926,11.387875,22.160025
305,0.3660228,-0.86723524,4.2131805,-2.961394,26.382479
306,0.35746062,1.155643,1.7023764,15.199578,20.109716
307,0.34617567,1.6072667,1.5271674,17.350653,20.139303
308,0.35084677,-3.5383408,0.25882882,-30.0463,13.073777
309,0.3888761,0.15834847,1.5166575,0.7292811,15.656631
310,0.4062371,0.42135265,2.3661463,8.484572,21.570518
311,0.35282883,4.4807405,0.45124134,28.7364,19.474005
312,0.4045433,0.92131704,2.630988,6.7029824,17.87164
313,0.41417968,-0.42178604,4.5930123,-3.477659,29.048098
314,0.40982082,0.28280532,1.917898,3.4236343,15.923026
315,0.3859866,0.11778045,1.7802454,2.626884,14.904147
316,0.39379644,0.3088071,3.8489237,6.3567796,22.894072
317,0.3862016,0.8596196,1.684715,6.139402,14.647363
318,0.3550246,0.24408664,-0.6942425,2.5372212,-6.2615223
319,0.38193503,-1.3669564,-1.3763971,-17.734175,-19.954372
320,0.4143601,-0.06263027,-0.81657404,-1.8558989,-6.9638624
321,0.41437843,0.118973196,2.7376451,4.3802905,20.63445
322,0.3477097,1.8045206,-0.1770619,11.8740225,-0.059514243
323,0.3899722,1.1227741,2.0171626,6.703089,14.993081
324,0.41005266,-1.7031254,-1.7226322,-17.451212,-22.134068
325,0.34613183,-1.3465012,-1.977202,-14.595539,-17.226673
326,0.3712736,-0.074582495,1.3750337,1.6762093,17.2393
327,0.35700712,0.4420729,-0.8106721,1.9854099,-7.1429176
328,0.3455605,1.0268251,-0.45236117,4.4820905,-7.7498746
329,0.3926578,1.0828558,2.8857956,7.5623784,18.430227
330,0.3493273,0.4620886,-0.69102764,3.8012326,-5.956484
331,0.40679225,0.05109115,-1.451637,-1.3869128,-13.408441
332,0.42043242,-1.5603986,-1.4517694,-13.969983,-6.8584
333,0.39807054,-0.18623272,2.9671733,11.141235,22.284153
334,0.1707576,3.7927492,-0.716042,30.286001,0.16328596
335,0.1256466,3.5693407,-0.99217147,22.820097,2.0942018
336,0.09835389,-0.0768352,3.0278008,8.230494,22.73154
337,0.17062227,3.9918191,-1.0181615,33.036972,-2.2195203
338,0.1731925,4.0394187,-0.9742003,32.984165,-2.1761205
339,0.18863723,3.1061575,-0.6429174,26.86271,-0.4331421
340,0.19136941,3.264731,-0.7288743,27.599466,-0.67695576
341,0.1741077,1.5062443,2.228165,8.299466,16.23689
342,0.1306438,4.0750203,-0.56376994,24.501467,7.5937395
343,0.17480323,2.9130466,-0.9110157,20.15957,-3.546017
344,0.17948999,2.7156825,-1.2589993,27.18606,-6.894154
345,0.12649632,3.5460713,-0.43278944,26.00479,4.2449923
346,0.14028266,2.95326,-1.3424947,31.81807,-8.757856
347,0.05729091,2.6290379,-1.2131504,31.4123,-9.129739
348,0.15323706,3.172561,-0.6881158,27.146175,-0.5326116
349,0.15212993,3.3276868,-0.75706434,27.912888,-0.39277208
350,0.1655762,3.1443868,-0.48933014,27.109377,0.20172273
351,0.12347407,0.99876773,-0.5935646,7.951086,-5.132568
352,0.17892429,1.8921808,-0.49325535,13.626044,-1.4836204
353,0.18291159,2.5520623,-0.61472887,16.296854,-0.6511275
354,0.15486243,4.8169436,0.0562896,28.595272,18.612701
355,0.12024298,1.3108783,-0.8140113,9.356827,-9.478336
356,0.18704297,5.0569525,-0.43057066,29.51943,17.398808
357,0.1028752,2.1639395,-2.0810134,30.171835,-10.733456
358,0.14642474,3.3810117,-0.8770692,24.81666,1.2541414
359,0.1389888,3.0395854,-0.750014,23.413332,-1.4807392
360,0.18970025,3.5484414,-0.65463436,22.16225,2.9356596
361,0.15545784,3.0403152,-1.3142394,29.730293,-4.8886757
362,0.19182876,1.4909613,-1.5691922,27.194767,-12.182994
363,0.10410633,2.3031535,-1.3887511,26.05384,-8.610677
364,0.10318068,2.2750561,-1.3625532,25.617115,-8.722746
365,0.1227861,2.1116252,-1.373576,27.181301,-10.233354
366,0.12676764,2.4219148,-1.6944798,26.175716,-9.498221
367,0.1359591,2.2722552,-1.5374304,25.550707,-9.494209
368,0.14105248,3.206568,-1.1749928,30.70823,-5.9635696
369,0.1145876,4.116751,-0.040395882,30.404644,2.2919927
370,0.18430406,3.1272755,-1.1900059,29.325884,-3.1187522
371,0.11511052,3.309794,-1.4547042,31.296541,-5.394383
372,0.13790865,3.3587768,-1.3163736,31.09027,-2.9698517
373,0.17588319,3.2275028,-1.1411092,29.431786,-2.5699399
374,0.15827945,3.2886963,-1.2366974,30.23909,-2.739369
375,0.1510188,3.3458445,-1.2905711,30.79381,-2.90946
376,0.19002679,3.7825968,-0.79270923,22.977201,2.8879097
377,0.13368338,-0.47711313,0.7442466,-3.9647834,9.598294
378,0.03480182,3.3782902,-1.531261,31.374395,-4.729829
379,0.15521035,1.5122311,1.621492,12.644371,15.33709
380,0.17164187,1.7494435,0.1552711,13.040564,8.6651325
381,0.17499548,3.2470095,0.5402364,21.853334,11.228182
382,0.13627231,2.9455435,-1.2659972,27.909159,-7.43847
383,0.11625899,3.5490117,-0.04563884,24.983437,9.608713
384,0.13977113,1.8587025,-0.76226395,13.317819,-5.3146167
385,0.13239336,3.7633598,-1.2787948,33.02738,-3.0715508
386,0.11533468,2.5449843,-0.6100113,25.027796,-7.109664
387,0.12468969,3.6014364,-0.21055974,25.442104,6.3511014
388,0.18824655,3.2349577,-0.8007594,24.26748,2.8829176
389,0.14344878,2.8661404,-0.6388357,22.9315,-1.7530466
390,0.09361268,1.8000647,-0.9583719,27.503426,-9.590671
391,0.18846267,3.432034,-0.4906876,30.09913,2.0124214
392,0.1867874,-1.0412205,3.882053,-3.0772786,26.871176
393,0.13240989,3.5560706,-1.4930639,32.432785,-4.141438
394,0.14110963,3.4726076,-1.3780121,32.238834,-4.330255
395,0.17792629,3.79084,-0.32381287,24.873438,7.7348113
396,0.18482947,3.3661652,-1.4864858,31.041243,-4.3058224
397,0.12773821,2.2735362,-0.87311286,21.80153,-7.8135767
398,0.11506717,2.0563579,-2.065702,29.800735,-10.947295
399,0.09614911,4.2953067,-0.086998954,20.908075,13.693851
400,0.13766511,2.3191564,-1.8497642,29.186813,-10.13738
401,0.18714294,3.4573843,-0.82128865,28.567663,-0.6401924
402,0.18942542,1.7782311,-1.031499,22.358341,-10.039695
403,0.19204637,1.4450363,-0.9848756,19.447174,-9.5448675
404,0.17222416,2.7569625,-1.2327979,28.101324,-5.1545134
405,0.19247393,2.757612,-1.2407664,28.18954,-5.024901
406,0.17452358,3.8014693,-0.6339018,33.725597,-1.4493793
407,0.18175957,3.1976671,-0.72936136,28.768154,-1.3552237
408,0.17197606,1.8253632,-1.4781275,26.043293,-11.400947
409,0.18629241,4.468346,0.013293236,27.221827,15.503103
410,0.16301253,2.8457737,-1.4042265,28.209047,-6.983248
411,0.19239445,2.162092,-0.5894036,15.18604,-2.1555076
412,0.15482071,3.9136946,-0.078588754,21.207472,9.352674
413,0.11797543,3.574551,0.5957654,24.198097,18.45497
414,0.16425775,4.4569545,-0.026748786,27.151184,17.153969
415,0.17187645,2.6526294,-0.6716135,21.598988,-1.0924914
416,0.13924064,2.1220033,-1.2617023,23.82025,-9.608709
417,0.17611855,1.2514045,-0.9762727,8.245697,-6.3587604
418,0.04778632,2.5830886,-1.1912891,31.425673,-9.196585
419,0.15124859,2.728016,-1.178243,24.606464,-5.2443094
420,0.1471285,2.239135,-1.202889,16.083038,-5.9688597
421,0.04478932,3.061975,0.669152,22.92878,18.508831
422,0.18514776,1.560927,1.6358722,14.283572,19.025656
423,0.1680365,2.256254,-0.54076564,15.052218,-1.1479636
424,0.16084194,4.736503,-0.12354853,28.407743,17.272366
425,0.1343205,2.628941,-1.2234067,31.455917,-9.132927
426,0.18282439,2.550317,-0.51209414,22.67487,-6.0254283
427,0.16526148,3.4637928,-0.6077677,21.213848,3.949279
428,0.1668246,2.7553973,-0.69272816,20.76083,0.8843343
429,0.15674643,3.053017,-0.8542523,25.945936,-2.3661423
430,0.19150545,3.199016,0.7024369,23.330206,15.636961
431,0.1925339,-0.19395246,2.2287667,1.1306108,19.070953
432,0.1811685,3.2298865,-0.9029255,21.851488,1.5554773
433,0.17462981,2.6973302,-0.18805677,17.731815,1.2588031
434,0.19116573,2.7691913,-0.73502445,17.10416,-0.6615828
435,0.16705245,2.4811575,1.5563954,14.666846,11.305718
436,0.11393712,4.9591994,-0.38403866,29.05947,17.616482
437,0.15185189,2.8661726,-0.91504735,23.425823,-4.5987744
438,0.17868571,-0.83029294,3.8519163,-2.169418,27.186058
439,0.14208859,2.762047,-1.6231529,29.507448,-7.1917505
440,0.1807108,3.2995284,-1.1359156,28.769133,-2.611706
441,0.14688,2.5652316,-1.2434633,27.661982,-8.04758
442,0.11426167,2.5663378,-2.015674,30.748913,-10.570724
443,0.12223873,2.8645504,-1.3441286,28.815245,-5.7436876
444,0.16621701,3.2313986,-1.2348363,29.8816,-2.5927775
445,0.02729641,1.9029164,-0.40564746,27.708574,-9.227603
446,0.03365023,3.1450024,-1.644475,31.623213,-6.597593
447,0.6459624,-2.6230276,1.6544893,-24.864058,15.434288
448,0.5815322,-1.9680263,1.2426505,-21.523645,12.4303875
449,0.5647541,-2.4909544,-2.4493961,-13.062646,-20.681074
450,0.5661498,-1.8060858,1.1218829,-20.912363,11.153692
451,0.6144477,-2.296425,-0.03615953,-19.364143,-1.0435814
452,0.6110912,-2.2531972,-0.096257925,-25.34242,6.170128
453,0.5986466,-2.4983032,-0.40104485,-16.619825,0.9016266
454,0.6207381,-2.70587,0.23123577,-20.398945,5.3577104
455,0.6147515,-2.9035099,-1.1165916,-29.990143,-24.4707
456,0.6298079,-2.2175083,0.406857,-16.517082,6.3588023
457,0.60490745,-0.8076116,1.4497974,-2.0440764,14.723619
458,0.56250745,-2.4372902,0.08452379,-17.02594,4.5916996
459,0.5589734,-2.1444771,-1.6480217,-24.548147,-22.915012
460,0.5809366,-2.4403362,-0.92634577,-17.552057,-3.2130933
461,0.64802206,-2.7003145,-0.2723669,-17.477364,1.246718
462,0.6101473,-2.1132948,-1.7190443,-16.414324,-18.787611
463,0.5693984,-1.8201536,-0.25009337,-13.717224,0.46297276
464,0.6233671,-2.6528835,-1.269797,-27.618711,-18.563976
465,0.60308725,0.10945146,-1.0182441,4.595306,-10.634132
466,0.59067005,-1.9040673,1.142511,-14.638386,18.996334
467,0.62453294,-2.5677998,-0.72106004,-15.510066,-1.4119836
468,0.6218685,-2.1877587,-0.81600887,-15.2469225,-1.87227
469,0.631634,-2.2788177,-2.3601148,-12.442915,-18.447577
470,0.55797124,-1.9694972,-1.525456,-4.660521,-16.73478
471,0.59691906,-1.9763768,-1.3136857,-8.753934,-16.924644
472,0.56878173,-2.5024598,-1.7596178,-26.8592,-23.359077
473,0.65311134,-2.7385187,-1.6194935,-28.210415,-20.657589
474,0.57034504,-2.4425063,-1.5630398,-16.038578,-8.632714
475,0.5611814,-1.9132069,0.17309,-15.252509,4.5057764
476,0.6041313,-2.5905447,-1.7194012,-16.259113,-9.786291
477,0.6011802,-2.2864323,-1.4192711,-25.416317,-22.833517
478,0.6160812,1.0719432,2.7946684,7.527206,18.108576
479,0.6168724,-2.7288961,-1.7880098,-27.828289,-20.83924
480,0.6258508,-3.088115,-0.78735936,-19.002426,-8.275615
481,0.5844865,-2.0693095,-2.0338435,-10.8072815,-17.515741
482,0.59208107,-2.5305698,-2.311878,-16.837372,-23.429255
483,0.64547604,-2.3088737,0.12807861,-25.925417,5.698164
484,0.60802674,-2.230268,-0.72395927,-27.498184,4.5866585
485,0.60247225,-2.467082,-0.21401072,-17.10506,1.9937798
486,0.64135253,-3.0994842,-0.103277974,-24.041674,4.8787613
487,0.6379828,-2.7896898,-0.5142931,-29.821465,-17.329967
488,0.62542176,-3.0504756,-1.1468506,-18.932835,-10.308153
489,0.57487255,-1.6017839,2.0727015,-4.3831267,19.064352
490,0.5903504,-1.6584393,-0.9954289,-11.846049,-2.4678214
491,0.6034543,-2.8311143,-0.10037294,-29.924183,-17.32208
492,0.6086716,-2.4996076,-2.0138896,-24.947254,-24.117254
493,0.5741662,-2.4763482,-1.8911134,-26.2618,-23.42601
494,0.64742565,-2.6101444,-1.7860962,-27.685148,-22.8201
495,0.5830981,-2.6339922,-2.4148557,-23.948503,-25.77152
496,0.6058347,-2.6026578,-1.232665,-13.150482,-22.811012
497,0.5771616,-2.5906143,-1.8102788,-27.481657,-23.016346
498,0.65118915,-2.657647,-1.7016912,-28.261019,-22.719406
499,0.6259001,-2.4949777,-1.8926432,-26.711788,-22.819475
500,0.60509765,-3.5717201,0.86291456,-27.370031,10.055202
501,0.6326397,-2.7672703,0.045328554,-24.341757,6.9184175
502,0.58703095,-2.3865588,-2.4194443,-23.59352,-25.853806
503,0.6089876,-2.6833389,-1.6828959,-28.19737,-23.469767
504,0.5917102,-2.1502347,-2.2590044,-12.108202,-17.87371
505,0.5652419,-3.1849651,-0.37727833,-30.00178,6.8073015
506,0.6022834,-2.4542282,0.26006454,-14.725799,17.443346
507,0.6203383,-2.6341527,-1.5255994,-27.49633,-24.04957
508,0.58225435,-2.485954,-0.97404855,-15.957202,-4.0881057
509,0.60345757,-2.2231553,1.8522439,-24.039623,17.323763
510,0.596265,-2.3172395,1.7716302,-21.708624,15.49834
511,0.6419068,-2.7229195,0.83855814,-23.879059,10.940607
512,0.6092222,-1.3822567,0.26969662,-14.1949415,6.52415
513,0.6052019,-1.5624409,3.015769,-6.9049754,26.936768
514,0.6009659,-1.978841,2.8584752,-21.737085,17.323463
515,0.6455095,-2.7369509,-0.48885518,-16.796352,0.39256653
516,0.64320326,-3.127898,-0.28266048,-21.845505,2.0236435
517,0.5784067,-2.2784402,-0.9581409,-15.883237,-3.3832788
518,0.5593708,-2.8601089,-1.3255652,-19.91313,-11.068686
519,0.59261304,1.0193205,-0.54487693,3.927934,-8.482713
520,0.60596496,-2.1566093,-0.7517229,-16.28077,-1.6150179
521,0.6127098,-1.9189415,0.15423968,-15.070152,4.484998
522,0.6408171,-2.801458,-0.21450114,-23.722399,6.070667
523,0.60245323,-3.1273909,0.8000419,-29.505905,13.629532
524,0.5644414,-2.4288538,-2.1259255,-16.104576,-23.380787
525,0.5663707,0.2116478,-0.6188715,-0.65423346,-7.1287994
526,0.6486767,-2.8143055,0.3152341,-24.881077,10.031418
527,0.65220016,-0.20555253,-0.2913907,-1.4932066,-8.689884
528,0.61934566,-2.8461459,-0.93146724,-16.889832,-4.19022
529,0.6115276,-2.3066866,1.2961214,-15.605027,18.758596
530,0.615194,-2.5212293,1.6568812,-17.132261,19.079157
531,0.6079729,-2.9898133,-0.093917504,-19.568378,2.888986
532,0.5720704,-1.1134,3.362333,-1.1679624,25.110518
533,0.6510192,-2.460469,0.7847566,-23.639843,8.857655
534,0.59987545,-2.8624985,-0.076975115,-19.362055,2.8836663
535,0.63212323,-0.53651524,4.1973114,-1.2194742,29.077852
536,0.56094754,-1.4099604,-1.0088727,-8.746049,-9.043505
537,0.57207656,-0.33059162,-0.6636776,-3.2920115,-12.034624
538,0.5700077,-1.1758645,3.9186447,-4.1595306,25.00521
539,0.6057099,-2.1888974,-0.8474735,-16.623152,-2.0387483
540,0.5810583,-2.5260293,-0.39221925,-15.393365,0.18579319
541,0.58692354,-2.7140894,0.96490705,-21.784008,13.896846
542,0.5681978,-0.006499883,0.11155258,-0.42379552,7.4111505
543,0.6114558,-0.63647354,1.0067844,-0.81663156,13.271704
544,0.6269596,-3.0876713,-1.3902607,-18.092966,-9.524326
545,0.6411017,-3.600084,-0.47440732,-22.68205,0.33772847
546,0.602329,-2.0038412,-0.03435618,-14.284735,2.4938037
547,0.6218122,-2.4212475,-2.1755195,-24.51218,-25.423855
548,0.5576013,-1.8701454,-1.1870604,-14.516519,-5.712934
549,0.62233686,-0.92573047,-1.8012528,-11.302548,-14.288852
550,0.5693831,-1.1788211,-0.49916592,-11.724056,-0.08125685
551,0.63874125,-2.6860132,-0.81542575,-18.102148,-1.0531018
552,0.61920446,-2.781724,-0.639549,-29.296902,-25.697079
553,0.5625501,-1.9485604,-0.68829834,-14.977337,-2.8806283
554,0.5630864,-2.2917697,-2.1912425,-12.81824,-16.823465
555,0.59990823,-2.6213813,-1.2688613,-27.711596,-24.830933
556,0.5723078,-1.8630036,-1.0687493,-14.2869625,-4.2347198
557,0.6325394,-2.7084134,-1.1782167,-13.366856,-23.735811
558,0.30779925,-0.35234088,-0.7333064,-3.9430327,-3.4181752
559,0.2751239,2.1336021,0.977947,14.341301,14.274717
560,0.26310936,0.12319305,3.1832724,2.115751,22.259022
561,0.31453112,1.7002084,1.2404215,13.403964,14.399675
562,0.28852877,3.7723517,0.23879455,24.870468,17.851982
563,0.2753461,4.111584,-0.32306537,24.245373,7.8849864
564,0.30231398,1.7471706,1.3509029,14.833749,15.080773
565,0.31532347,1.2672389,-0.82816637,7.447099,-15.523873
566,0.3242176,1.4125253,1.7689939,13.411542,15.859414
567,0.3228769,0.7966336,-0.89332455,6.9177356,-15.67291
568,0.28293467,1.0026647,-0.84477884,7.090342,-15.665858
569,0.3092054,0.2571548,-0.6760773,-0.60725486,-5.4867573
570,0.32764176,1.1938845,-1.0909482,12.495986,-9.465882
571,0.267979,3.0143795,1.0965456,19.208088,13.822063
572,0.28952187,0.58188206,1.1061616,4.44835,11.5919285
573,0.26926774,1.3237385,-0.8086775,9.421188,-9.76481
574,0.27109078,2.6874301,0.17797801,17.452917,3.1484337
575,0.33851808,1.8748543,-0.7082421,14.117101,-8.899036
576,0.31697717,0.7248475,-0.14152162,3.2204428,0.0340934
577,0.31295314,1.440417,-0.077853985,3.682097,0.31296563
578,0.2823468,2.0602164,-0.9652701,14.8225975,-4.649381
579,0.33239225,2.2875416,-0.64651763,15.623311,-2.529704
580,0.32702178,2.0937364,-0.8415384,15.053283,-3.998307
581,0.31157303,2.3966234,-0.8970963,15.997903,-3.897943
582,0.32237554,0.81789744,-0.70622134,2.5900702,-8.436336
583,0.31642985,0.33458865,-1.6060324,1.035092,-13.451201
584,0.2902222,1.8956772,-0.500854,19.04668,-8.277483
585,0.26493815,2.8939981,-1.1328055,30.06326,-5.208758
586,0.29008287,2.9319263,-0.81077623,23.591406,-1.9979066
587,0.2884078,2.7572243,-0.9018709,23.328531,-3.0876732
588,0.29630676,2.7958224,-0.9084382,23.402393,-3.0106864
589,0.30603737,1.6194085,-0.84359044,12.696609,-5.9182115
590,0.2925769,1.5573646,-0.9578088,12.73856,-6.144385
591,0.32264596,0.6632645,-1.0437312,0.59721524,-3.490082
592,0.3285595,2.7893302,-0.60008377,20.300945,4.1203775
593,0.2886599,2.6336544,0.5289803,20.722044,17.367966
594,0.30616537,0.5542125,-0.17943355,1.319719,-0.8129258
595,0.30230084,1.3803995,-1.0181785,12.603705,-3.4301753
596,0.2856671,1.9174742,-0.706802,13.652556,-4.704841
597,0.29600734,1.7054509,-0.7693555,7.8796997,-15.380779
598,0.3318036,1.6464955,1.133802,14.277225,15.380655
599,0.30049017,1.8329831,-0.74707764,7.9836106,-15.339804
600,0.26273268,3.2195103,0.3946352,19.912024,10.362198
601,0.31358004,1.6220565,1.2656976,13.61066,14.925077
602,0.32085276,0.7042833,2.8071923,8.20741,21.267624
603,0.29238176,1.9278504,1.704335,12.630827,15.993936
604,0.308121,1.7459413,-0.61157954,12.500237,-5.017469
605,0.29251224,2.5743055,-0.31820992,17.338095,0.48253736
606,0.27017936,2.3513472,-0.6017068,15.6486225,-1.6503772
607,0.2712758,0.9894233,-0.61052865,1.1373216,-4.978867
608,0.2875984,0.9814812,0.61547863,5.604711,9.2398405
609,0.32199755,0.4622233,1.1468956,2.1942904,13.759086
610,0.27197412,1.8355569,0.050313424,11.556917,0.9610232
611,0.33509633,0.5498767,2.1177092,5.5012636,17.039293
612,0.2727838,2.9639807,0.5450416,23.458887,16.019348
613,0.29906175,1.5448397,2.0321705,10.539505,15.715102
614,0.29369888,1.8962628,1.4811391,12.379442,14.564929
615,0.31126156,0.054201648,1.5640519,3.438467,13.111318
616,0.30849278,0.6420918,2.5150492,6.5120583,17.654818
617,0.31198597,-0.44633377,3.9754856,-3.506677,22.998762
618,0.3040883,0.9968813,-0.7808606,0.92087173,-1.7616929
619,0.2696879,2.1354516,-0.45632297,14.791925,-0.812558
620,0.32541978,0.75379264,2.1214707,12.975671,21.92351
621,0.28855374,2.1804154,-0.65091854,14.514838,-8.769006
622,0.32979566,0.20978838,3.0714784,2.2768145,22.907053
623,0.3301199,0.49519345,3.3099017,3.3267407,22.3419
624,0.32385314,1.0151981,-0.39579883,5.117864,-4.70276
625,0.3144132,0.61163193,-0.35885966,4.444985,-4.8953424
626,0.31443697,0.9936988,-1.046224,12.123985,-9.2921915
627,0.33618286,1.6465937,-1.0787498,12.790343,-8.406226
628,0.26980034,1.5047524,-0.42421943,8.238981,-3.6073387
629,0.26696274,2.2965395,-0.5316208,17.002071,-2.1002235
630,0.29427412,0.54283535,-0.9171803,0.61872274,-8.984717
631,0.2728221,4.3830934,0.20251167,26.526766,17.998861
632,0.29023495,1.7372919,-0.8082686,21.27067,-9.102768
633,0.31200057,2.13332,0.79138327,12.694786,11.489131
634,0.32279503,1.1704066,-1.2271266,1.8777472,-12.257168
635,0.33144483,1.1089271,1.6222261,6.509627,14.518783
636,0.32937518,0.26373366,-1.0297292,-0.13999683,-9.268429
637,0.27291283,3.3805583,0.8008689,19.769289,14.18556
638,0.33099276,1.7025722,1.4162776,17.603086,20.279804
639,0.2905159,1.6423057,2.6997166,9.032322,16.705116
640,0.32926777,-1.2299813,-1.2054802,-4.3141093,-16.33397
641,0.3177432,-0.42458674,-1.3978842,-4.186494,-13.2993765
642,0.30451903,-1.8082398,-0.8544461,-24.161757,-19.657604
643,0.30809548,-0.72401583,3.377546,-2.232519,22.527409
644,0.27343404,1.5537606,2.4283957,10.692969,17.803219
645,0.31677437,1.6109185,1.1977048,12.121791,13.91595
646,0.28440306,1.6781191,-0.3410009,11.981561,-0.14693148
647,0.2717109,1.953116,0.42635947,12.723587,10.847466
648,0.27574724,0.90853024,-0.6646788,6.8910866,-5.0513854
649,0.30438906,1.2560734,1.1934543,11.401406,13.680219
650,0.26392096,4.720888,0.1924758,27.704836,19.285742
651,0.2866617,2.438021,0.7108387,20.560081,17.447117
652,0.29004934,1.3652768,-0.62464833,11.065648,-7.3092737
653,0.27622685,2.1326263,1.1264241,18.224327,19.937145
654,0.3271619,1.6105032,-1.0870402,12.812046,-9.08809
655,0.32724014,-0.19530003,1.3960702,-4.3278155,10.526698
656,0.269423,4.547011,-0.06744555,27.612278,16.667835
657,0.28327572,1.6677523,1.0607541,11.555047,12.515225
658,0.27863598,3.8417242,0.2513941,25.087461,17.42745
659,0.29105595,1.5580997,0.9308521,9.231718,9.896955
660,0.33212188,1.7142172,0.99900883,13.2263775,13.754649
661,0.3256131,-0.74290514,-1.2296295,-4.606547,-13.778237
662,0.30129662,1.7698723,1.4790117,10.078758,12.964818
663,0.2897168,-0.090997934,4.143572,-0.0391654,27.115341
664,0.32435378,1.0842438,-0.7536527,6.920337,-5.6920075
665,0.32742512,0.9343431,-0.5373847,4.172225,-7.909725
666,0.30083084,2.1360545,1.2929728,13.404858,13.1191
667,0.2812765,1.1677518,-0.5215565,10.612455,-1.4040632
668,0.2763873,2.0963643,-0.66584355,14.890164,-2.8969934
669,0.4818534,-1.2597188,2.2070265,-14.839751,19.623117
670,0.42207423,-0.05184401,3.711562,1.0668662,28.76456
671,0.43142614,-0.013765088,3.6178904,1.3196028,28.745266
672,0.4805564,-2.3978977,-2.51585,-12.942047,-19.595484
673,0.44791916,0.060709324,3.1777084,1.6915357,26.056072
674,0.46514532,-0.24321595,3.9962437,0.17178875,29.551004
675,0.46385998,-0.11965304,3.8563588,0.8941867,29.53958
676,0.47225985,-0.7303623,2.0372033,-1.1392751,16.678198
677,0.4720765,-2.1306448,1.0239228,-21.183851,13.922301
678,0.46912506,-1.8115628,-1.390569,-23.92405,-21.876396
679,0.42924953,0.08529978,-0.49875435,-5.8488765,-2.6123984
680,0.42155936,-1.8024276,-0.38512442,-11.133112,-1.315169
681,0.4329083,-1.7912078,-1.2034754,-24.348608,-20.860363
682,0.46769062,-1.008602,-1.3031614,-17.605217,-16.061422
683,0.44890985,-0.26512095,-0.98176247,-3.9278834,-5.382849
684,0.4696874,-0.9110478,-0.94717276,-8.576071,-5.192006
685,0.4467714,-1.058012,-0.9358361,-6.1746836,-6.2469244
686,0.44199684,-1.0224304,-0.5585703,-8.811751,-6.273588
687,0.43132526,-0.32869297,-0.9050721,-3.9942412,-4.797104
688,0.48213547,-1.3576434,-0.17395282,-12.468494,3.3414648
689,0.45146763,0.83325845,-0.9102964,8.734056,-9.698377
690,0.4743078,-2.2168746,-1.6169547,-16.283693,-18.275154
691,0.48247725,-0.86612326,-0.76620394,-10.081917,-2.7044687
692,0.43661958,-0.06850072,3.3179815,2.0689304,23.602589
693,0.47601643,-1.1510917,-1.2320687,-19.329386,-18.923471
694,0.48451766,-1.321208,-1.3258241,-19.563179,-19.50434
695,0.43746015,-0.23787253,-1.1193492,-3.632031,-5.853907
696,0.46982104,-2.1897013,-1.1013513,-15.256931,-5.776779
697,0.45676255,-2.3593333,-1.5533521,-26.091202,-22.6019
698,0.4516283,-0.40504992,-0.036369916,-7.1584935,-0.49962643
699,0.45052654,-1.7411638,-1.4794451,-21.89491,-21.564434
700,0.48479593,1.3166586,-0.46877438,6.1820292,-3.739407
701,0.44317082,-1.8831557,-1.1370653,-14.562616,-5.235281
702,0.4338507,-1.0067255,-1.7626113,-8.595497,-14.759771
703,0.42428547,-0.3439228,-1.3140613,-2.1651788,-11.200015
704,0.45052478,0.34064957,-0.5704291,0.6904856,-8.1923485
705,0.43717638,-0.6155668,-1.1701951,-4.4742346,-6.992282
706,0.4609288,-1.1054668,1.9336197,-2.391501,15.660187
707,0.44716954,-2.0870688,-0.07164086,-16.460476,3.4268801
708,0.46231225,0.5970304,0.48567662,3.0301225,9.396004
709,0.47519147,-0.34003422,-1.0759801,-3.39229,-12.65089
710,0.4321119,-1.5477606,-1.207735,-17.648932,-20.041046
711,0.43646124,-0.19125623,-1.4370973,-2.01658,-13.312212
712,0.4732027,-2.475781,-1.9436377,-18.017378,-24.984446
713,0.4299984,-2.348751,-0.8195884,-28.47937,-26.144907
714,0.4293725,-0.5371195,-1.0784906,-7.887196,-2.9848986
715,0.46525213,-1.5413119,0.24056873,-9.50989,6.8983283
716,0.4617377,-1.2304275,-1.4692874,-17.544237,-16.939861
717,0.42710444,-0.08787499,2.4635117,3.770235,20.3081
718,0.4614935,0.14408967,-0.7935279,-1.7754704,-5.7767177
719,0.46777686,-1.0891836,2.9418406,-0.9673696,23.332811
720,0.4799562,0.5877068,-0.4153991,3.3780625,-9.06678
721,0.42547226,-0.5373649,4.047141,-3.8933413,23.357327
722,0.4236081,-0.3158239,3.7686265,5.817718,24.005058
723,0.42510033,-0.25183958,-0.4860915,-5.0895143,-5.7837768
724,0.42556235,-1.3870373,-1.5721567,-9.0095005,-15.889074
725,0.48170772,0.27299207,1.0704634,2.4130557,11.281971
726,0.48295313,0.22033201,1.820781,2.5329716,14.763494
727,0.4659666,0.14398885,2.9807935,2.6367998,23.55092
728,0.46066785,-1.0583805,-1.7326231,-14.831889,-15.920401
729,0.48350823,-0.79169005,3.8145597,-4.481063,23.206455
730,0.4821917,0.1114425,0.8209164,1.2264849,11.109353
731,0.4288377,-0.24497618,2.6454892,1.5879946,19.956675
732,0.46689108,-1.2535971,-0.14262038,-12.229726,0.9660613
733,0.47811094,-0.3801672,3.973479,-0.1881951,29.165249
734,0.44089055,-1.5722448,-1.2089803,-20.820702,-19.430317
735,0.44471768,-1.8273244,-1.2490426,-24.879282,-21.681805
736,0.45255628,0.26409516,0.6782775,1.5665556,10.278034
737,0.44312757,-0.06060906,1.1137214,0.879991,12.54723
738,0.4528907,-1.0843561,-1.8387508,-14.748841,-17.143728
739,0.4702343,-1.8737704,-1.5174097,-22.464676,-21.995312
740,0.44768214,-1.5908349,-2.0025277,-14.720872,-18.336899
741,0.47709695,-0.4104098,4.5500436,-3.2729726,29.045835
742,0.42891088,-0.29093996,2.8809204,1.3351119,21.640032
743,0.4634484,-0.7092094,3.4879858,-2.2877893,22.550396
744,0.43029305,-0.14158322,3.8712354,0.5581156,28.746838
745,0.4350151,-0.2462986,1.3736149,0.2248662,11.928772
746,0.42563206,-1.3264906,-1.5291336,-7.7682614,-16.280922
747,0.42372242,0.8753409,2.1353512,6.819955,16.731197
748,0.46070734,-1.5458642,0.37814775,-10.688748,5.7830834
749,0.48349983,-2.4597645,-1.7519867,-15.173428,-23.369438
750,0.4274517,-0.34479788,-1.0588003,-3.9034984,-6.4468384
751,0.42611042,-1.4651692,-0.7025372,-8.542602,-9.802649
752,0.46456563,-0.4073717,-0.298446,-8.210958,2.2646682
753,0.46802315,-0.93895847,-1.501639,-11.423178,-13.365651
754,0.45425856,-1.7528024,0.540226,-9.444534,7.6670275
755,0.45444748,-0.62419856,2.6493313,0.11488524,25.084473
756,0.43769738,2.244385,-0.9449858,22.90385,-7.8041353
757,0.46759802,-1.7666126,-1.5606244,-4.776814,-16.584633
758,0.43482688,-1.155874,1.2979988,-5.55314,10.611473
759,0.44605067,-0.8397998,4.113056,-2.8135557,26.084358
760,0.46876937,-0.66999567,0.9992917,-6.569597,9.341201
761,0.47490948,-0.3248202,-0.59982026,-7.658668,-4.713941
762,0.4729385,-0.3028445,1.71716,0.3400455,16.367702
763,0.44522646,-0.57916963,3.6151137,-2.8261664,23.454975
764,0.466836,-1.1982204,3.32314,-5.2160153,23.103922
765,0.45669094,0.90350246,0.24228868,2.8361292,7.766915
766,0.44444776,-2.0803888,-2.1913433,-13.293536,-17.843796
767,0.45921555,-0.034234338,2.5976164,2.1775498,21.077005
768,0.43149012,-1.5282564,-1.7708772,-9.867418,-15.482737
769,0.43030843,1.5821304,-0.6527177,9.550455,-6.3526387
770,0.4642116,-1.0504367,-1.4237921,-18.387724,-19.446201
771,0.43738648,-0.0073355213,-0.27269563,-1.3372506,-9.674533
772,0.47695458,0.595026,-0.80014217,1.0638895,-9.407036
773,0.4320058,-0.99328905,-1.7070483,-8.085408,-14.876428
774,0.43193898,-1.7089163,-1.7622283,-17.204678,-21.372108
775,0.44622964,-2.8230147,-0.3469783,-29.9261,5.9852586
776,0.43230858,-0.764744,-0.8314243,-18.91263,-17.352108
777,0.45185176,0.01783151,0.5862536,0.7514671,9.449809
778,0.47362536,-0.99236035,-0.42861447,-9.265704,-5.5313225
779,0.4510071,-2.0072205,-1.6522732,-16.481215,-20.399834
780,0.22442728,0.071350306,2.4323883,12.1009,22.33502
781,0.24580817,2.567993,-0.96223414,22.272543,-4.1953263
782,0.20869182,3.8393135,-0.0016218778,27.043648,9.404039
783,0.21188663,1.1080108,2.5822966,9.399062,18.959518
784,0.23613864,2.4030492,-0.52260804,19.726156,-1.4074129
785,0.23916551,2.0192149,-0.8973788,20.944721,-8.181845
786,0.21486345,3.164448,0.35410577,19.185244,11.240755
787,0.24806581,-1.2288654,-0.13888492,-10.292858,-1.069025
788,0.21310276,1.9479396,0.1803123,14.355596,2.6900458
789,0.20557669,2.9157345,-0.49043313,20.371319,-0.65085924
790,0.20658869,-0.272133,3.0189638,1.5981863,23.350304
791,0.24978292,2.2627003,0.54366064,15.753271,5.610351
792,0.19797951,2.248164,0.19926491,15.473856,4.7057962
793,0.2520685,1.773913,0.17133012,3.8898745,0.5125312
794,0.19779082,4.671005,-0.20898318,28.28442,16.56567
795,0.23051804,3.3870738,0.3501509,23.353188,11.282207
796,0.2598814,2.09035,0.28323248,15.365761,4.719946
797,0.19685887,1.324554,-0.81395435,9.414227,-9.785474
798,0.24793218,1.5533369,-0.12774685,9.204538,-1.8784844
799,0.19818428,3.5267854,-0.971061,24.714935,1.3538749
800,0.20013821,2.820184,-0.7126653,24.568834,-1.8496433
801,0.22769,3.4499726,-1.2188598,23.584896,0.4439138
802,0.22610517,3.198294,-1.1151944,23.008047,0.1294479
803,0.23091449,1.4435668,-0.7683497,12.279209,-3.6100132
804,0.24819204,0.90695965,-1.7010398,26.738503,-12.884752
805,0.23859659,2.0660644,-0.7221844,19.814602,-8.451951
806,0.22999264,3.2041686,-1.2107391,28.83811,-3.8977416
807,0.24096715,3.0445228,-1.0087184,24.925428,-2.807832
808,0.20667304,3.4584525,-0.20364761,19.790161,8.35266
809,0.25620213,3.1144147,-1.3413419,30.09715,-4.667446
810,0.25093135,2.6939156,-1.0550522,19.019838,-4.2632856
811,0.21015218,1.5042759,0.04782613,7.3181076,5.5163264
812,0.22082008,3.8356774,0.0024601526,23.542383,10.236057
813,0.24888515,2.8352416,0.45257723,22.375118,16.433187
814,0.21491805,1.3463451,0.40771028,13.017289,4.2734027
815,0.2091878,2.8479164,1.0779338,16.213882,12.013944
816,0.22486359,2.8830464,-0.7595978,18.769026,-2.8137686
817,0.22069123,2.591894,-0.47719994,19.923223,-0.8919972
818,0.25703934,2.0837932,-0.89655656,15.300293,-5.7420545
819,0.19955112,3.3371775,0.13789397,24.958035,10.520926
820,0.22428983,3.8084514,0.26260635,24.94385,16.041111
821,0.19934878,1.1628125,-0.5752018,5.822147,-3.915718
822,0.23787078,1.2688498,0.11055056,10.260852,-0.16955858
823,0.19890583,2.8340683,-0.7879882,22.474539,-2.2803316
824,0.21376938,0.6977543,-0.5263889,4.7225404,-3.6011937
825,0.2023318,1.9815247,0.17079382,11.832737,1.2721866
826,0.20595984,3.9642918,-0.5969252,24.615232,8.645527
827,0.25535426,3.474393,0.0061593973,25.17835,10.173977
828,0.21258475,3.2000527,0.6648948,21.612701,11.394793
829,0.23321202,3.4056594,-0.8069251,28.291265,-0.8933432
830,0.24455589,1.1868451,-0.5704138,5.8696556,-3.905926
831,0.23253794,3.3493412,0.1574065,21.383839,10.53752
832,0.21206143,2.3340573,-0.47152388,19.581903,-1.002343
833,0.24095203,3.2621295,0.4605734,22.857862,11.664065
834,0.24327247,3.283944,-1.2933038,28.29537,-3.0075448
835,0.24024072,1.6974984,1.2683576,8.681366,12.533743
836,0.23023906,2.1771724,1.3673885,13.702533,12.06411
837,0.22513454,2.0770142,-0.9169858,21.88737,-8.594615
838,0.20684978,4.6486516,0.01996066,27.757133,17.781654
839,0.24996187,2.0520391,-0.8651934,21.765532,-8.5945635
840,0.21750075,4.1306367,-0.3946114,22.280127,9.197202
841,0.26176557,1.6218499,-0.947791,13.107567,-6.5613213
842,0.23344068,1.3599896,1.1579391,14.288514,15.584082
843,0.24268578,2.0431087,-1.0557799,22.636145,-8.364301
844,0.2138682,4.3393855,0.48723894,25.956444,15.634975
845,0.22572097,2.5135913,-0.6812354,17.07902,-3.4832468
846,0.25309426,1.706935,-1.8709403,27.759247,-11.544099
847,0.20857008,3.2110977,-1.2992531,29.6258,-4.388587
848,0.2372097,3.2154582,-0.7743077,22.623796,-1.1446851
849,0.24750562,1.4763412,1.1941258,11.204749,12.662444
850,0.21396452,3.8839223,-0.32552877,21.188108,9.074058
851,0.2614879,1.8556331,0.9585628,11.969882,12.659518
852,0.24511398,1.6195675,1.8984331,8.217854,14.943244
853,0.21197344,1.0497912,-1.5030239,1.6504447,-13.20658
854,0.26249856,2.9672792,0.12685087,24.580067,10.982877
855,0.22495688,4.076522,0.43605983,25.72015,19.004545
856,0.26149276,-1.592768,-0.44781512,-14.198297,3.6100764
857,0.23023587,2.9112303,0.49375385,25.5463,11.082011
858,0.20941167,1.5225903,-0.6693558,11.325672,-7.237742
859,0.2557477,0.6026048,3.1309347,6.122091,19.19834
860,0.20119111,3.1957698,-0.9162511,22.009733,0.74250215
861,0.20705992,3.357374,-0.9932183,22.710537,1.1575333
862,0.2529867,3.0647652,0.042840764,19.657955,9.91206
863,0.24878223,-2.3050067,0.95041686,-14.868027,18.028175
864,0.23871689,2.5324633,1.4143881,15.547308,11.937815
865,0.24789633,4.068728,0.2036161,25.654427,17.72643
866,0.21815766,4.2759194,0.10113254,26.378357,17.400066
867,0.2111066,2.4236853,0.96234787,14.54134,12.909475
868,0.22716928,4.3467073,-0.023170002,26.394043,16.39395
869,0.23401706,3.3290572,-1.3851844,30.12001,-3.6790624
870,0.20414947,4.2341046,0.13605577,26.100758,17.340519
871,0.24601929,2.7166817,-0.5507527,22.92999,-5.8150783
872,0.24566437,1.705889,0.10508803,13.251047,7.417832
873,0.24216285,3.6308844,-0.62507015,28.56639,0.9568542
874,0.24654897,3.5927713,0.7694185,22.29148,12.851316
875,0.23215659,3.378778,0.062375255,25.3451,10.313349
876,0.233225,2.9922266,-1.000135,25.276512,-5.0500054
877,0.26115048,2.3259444,1.0207505,14.926499,13.505838
878,0.21773134,2.2505767,-1.6992677,28.92842,-10.718839
879,0.22334808,3.6889167,-0.2840417,25.071777,7.460168
880,0.23921052,1.2387152,-1.0779742,22.102884,-11.120628
881,0.20886788,2.9825468,-0.4228111,20.342592,1.9089603
882,0.21947734,2.8773239,-0.9147338,24.364084,-2.785533
883,0.26161563,4.786759,0.13052635,28.12257,18.971941
884,0.21331844,4.7378573,-0.1079027,27.973785,17.21723
885,0.25265917,1.4375879,-0.3265023,7.4354515,-4.005113
886,0.24146906,4.011317,0.43158445,25.350628,18.70761
887,0.23168437,1.9574562,-0.7806112,19.481457,-8.430934
888,0.20496038,0.6718705,0.9266523,2.3748772,10.4010935
889,0.25402743,2.8695798,-0.83649504,22.467196,-2.527375
890,0.22547728,0.12717949,-1.355107,-1.029843,-11.856658
891,0.7167381,-2.6104097,-1.8576542,-27.2801,-19.610348
892,0.8677361,-2.7374372,-0.11143996,-24.157001,6.575918
893,0.81038547,-3.3533442,0.5759184,-27.054237,8.858242
894,0.75697225,-3.3685865,0.55922496,-26.807693,8.821324
895,1.0407925,-3.7361372,0.15501888,-25.783464,3.6106772
896,0.68089175,-2.7816658,-0.9683373,-28.27992,-24.810184
897,0.69589436,-2.9261656,-0.10944788,-25.424812,9.59292
898,0.7624384,-3.4007597,-0.20816962,-20.763855,1.1835035
899,0.7148597,-3.30613,0.5748287,-26.481691,11.613506
900,0.71952647,-3.3837507,-0.839785,-18.371141,-7.090847
901,0.7766785,-3.586158,0.0044128816,-24.18603,2.7176075
902,0.6885275,-1.7339596,-0.241049,-15.371786,3.1846824
903,0.6873452,-2.7921956,1.8781306,-23.869125,15.30815
904,0.7245219,-3.145242,1.1211122,-25.833406,13.7986555
905,0.7718798,-3.2310767,1.2660027,-25.197332,13.632461
906,0.8102551,-3.4609427,-0.4135036,-23.671783,2.1176646
907,0.6816154,-3.1188498,-0.8989744,-21.256277,-8.695263
908,1.206747,-3.8845217,0.43823025,-29.74224,9.783552
909,0.6890052,-2.6548362,1.6013887,-23.780445,14.847986
910,0.73651916,-1.4161354,2.9588375,-5.9952817,25.406044
911,0.6747303,-2.5982685,1.7528075,-24.055613,15.863327
912,0.5842246,-2.9957592,-1.3063785,-17.947617,-9.151698
913,0.6464258,-2.8408477,-0.7368282,-30.617964,-22.994003
914,0.6146407,-2.1226118,1.4214658,-15.035809,18.839548
915,0.5782147,-2.304496,-2.396067,-12.461721,-18.962793
916,0.623502,-2.4733357,1.1441168,-16.24188,18.379398
917,0.62031424,-2.5940397,-0.59917015,-18.240534,0.410982
918,0.653518,-2.9661608,-1.4435652,-29.480558,-23.814161
919,0.6333041,-2.5306683,1.9708613,-23.57157,16.2091
920,0.5932849,-2.3230922,1.4255812,-16.510878,19.074398
921,0.5774232,-1.9403585,1.6591775,-16.439308,19.295746
922,0.59334874,-3.3616593,0.8077628,-24.759966,12.330774
923,0.5916595,-2.3312902,-0.09896612,-15.968538,4.3164268
924,0.5610741,-1.3602638,0.30015337,-12.419884,7.418444
925,0.59151864,-1.512565,2.643319,-6.2147017,27.240345
926,0.6051557,-2.5309677,0.49973583,-17.198492,6.313314
927,0.57350373,-2.317677,-2.535168,-13.878526,-20.376352
928,0.58593553,-1.3584303,2.7206984,-6.2010164,27.32568
929,0.56438726,-1.0790004,2.787485,-6.079174,27.59233
930,0.59119356,-0.8034639,-0.7139677,-4.3795705,-11.976333
931,0.6438687,-3.160208,-0.9947359,-21.769905,-9.049327
932,0.6289761,-2.8246818,-0.90981436,-30.680347,-23.556444
933,0.6194123,-2.8218381,-1.1344936,-28.927498,-24.56561
934,0.59015477,-2.6280193,-1.7876935,-9.942991,-19.729559
935,0.6251705,-2.7889173,-0.5632446,-19.046078,-0.106894135
936,0.26364663,1.4859656,-0.13188043,8.192286,-1.3982118
937,0.29151878,1.395356,-0.034325093,8.124803,-0.49577177
938,0.27015045,2.7873871,0.66143435,19.020506,11.316164
939,0.304581,1.0311077,-0.65008026,6.397153,-5.8141646
940,0.33727613,0.56317574,-0.9310613,-0.51875657,-4.418507
941,0.29971683,2.075731,-0.42468214,21.504059,-7.0954123
942,0.31816456,1.0052217,2.2000358,7.459927,17.003586
943,0.26412916,2.4769518,-0.9802311,21.849253,-3.9409065
944,0.30810627,0.29993922,-1.10969,-0.24645811,-10.717894
945,0.3306684,0.33189672,0.08684795,6.037985,-0.16962343
946,0.26883328,-0.6813632,-1.7707938,-6.7680964,-14.940722
947,0.2917267,1.066779,-9.430232e-05,7.2767143,-0.7399176
948,0.33139607,1.742566,-0.7261661,13.150481,-4.6731358
949,0.28007388,0.8727142,0.6695745,4.699005,10.260248
950,0.29154912,0.8870073,-0.91570956,0.98260355,-6.8394203
951,0.5197013,-2.4388645,-1.6035147,-14.05696,-23.127234
952,0.5551993,-2.3532436,-2.2880092,-15.51072,-21.726866
953,0.50417364,-3.6508374,-0.29298815,-22.180853,-0.4400935
954,0.50689244,2.491796,0.40161124,17.26509,4.279901
955,0.4914286,-2.1554844,-1.1253569,-26.697172,-25.823774
956,0.5070206,-1.5165015,-0.351961,-12.599868,0.5385441
957,0.4928586,-1.8044499,-1.6607242,-16.20145,-16.624502
958,0.52226895,-2.2263236,-1.7439497,-20.846344,-21.437607
959,0.48874283,-0.8722487,3.3790517,-1.6536311,22.938803
960,0.5210092,1.1949197,-0.51354796,5.063025,-7.978811
961,0.4933804,-1.6694732,0.8180196,-8.842564,8.804558
962,0.5271141,-2.0386074,-0.6592862,-14.3487425,-2.1965926
963,0.50947416,-1.5040599,-1.0677328,-11.54169,-2.627245
964,0.5117533,-0.8354335,3.6394527,-3.5343084,27.425215
965,0.5334722,-1.2591428,2.3777287,-2.8658457,19.827444
966,0.49949482,-1.5904909,0.76894283,-20.796473,11.105814
967,0.4962973,-0.7021867,0.8661425,-1.7033399,11.731797
968,0.55407435,-1.4383839,-0.5350731,-11.599154,0.68565065
969,0.48746583,4.4059334,-0.048435103,27.017223,16.85926
970,0.5514069,-2.5140977,-0.34167537,-15.96284,0.14835535
971,0.53724474,-2.1576123,-1.7247181,-9.947721,-18.614527
972,0.51324826,-1.498614,0.8355242,-8.667664,9.0029125
973,0.5446213,-2.5134616,-2.1711595,-22.48105,-24.466606
974,0.5125116,-1.2655164,2.3197365,-4.178419,19.114836
975,0.36396772,0.91518486,-0.6554055,6.929531,-5.134097
976,0.38427696,1.4976338,-0.71680135,11.770114,-5.88848
977,0.41967928,0.5431097,-0.7365898,3.0111177,-6.2340508
978,0.37060508,1.272222,-0.5137398,9.318987,-4.3553987
979,0.40648174,1.3134719,-0.50783163,7.1032586,-7.24477
980,0.38542125,-1.5070418,-1.749632,-10.37296,-15.284581
981,0.4052347,-0.42626098,0.21551155,-6.4772425,8.180538
982,0.38060787,0.26346445,2.9811025,4.4261236,21.336338
983,0.3566076,1.6003046,2.15897,11.610747,17.221785
984,0.36197847,0.5941626,2.1835437,5.161369,16.511698
985,0.40553668,-0.6667904,-0.80173045,-18.698725,-16.675287
986,0.40237916,0.08421304,1.1733347,2.5409348,11.94828
987,0.36601257,3.5572855,0.53865975,23.75556,17.303808
988,0.34080192,2.265152,1.0355878,18.552765,20.195929
989,0.39953125,0.30744812,-0.7142708,-1.134258,-6.4043446
990,0.37515077,0.12491552,3.6762424,1.8562356,27.872839
991,0.39263678,0.2571353,3.9087255,6.3286767,23.292107
992,0.3926372,0.74123335,-0.81372595,0.040727496,-4.303059
993,0.4010922,-0.776021,3.9434242,-2.4127011,27.67299
994,0.37615803,4.760625,-0.46432093,29.251802,16.534876
995,0.38950816,0.7232736,-0.81971115,1.323432,-8.404612
996,0.38410792,-0.42617425,2.64519,1.0718768,20.07599
997,0.3980346,-0.5460823,0.36295006,-4.388884,9.33643
998,0.3945406,-0.029382829,2.9248238,5.822452,20.977379
999,0.4075874,0.06663355,3.541585,1.7080505,29.052729
1000,0.17635323,2.6961114,-0.4096066,21.355421,-1.8329827
1001,0.14019643,1.9681681,-1.5787448,25.683949,-10.11578
1002,0.1516601,2.094111,-0.8454949,23.86751,-8.703165
1003,0.15369606,2.456503,-1.069564,25.698616,-7.7177844
1004,0.15400898,1.6448401,-1.7133583,27.99998,-12.043558
1005,0.11562201,2.695151,-1.6276414,30.0857,-8.880481
1006,0.12579647,1.6872463,-1.8584119,27.974606,-11.55529
1007,0.13926943,1.9697016,-1.7306061,28.746675,-11.342567
1008,0.11348359,1.4920312,-1.5489043,25.367683,-12.163169
1009,0.17834587,2.152698,-1.0725017,23.970184,-9.010119
1010,0.13741662,2.9922554,-1.0828358,25.389093,-6.349481
1011,0.18150632,1.2817981,-0.90623534,8.168468,-6.201077
1012,0.18934219,4.721263,0.053302992,27.325945,18.399912
1013,0.1151417,3.026331,-1.54696,30.409534,-7.509426
1014,0.1376695,4.4270716,-0.9652613,32.013405,0.7518005
1015,0.13893214,4.2554955,-1.0945,31.948257,0.62987727
1016,0.1700606,3.887246,-1.1899612,30.691772,-0.10969523
1017,0.12273725,2.8933816,-1.3692408,29.00932,-5.7966976
1018,0.18542749,2.5868766,-1.2124808,27.628641,-4.9711123
1019,0.18541606,3.3634474,-0.69760084,21.565725,2.2729003
1020,0.16510803,3.4930093,-0.6465439,21.923847,2.8152087
1021,0.16247378,-1.2420888,-1.0598159,-12.972108,-4.7269816
1022,0.18938568,3.3765237,-0.2571492,27.038914,2.7395504
1023,0.11516568,2.924672,-1.2511145,27.664665,-6.9099
1024,0.131914,3.2400455,-1.2126826,29.036448,-4.1749854
1025,0.1925623,4.543687,-0.0024500405,27.344606,17.616837
1026,0.0949008,4.885586,-0.4215975,28.91842,16.35949
1027,0.15846294,2.4844062,-1.5819832,29.135881,-8.497197
1028,0.4273889,1.0784328,-0.11099248,7.283501,-3.0573468
1029,0.48370793,-3.0623837,-0.056011952,-28.921492,7.191032
1030,0.4303703,-0.45460975,3.7429879,-1.4906871,30.724752
1031,0.47534102,-1.8054698,-1.6664172,-17.578213,-22.394407
1032,0.4442953,-0.39829507,-1.1742576,-19.21393,-17.57177
1033,0.48091182,-1.6250833,-1.3303834,-9.42854,-14.185283
1034,0.45628643,-1.9383392,-1.4331584,-10.087587,-13.877204
1035,0.48433933,-0.5825735,-0.0039397753,-8.436763,-0.7736293
1036,0.42188072,-0.39763495,3.2064002,0.19239837,26.509256
1037,0.47847453,0.20210646,-0.62309664,-1.3827789,-4.5259314
1038,0.44628367,0.12054104,1.4610454,1.3932197,14.061167
1039,0.44388548,-0.3078611,3.3846424,1.0756569,22.626755
1040,0.47796494,-0.2990354,3.4994297,0.3548023,27.979784
1041,0.4505065,-0.6426992,3.7368462,-0.7956609,28.187841
1042,0.4622353,0.27622452,0.77600974,1.0600532,11.751444
1043,0.46517628,1.1949369,-0.4405792,5.865209,-7.398843
1044,0.42739552,0.37954324,-0.74549913,0.23023963,-7.9606757
1045,0.46409023,-1.5808685,2.8871677,-6.1575947,25.592148
1046,0.44632265,-0.4779591,0.008948197,-8.356533,-0.76871043
1047,0.4683327,1.7330787,-0.42783177,10.932355,-4.7345724
1048,0.43837342,-1.1114758,-0.8437338,-20.205963,-17.530851
1049,0.4758209,-0.21249592,-0.8835982,-3.6750267,-4.5708528
1050,0.43815923,0.14446974,2.5991406,2.0639384,20.392212
1051,0.4622672,-0.7962553,3.516817,-4.291672,22.559744
1052,0.4737762,-0.16494681,3.9053047,0.64465165,29.719673
1053,0.464504,0.019239038,3.6885962,1.4311876,29.426708
1054,0.47268486,-0.41119772,4.1871457,-0.8177583,29.25709
1055,0.33109486,0.6095821,1.4529026,2.0556974,17.164024
1056,0.26538303,2.5717933,1.3833135,18.547583,13.637099
1057,0.31583503,2.1631148,-0.0133820465,16.746265,2.7017105
1058,0.33249852,2.5619397,0.8720174,19.026426,19.572315
1059,0.28687117,0.7371249,1.9117779,4.9353228,15.186885
1060,0.3278783,4.498419,0.039358422,26.866817,18.660316
1061,0.30913168,2.000523,1.2340416,17.955666,19.607517
1062,0.2720282,2.3379393,-0.18070105,13.492544,7.4998126
1063,0.2738867,1.9200517,-0.46772876,10.964966,-3.3096695
1064,0.31075197,1.4419188,-0.75054693,13.497046,-9.156909
1065,0.29846463,-1.6460029,-0.58084667,-28.884583,4.0108533
1066,0.24632339,2.5181317,0.5119112,14.1461935,9.293909
1067,0.23535374,1.9390665,-1.1089454,14.282633,-6.273329
1068,0.23688053,0.72166425,3.1364198,5.882309,19.391876
1069,0.19323945,2.3530357,-1.0299715,16.038649,-5.37509
1070,0.22300756,1.7140832,-1.1323068,23.063745,-9.840154
1071,0.21611354,3.2856143,-0.40144166,27.244202,0.90423137
1072,0.20708922,3.4895875,-0.99470735,23.252388,1.6712688
1073,0.19662234,3.626123,-1.0311396,23.56057,1.8780303
1074,0.25078598,2.335291,-0.67541516,14.727814,-2.099782
1075,0.22699055,2.9006684,-0.30417606,18.275349,1.9131157
1076,0.2512582,0.109137416,0.4121927,1.1416496,4.5107083
1077,0.22514433,3.3225946,0.13510957,25.060389,10.528698
1078,0.23117486,2.1112194,-1.4134128,24.675825,-10.136048
1079,0.21575794,3.524362,0.32341626,24.256268,15.978001
1080,0.25694326,2.5031967,-0.08488884,17.871353,1.9198087
1081,0.21726756,0.47139302,-1.400676,-0.28016376,-12.936827
1082,0.25793576,3.8433914,0.22656567,22.351412,10.532621
1083,0.20041856,2.6453857,-0.37835112,19.001293,0.8223604
1084,0.21325548,3.045335,-0.8340768,21.62851,0.1895508
1085,0.23363811,2.2317975,-0.66404486,17.301363,-4.581432
1086,0.21379685,2.5499377,-0.08488488,19.294992,0.018298745
1087,0.25116614,0.30215147,0.414369,1.1811843,4.5147386
1088,0.21542744,4.221853,0.28596488,26.151438,18.728483
1089,0.2099207,4.8482237,-0.032892857,28.40603,18.328342
1090,0.19716723,3.4233522,-0.2553877,27.083134,2.772464
1091,0.2404137,1.7708201,-0.22523879,9.523161,-2.0186107
1092,0.21852848,3.6324568,0.99924946,24.48391,14.1747
