index,target,PCA_1,PCA_2,tSNE_1,tSNE_2
0,0.7047325,-6.991994,-2.0052452,-13.470458,-1.4531696
1,0.65560484,-4.0024695,1.1179668,-17.961708,-9.626105
2,0.7301311,-5.246003,-0.045056835,-17.75354,-8.961995
3,0.761047,-4.376973,0.48868987,-9.936917,-12.6298685
4,0.6735665,-6.2502217,-3.0361967,-11.517426,-3.19723
5,0.7317585,-9.533019,-0.48168197,-24.594728,2.428663
6,0.8509952,-5.366013,-1.0619905,-15.775532,-11.711713
7,0.6753986,-4.557479,-1.4859518,-13.665852,-12.210005
8,0.6851335,-4.2813954,-1.4581915,-14.161237,-12.148306
9,0.8324486,-5.3643365,-0.38798797,-15.410658,-10.520664
10,0.6742535,-6.1426253,-0.83295554,-14.376962,0.31074333
11,0.83150774,-7.9651513,-0.020883199,-15.518599,-2.531217
12,0.678693,-6.68875,1.1042709,-16.193474,2.9187224
13,0.77100295,-1.4725925,13.573584,-30.527712,21.563948
14,0.7109414,-4.694003,5.179143,-25.269258,9.720034
15,0.68208605,-6.7742567,7.06918,-30.62647,13.570678
16,0.70449543,-6.1743364,-0.20597014,-14.54429,0.3756226
17,0.66480696,-6.6445165,1.0878192,-19.983791,0.40238622
18,0.6898997,4.489012,-5.709723,11.317646,16.868778
19,0.8344395,-8.51259,-3.698444,-7.617706,8.721687
20,0.65539986,0.04264783,8.674574,-22.752485,27.862522
21,0.7018898,-6.5823307,1.7902793,-22.225986,-0.90079856
22,0.916334,3.1928742,10.792985,-23.024267,27.529455
23,0.67941463,-5.5266457,7.77132,-30.26952,15.083055
24,0.6567671,-5.77682,4.9409223,-29.405466,12.66204
25,0.77618307,2.340743,17.067404,-29.207985,23.72832
26,0.8648826,-8.563075,-3.5383623,-36.074383,0.77483433
27,0.736356,-7.0573173,1.8891755,-27.797546,7.122132
28,0.84153414,-4.421463,-0.6165486,-13.422597,-11.480186
29,0.6546648,-8.599469,-5.3034925,-37.134865,0.8998383
30,0.70737416,-5.5506344,8.827427,-30.80738,15.716637
31,0.7126492,-9.667561,-0.268073,-24.617975,2.4494205
32,0.7299003,-5.500108,-0.47706535,-14.922571,-10.189037
33,0.91217464,-9.794543,1.23448,-25.142475,2.6501877
34,0.68181866,-6.716529,2.9365017,-23.135452,-7.533003
35,0.6639527,-2.2892911,-7.263477,2.040893,15.205971
36,1.0597229,-7.344648,0.83113766,-14.657183,-5.150457
37,0.68314475,-4.429693,4.867002,-24.674091,11.467182
38,0.7154072,-4.522767,-0.6205725,-11.426928,-6.8806458
39,0.69530183,-3.8394346,-0.9078636,-11.323104,-7.206232
40,0.6613885,-2.2311187,12.812333,-30.749746,20.573853
41,0.7726146,-6.527721,-0.30964705,-16.5396,-0.8326188
42,0.6884729,-6.919816,-0.21190372,-16.588345,-0.828093
43,0.707251,-5.953446,-4.998809,-7.509123,9.47596
44,0.9472525,-6.336645,-0.03346794,-15.313958,-4.6400294
45,0.7236873,-5.0178394,0.9341234,-17.840387,-2.5235727
46,0.7919123,-3.2346847,-0.15577915,-8.00606,-13.305273
47,0.7125077,-6.5070148,-1.229146,-11.720329,-3.5687113
48,0.67908347,4.071387,17.577034,-28.911104,24.608864
49,0.81379974,-7.571075,0.5187593,-33.314137,1.6417513
50,1.14415,-8.596573,-3.5039155,-8.729183,9.033784
51,0.70751417,0.045961108,7.338359,-21.184397,20.168274
52,0.87530017,-10.099497,2.8149526,-26.871479,3.1591392
53,0.78691846,-4.6288457,-1.0474381,-13.015331,-16.026472
54,0.77072936,-8.029647,0.6692795,-33.95149,1.343492
55,0.6608632,-1.6455878,-4.594104,4.3725824,2.4315598
56,0.8748907,-7.035068,0.48235744,-16.279758,-6.2301755
57,0.66906583,-5.497034,5.5518837,-28.525713,12.659419
58,0.8726341,-7.230757,0.8723647,-16.38854,-6.2954526
59,0.66346383,-4.183678,0.84017986,-10.498737,-9.367451
60,0.70640284,-4.607961,-1.0897943,-12.823144,-16.215448
61,0.8120579,-7.8261843,-0.792629,-15.267235,-2.7705688
62,0.7109505,-4.513331,-0.5747814,-11.040441,-14.61945
63,0.9349133,-6.9633737,0.59807503,-16.370535,-6.4385333
64,1.1596075,-7.9796433,-3.7663991,-8.907067,9.126329
65,0.69463724,-6.7161994,-0.14912029,-15.658623,-1.1636992
66,0.74453706,-3.9642177,-1.2282282,-13.545498,-12.931777
67,0.6671339,-5.002505,0.73923093,-14.126895,-8.48949
68,0.6770131,-5.602448,1.3900291,-18.237736,-1.5744029
69,0.7824607,-2.9381604,14.131562,-30.472374,19.508997
70,0.7662557,-5.9906387,-3.7536035,-6.361495,4.0408173
71,0.825554,-7.8682437,1.4154493,-33.016663,1.957338
72,0.8541577,-5.8704333,-1.307174,-16.19814,-11.67541
73,0.75307375,-5.298451,-1.0087824,-15.683996,-11.433748
74,0.7927087,-8.861044,-3.895011,-36.91517,0.81571066
75,0.6950363,-10.070952,-3.6694314,-19.180145,6.3840966
76,0.81377435,-3.9022405,-1.8271266,-9.409841,-16.396784
77,0.67362386,-6.1333637,2.518226,-24.385817,-6.282382
78,0.78292215,-6.9462414,-4.772186,-7.5759635,9.299281
79,0.7593829,-6.399924,6.600404,-31.536009,7.8367467
80,0.7891008,-9.425262,-3.2057977,-9.403155,9.064784
81,0.66477334,-2.4868972,9.98563,-30.672472,17.052889
82,0.7217702,-1.7293102,16.163597,-31.29227,21.695139
83,0.7573886,-7.228399,-0.40699512,-34.280457,0.66997886
84,0.9122613,-7.1853046,-0.8908759,-34.534973,0.83641785
85,0.8964753,-6.6801286,-0.4849678,-16.466887,0.53821385
86,0.7566408,-6.1551347,1.1364146,-16.04703,-6.7188115
87,0.67784876,-7.4553075,-0.964457,-13.698911,-1.1756821
88,0.9056362,-9.083236,2.6718478,-25.824614,3.51271
89,0.99094194,-7.3767347,-0.9809919,-15.126336,-2.5587792
90,0.6892792,-8.875153,9.940579,-34.14219,12.589422
91,0.72473073,-5.9357634,12.37534,-32.35179,18.778713
92,0.68215114,-7.2270246,-2.197535,-13.43858,-1.359599
93,0.86017126,-8.201761,-4.253542,-36.375664,0.4031857
94,0.6823869,-6.3014865,0.8960567,-32.111618,2.6751547
95,0.8661452,-6.762891,0.22277066,-15.1812525,-4.7229223
96,0.690725,3.6199975,17.104773,-29.00486,24.482368
97,0.74126637,-4.141397,-5.0447745,-35.073822,-1.0921947
98,0.6723381,-5.6592956,-2.3315125,-6.9814534,4.0166802
99,0.67556304,-7.8964896,4.2462716,-24.78504,6.7975707
100,0.7209877,-8.49279,6.566648,-33.43564,11.53371
101,0.73489034,-7.2488885,1.0775492,-23.99296,-6.447653
102,0.7211007,-5.9952564,0.8368297,-18.32541,1.1688492
103,0.8069836,-3.5788364,-0.3118256,-9.872685,-11.358761
104,0.749623,1.0486488,14.04174,-29.409811,23.166517
105,0.66933084,-3.67666,13.0096035,-31.120378,18.753544
106,0.72774225,-4.21681,-0.18643314,-9.826262,-13.2962675
107,0.68472296,-4.8158627,-5.8834825,0.22700338,8.856529
108,0.66548663,0.8315541,14.012995,-29.641857,23.166805
109,0.65799,-4.7981615,0.3064813,-10.345165,-12.644984
110,0.9251059,-8.2289295,-4.386991,-8.189072,9.151437
111,0.66243535,-6.9065385,0.04544515,-28.835924,5.2394323
112,0.49352545,-3.008353,-0.957244,-6.337126,-15.090742
113,0.5037803,-3.9882553,-3.4803467,2.3887997,-1.198177
114,0.53528845,-4.550283,-1.6246771,-14.89217,-13.409454
115,0.5045395,-0.6239092,4.9344497,-18.459976,23.06061
116,0.5514143,-3.0454054,-1.0851264,-6.3463283,-11.177907
117,0.516274,-4.908107,0.97731423,-20.608135,0.42933917
118,0.519121,-6.158362,1.2549275,-21.41188,-0.14085849
119,0.52823305,-0.059931424,-0.3696056,6.969253,-4.763983
120,0.5484625,-5.2571197,-5.879914,1.500222,14.37669
121,0.5149307,-1.7750142,-0.05394856,-1.1521753,-18.91199
122,0.5249436,1.4071504,-4.703939,12.515867,17.595667
123,0.5231539,-6.2237997,2.7209563,-21.137419,1.5782449
124,0.53990024,-6.1626744,4.0298533,-21.334057,5.1695876
125,0.5313788,3.1718295,9.805854,-24.81982,22.533434
126,0.5036333,-2.8233764,5.7661633,-28.239086,-4.570816
127,0.51201004,-2.7103693,6.483808,-26.425827,16.203413
128,0.53736496,-0.89441395,-1.3639401,4.2802052,-15.137446
129,0.51039934,3.3961794,2.7531922,16.345518,24.717482
130,0.5138023,-3.595383,-2.696576,17.706018,-25.021696
131,0.49094117,-5.399152,-4.55736,-11.879493,4.6012144
132,0.523794,-6.137019,-3.9637277,-11.862929,4.4965854
133,0.5093096,1.1113154,8.120237,-16.299496,26.964668
134,0.5507614,2.425892,7.297568,-15.775971,27.274559
135,0.5432291,-2.5259306,-5.381927,4.0540724,9.238558
136,0.49199113,15.235423,8.305993,36.018982,3.4927716
137,0.54160905,12.752491,11.320037,34.323654,4.713128
138,0.5086439,-1.3083808,7.4960613,-26.27348,17.347315
139,0.51396465,6.603012,0.61958015,24.555944,-5.9621305
140,0.5408755,16.685482,19.123562,34.791584,5.1251593
141,0.51827675,2.5986722,9.209967,-22.665564,23.662497
142,0.5053847,4.08158,-2.8216553,29.953257,-18.413221
143,0.50039786,3.868459,10.756993,-24.8129,23.20732
144,0.49670103,-3.1062865,6.550288,-20.52705,13.919753
145,0.49609175,-3.8680966,5.3021226,-26.250769,14.849959
146,0.5475454,-6.040146,0.30086672,-19.65677,-0.18154418
147,0.53596157,-7.5438414,5.505003,-31.42363,7.804856
148,0.53272986,4.5823565,-3.2899845,9.548993,-1.4158266
149,0.54490715,-7.754466,-1.6410974,-18.477436,5.6543837
150,0.52028775,-2.67581,-1.516813,-4.8283615,-15.656736
151,0.51274663,-2.9992714,-0.6304589,-6.858823,-14.153989
152,0.5543858,-4.683443,0.8992812,-13.967134,-7.6964216
153,0.5422951,4.058842,10.731443,-24.813612,23.31751
154,0.5057045,-3.2214565,-0.89035004,-8.441021,-14.96377
155,0.53278875,-7.0566893,1.0686207,-33.597782,0.48625383
156,0.5045006,-2.3545074,3.0574567,-18.45826,19.428783
157,0.50830424,-0.5986191,2.8273575,-17.86164,19.893143
158,0.5323962,-7.54551,-0.33061835,-17.956188,4.8257775
159,0.5056658,-4.135995,1.0563117,-4.854725,7.2286606
160,0.5419976,-2.8909729,8.612836,-28.844572,16.969631
161,0.5210947,-2.8082302,7.71433,-27.329082,16.892416
162,0.53818953,3.5240617,-2.1700454,30.448755,-18.268421
163,0.5394998,-5.074457,-1.4921399,-7.2992644,3.9434059
164,0.50882596,-0.610264,2.998809,-18.982607,23.032278
165,0.5026745,-2.3362544,5.1365504,-22.761997,18.197493
166,0.54581416,-3.6108558,-0.9437052,-9.096546,-15.309796
167,0.49716946,-5.646858,6.420926,-32.99095,15.879415
168,0.49158067,-1.1230145,3.015417,-18.652496,18.590551
169,0.5074646,-2.668742,-2.4102166,16.11566,-22.059504
170,0.5573971,-5.347576,6.9475737,-29.43336,14.588998
171,0.49224886,-4.0368543,4.745323,-25.61884,15.391486
172,0.5286601,-1.075957,-4.591154,19.245588,-20.301373
173,0.5318549,-4.6045322,6.5288925,-27.738268,15.169846
174,0.5418331,-8.735066,6.492145,-33.634567,11.11007
175,0.534278,-6.7806525,1.9107414,-20.875423,5.009724
176,0.54661465,-4.7266006,-4.3984475,-0.9409484,7.9416375
177,0.4936027,-6.4509907,1.8162978,-27.509398,7.276877
178,0.5065729,-4.466824,-0.234681,-22.24554,-2.2582562
179,0.5364149,-3.6388574,-0.51578206,-9.020502,-14.618491
180,0.5278559,-4.6575446,0.6714359,-19.525383,-2.0906253
181,0.52340585,-4.1996365,-5.744307,0.4428815,8.542012
182,0.55746967,-2.9994564,9.57858,-29.45562,17.5498
183,0.5293693,-3.5904315,-0.9246335,-11.143291,-7.119046
184,0.5380876,-2.761403,-2.0042117,-4.1280646,-16.263083
185,0.52223206,-5.6103697,-1.6467973,-21.793629,-1.9261658
186,0.49491084,0.7254091,-5.8236837,22.16293,-19.846893
187,0.49819678,-5.6685596,4.6607847,-28.384048,-2.3632867
188,0.4904001,-4.1596665,-1.0594704,-10.278374,-15.105011
189,0.5421684,-7.1982064,6.2325344,-31.841576,11.449551
190,0.53433615,-5.1872134,4.931619,-26.207132,11.794624
191,0.4905903,-4.684509,-4.0473123,-1.7051353,8.329858
192,0.486912,-7.2907333,6.7598114,-32.19294,11.469076
193,0.50647056,-1.1924174,-1.8037295,-0.8590803,-15.153131
194,0.5270797,-6.451684,-3.0788634,-14.210422,5.923372
195,0.497585,-5.584858,-1.9484837,-12.676555,1.358747
196,0.5522744,-5.2037706,4.5264564,-29.888262,11.686771
197,0.54198664,-3.393341,-6.716896,2.9215481,12.155189
198,0.54656625,-2.909621,-0.19290769,-6.794988,-10.305842
199,0.51385844,-1.0415294,6.543097,-25.097282,17.696949
200,0.5130487,-1.3920249,7.054592,-25.589863,17.96049
201,0.48917773,-3.0710123,4.8768063,-20.49836,13.321153
202,0.54708725,0.70358807,8.885663,-24.87162,21.861559
203,0.4950405,0.93024343,9.041381,-24.859983,21.905039
204,0.5273215,-3.20142,2.3522797,-26.759636,-6.3651366
205,0.49581409,-4.2140594,4.375161,-26.659925,-5.855199
206,0.49709758,-1.1123711,-4.921135,4.692458,5.025393
207,0.48992613,-5.1735344,-0.9530123,-13.059414,0.88171786
208,0.5309636,-2.5573714,11.677889,-29.651377,19.163326
209,0.5251336,-2.5575771,3.2959719,-23.33472,15.709696
210,0.49906278,0.70630354,7.679125,-20.96669,23.567837
211,0.4987718,-3.6256142,-2.2149875,2.7193842,-1.5345492
212,0.49606967,-4.612598,8.393729,-33.135395,16.625587
213,0.511487,-3.1300995,-1.5683968,-7.4668055,-16.592846
214,0.50583136,-3.3311057,-4.804278,19.54293,-23.692383
215,0.5483461,-6.371299,-0.19453071,-19.625269,3.207464
216,0.5339289,-2.5706398,0.88737196,-7.266163,-8.847786
217,0.53123885,-3.1797433,5.955758,-27.084833,-5.72881
218,0.5184961,-6.161951,-2.4615204,-11.691019,0.5765601
219,0.50361645,-7.2492695,3.1017964,-28.49518,8.391834
220,0.48630822,-3.8809662,-3.527291,2.3966358,5.7817082
221,0.53556275,-5.2731357,-2.733105,-7.3782296,2.7559328
222,0.54354113,4.4264474,0.8708333,16.410295,7.9732733
223,0.36791652,-4.435621,-5.4619627,0.3608569,9.218226
224,0.365542,-1.2162095,-0.9115408,2.8677232,-12.897023
225,0.38061035,-2.7100155,-0.34889317,-2.3553824,-1.6031775
226,0.37843475,0.5657713,-2.337497,11.91935,-13.153963
227,0.38083583,-2.4548545,-2.881098,3.0673285,-4.3801923
228,0.3863365,-0.36024073,10.385458,-26.681835,19.474949
229,0.35383233,-0.7534865,-4.823283,6.263193,7.1159034
230,0.35224116,2.320279,-1.9543518,17.405731,1.897739
231,0.34085003,-1.5067812,-0.7417439,2.8556006,-14.508913
232,0.34410852,-0.65864843,-0.4301827,1.9374207,-18.072392
233,0.38677353,-3.3565228,1.6556741,-16.135868,6.947912
234,0.40484393,-1.0872809,-2.571455,15.702594,-20.552406
235,0.40868598,-3.240306,-1.8462547,-6.2571635,-3.1885018
236,0.40856016,-3.233168,-1.8554394,-6.238502,-3.2146006
237,0.34641466,0.3317912,-7.4776554,6.2013803,10.158671
238,0.4125641,-4.3406577,6.358436,-27.497858,15.497162
239,0.42035797,3.3212047,2.8078656,16.327557,24.91936
240,0.3628653,2.8198442,-1.8810928,20.74397,-7.4537835
241,0.4198767,1.5263721,-2.0787475,20.997168,-7.0616255
242,0.3610975,0.88216835,-3.226878,20.063784,-13.799753
243,0.41781586,4.4962068,-3.7618017,22.828794,-8.059335
244,0.40758255,-5.110698,-2.1422768,-2.6210928,9.173675
245,0.37213457,2.956479,-2.8686733,22.14022,-15.041575
246,0.38551903,3.3128738,-6.9312725,29.420647,-16.135595
247,0.36116537,3.1200714,-0.036128115,17.921509,-7.557213
248,0.367617,2.668485,-4.868049,24.122082,-15.340471
249,0.37856132,0.814477,-1.9091201,16.825296,-8.692631
250,0.42099252,12.06529,11.666248,-26.198305,27.37769
251,0.3484772,1.6526312,-3.9686692,22.413576,-16.383003
252,0.35333383,16.691015,12.807522,37.393066,3.3318925
253,0.35413846,2.013018,-4.18247,22.582844,-16.461578
254,0.34517744,-4.5183616,-1.7381171,-2.6101735,9.754255
255,0.3778371,6.486418,-4.093885,31.242693,-14.86416
256,0.35238126,-2.7091575,0.31802016,-7.0217648,-9.601921
257,0.34817365,-1.3356675,-0.7480424,2.4960063,-13.893381
258,0.35569093,-1.0088749,-0.9232673,3.5767984,-13.32039
259,0.37172684,-0.19155997,-4.6353245,8.597883,3.4911761
260,0.42049542,-3.1702173,-0.9425037,-5.5403447,-17.73973
261,0.4096191,-2.6064517,-1.6264269,-2.2160397,-1.6093931
262,0.38120863,-0.696569,-0.9486977,2.0109546,-18.674847
263,0.41343206,-1.6374819,0.92432135,1.1373177,-17.209896
264,0.33933976,-1.0595336,-3.2346356,-1.1493163,-1.6098254
265,0.38894966,-2.5210884,-2.3519301,-1.7116814,-1.4680657
266,0.4175346,-2.246001,-1.4150809,1.7993535,-15.0182495
267,0.40712756,-2.6984518,-1.1001542,-5.6152053,-10.761991
268,0.4120623,-5.740607,-1.1375626,-16.170382,5.9920073
269,0.3576954,0.4049606,-5.6085935,21.503431,-18.792736
270,0.38252446,10.5371275,3.5713413,24.149292,14.933124
271,0.3558587,-1.5373538,-1.9569476,-2.2763634,-15.101757
272,0.39093393,-2.8810308,-2.34297,-2.075202,1.8358108
273,0.36338657,1.8315364,-3.7283673,8.237736,-1.1109409
274,0.34335193,1.309271,-4.297184,20.961367,-17.986107
275,0.37634316,11.895338,-5.5791144,33.879005,-15.102413
276,0.34423384,-4.315097,-1.1401161,-12.419617,-15.787998
277,0.3626693,-2.730727,-3.997076,17.906689,-21.084349
278,0.36114168,0.47508904,-4.354865,17.092728,2.7454886
279,0.4110796,0.0003898746,-4.2161636,13.586711,1.0280827
280,0.41765997,2.2045949,-7.7582135,8.685146,11.41158
281,0.36056343,2.5274885,-6.8618336,9.286552,5.8802066
282,0.37848023,0.61425656,-4.6212645,18.61486,-22.031813
283,0.35531643,5.631411,-5.24958,30.903746,-13.963439
284,0.37348235,3.3977222,-5.5707645,29.699362,-14.485267
285,0.41410828,-2.474786,3.4163475,-20.252844,11.298486
286,0.39905748,0.15463924,-3.5473018,16.855782,-11.330228
287,0.36142427,10.758923,-5.437983,14.365542,18.597614
288,0.3976656,-6.71935,0.5814753,-17.465681,-0.69939405
289,0.39234382,0.63486266,-0.8431239,-1.7464433,-7.5735703
290,0.36235672,2.8561404,-4.9684553,10.934822,14.472995
291,0.40416718,-0.1509392,-7.064843,7.211575,9.719142
292,0.4070536,1.498282,-4.3953166,8.344456,-0.942795
293,0.37757844,-1.8058019,-1.2442317,3.1557205,-5.6684113
294,0.35281825,-7.3700714,1.7090421,-17.546732,0.54274267
295,0.37272152,-6.2433376,-3.0074778,-2.6440396,8.204545
296,0.41178405,-1.463447,-4.4056864,17.222168,-21.86308
297,0.3622527,-2.4859211,1.7893398,-14.302252,14.035763
298,0.35600883,2.074808,-1.5016143,23.183432,-12.603108
299,0.42068338,-6.5561237,6.1886854,-22.219288,5.777032
300,0.41151106,2.312407,-4.7853847,17.560844,-11.768347
301,0.40205964,-2.7514572,-0.45282623,-13.907299,14.421839
302,0.38662255,5.257357,6.149447,-20.79196,26.621258
303,0.40647602,-1.1951342,3.3807442,-16.020565,17.544506
304,0.36895075,-1.1584786,-0.8675184,3.2990074,-13.601751
305,0.3660228,-1.9647557,-1.1123441,1.6761488,-13.81054
306,0.35746062,-1.6361926,-0.74265516,1.7634758,-12.7771845
307,0.34617567,-1.1126586,-0.6603335,3.3101816,-12.112862
308,0.35084677,-4.86131,-0.94099474,-14.8816595,-12.1984625
309,0.3888761,-2.9406757,-0.27333894,-7.563046,-10.246693
310,0.4062371,-1.693263,-2.0776124,-2.193861,-15.540285
311,0.35282883,-0.78217626,-0.809626,-0.45011368,-13.775913
312,0.4045433,1.5272049,-6.1283646,24.523462,-17.083431
313,0.41417968,-3.3411276,-1.06947,-11.2396145,-16.945791
314,0.40982082,-0.19916618,-5.211735,23.04653,-18.955467
315,0.3859866,-0.92637163,-5.737412,6.749905,13.645511
316,0.39379644,-0.8907191,-4.1092753,6.74447,-0.8745503
317,0.3862016,0.58433396,-5.762993,7.3595448,12.494486
318,0.3550246,-1.2114707,5.188742,-24.114815,16.15025
319,0.38193503,-4.4976754,7.193236,-27.965424,13.702693
320,0.4143601,-1.6660066,-2.72478,17.62126,-20.364925
321,0.41437843,-0.68860453,-3.3028584,4.037219,-4.7565255
322,0.3477097,0.45191503,-6.6040854,8.36209,15.027839
323,0.3899722,-0.23807386,-6.539921,6.406791,11.460192
324,0.41005266,-3.9031389,5.5391703,-26.424194,14.971086
325,0.34613183,-0.84823686,2.6752048,-17.430906,12.927469
326,0.3712736,-1.5980881,-2.4825032,3.259517,-4.977788
327,0.35700712,0.651986,-2.6455054,17.621447,-16.743273
328,0.3455605,1.6526514,-4.822548,21.82521,-19.866129
329,0.3926578,7.5508595,-7.0417304,32.682205,-15.882405
330,0.3493273,0.7917141,-4.3271737,21.175745,-19.512642
331,0.40679225,-3.1612186,-2.2123544,-0.99783987,5.8842716
332,0.42043242,-2.7897384,5.4989514,-20.420805,13.518036
333,0.39807054,-1.384981,-0.7921775,2.3744884,-13.32358
334,0.1707576,1.266521,-0.6767267,8.906633,-7.590548
335,0.1256466,10.612174,2.4380023,35.718594,-1.2151939
336,0.09835389,1.0224147,-0.56914663,-1.0196705,-7.61716
337,0.17062227,4.3335023,0.8529838,27.7813,-0.042336132
338,0.1731925,4.0198946,0.7984454,27.779602,-0.09220829
339,0.18863723,7.101255,0.15877607,29.340925,-4.5931516
340,0.19136941,7.4422383,0.7344497,29.87463,-4.684849
341,0.1741077,11.3287525,-0.7891993,36.164383,-8.46605
342,0.1306438,9.741284,1.7044476,34.29185,-2.6223414
343,0.17480323,1.0929124,0.14245959,3.6744657,-17.93127
344,0.17948999,4.6050954,-2.095963,16.719662,13.213482
345,0.12649632,6.8739524,-0.5389034,33.272808,-3.8520079
346,0.14028266,9.50008,-1.3019474,19.5942,15.823906
347,0.05729091,1.986809,-3.5127606,12.325612,13.421108
348,0.15323706,6.5677915,-0.18666303,29.18768,-5.1609406
349,0.15212993,6.99917,0.30883977,29.736446,-5.369679
350,0.1655762,6.830811,-0.712207,30.712818,-6.154292
351,0.12347407,8.352726,-3.769775,21.776642,11.694727
352,0.17892429,8.704862,-6.445594,24.466768,9.47298
353,0.18291159,9.275361,-4.5258684,23.934305,9.735034
354,0.15486243,0.34445998,-0.6520954,7.1350822,-11.545529
355,0.12024298,3.4864018,2.7240226,16.706175,24.951378
356,0.18704297,0.9493059,-0.5706426,7.8923626,-10.389421
357,0.1028752,5.5693917,-0.3439975,17.664162,14.630205
358,0.14642474,13.987209,3.6832924,37.3662,-0.3511327
359,0.1389888,12.653807,-0.61037683,36.393616,-7.08177
360,0.18970025,9.364461,1.0656589,35.319096,-1.9954635
361,0.15545784,8.932124,1.2313396,31.444702,0.9061443
362,0.19182876,3.2319582,-4.1465683,12.807491,12.482052
363,0.10410633,7.948157,-1.5154846,20.261791,14.610182
364,0.10318068,8.208814,-2.8542473,21.197208,12.1624365
365,0.1227861,4.322621,-2.153077,14.399517,13.6039095
366,0.12676764,11.398875,-0.43554598,20.960123,17.227663
367,0.1359591,8.681321,0.46923867,19.990421,17.00278
368,0.14105248,6.3424754,-0.8268346,19.159683,12.02601
369,0.1145876,1.3501999,0.14584213,9.462665,-7.315223
370,0.18430406,5.832308,-0.12062507,18.378029,13.256309
371,0.11511052,8.345455,1.6607502,32.800766,-1.8769503
372,0.13790865,7.5776186,1.0486805,19.20706,13.746601
373,0.17588319,6.0501256,-0.5051831,18.603527,12.614801
374,0.15827945,7.3282104,-0.6994332,19.184532,13.196251
375,0.1510188,7.1707325,-0.80220383,19.32446,12.664787
376,0.19002679,13.100933,3.9235444,36.94739,-0.3375398
377,0.13368338,3.636085,8.658524,-22.370403,23.737986
378,0.03480182,7.7308216,2.502978,31.623375,-1.2205821
379,0.15521035,4.085716,-3.2350762,9.219316,-1.1493587
380,0.17164187,14.287665,-0.49057937,36.682972,6.3723717
381,0.17499548,8.772574,-0.89227873,32.91314,-5.163368
382,0.13627231,7.232209,-1.7244953,18.75058,16.296888
383,0.11625899,10.816317,2.1969533,33.94189,-1.422749
384,0.13977113,10.077768,-0.6384484,20.889305,16.815567
385,0.13239336,4.6876073,0.39933476,19.73038,5.854732
386,0.11533468,5.341498,-3.792808,12.740963,14.551209
387,0.12468969,8.113658,1.2577813,33.916485,-3.0030484
388,0.18824655,3.6168556,-0.967867,12.967295,-8.535233
389,0.14344878,6.340141,-0.76928383,30.379,-2.922655
390,0.09361268,2.9820452,0.08915232,21.016268,-11.355899
391,0.18846267,0.05096851,-0.59595376,8.01893,-8.8757515
392,0.1867874,-2.3916068,-1.8919089,-3.826863,-15.46675
393,0.13240989,4.69523,-1.3471552,19.743177,6.231803
394,0.14110963,4.375015,-1.2539345,19.73472,6.1964006
395,0.17792629,6.7693167,-0.4689671,32.166992,-4.532012
396,0.18482947,8.174329,2.7625709,31.517397,-0.8953011
397,0.12773821,0.12923808,-2.5492053,8.872391,7.9767437
398,0.11506717,6.4495144,0.41224593,18.619938,14.4322605
399,0.09614911,3.788631,-1.0175785,12.636937,-11.5275545
400,0.13766511,4.6112266,-2.4822893,13.864328,14.36917
401,0.18714294,6.424602,0.099049546,30.29978,-5.5884542
402,0.18942542,3.4631972,-2.4789124,13.782693,9.449184
403,0.19204637,3.259815,-4.5419264,12.7464695,9.04549
404,0.17222416,4.784832,-1.0299646,17.83564,11.156439
405,0.19247393,5.3797994,0.32889542,18.519281,10.99431
406,0.17452358,1.9942997,-2.1069746,10.2225895,1.2465073
407,0.18175957,4.5139003,-1.8977125,29.581907,-10.056591
408,0.17197606,3.1819918,0.50931346,16.63125,15.032753
409,0.18629241,2.134057,0.17376365,11.124073,-9.806228
410,0.16301253,4.0854216,-2.4759905,16.408705,13.029168
411,0.19239445,6.3251863,-2.8303795,28.93209,-8.001738
412,0.15482071,15.139872,-0.038598698,38.359596,-1.4923247
413,0.11797543,-0.824757,-1.2334156,4.812514,-15.06404
414,0.16425775,0.09662713,-0.9335425,6.8072166,-13.041815
415,0.17187645,12.559106,1.6149877,36.11466,1.0442268
416,0.13924064,2.4810462,-4.651965,11.802832,11.836967
417,0.17611855,7.323246,-2.5929847,16.46298,9.249006
418,0.04778632,2.3955076,-3.6433864,12.353384,13.586649
419,0.15124859,5.042063,-0.91263694,28.566898,-6.142519
420,0.1471285,8.6835985,-0.9847562,21.101397,14.768598
421,0.04478932,-0.014313301,-0.6559073,5.9536085,-11.998333
422,0.18514776,-1.3758259,-1.5470201,-1.8446182,-14.686313
423,0.1680365,8.900636,-4.863769,24.076303,9.894252
424,0.16084194,0.8311484,-0.47376123,7.857119,-11.0236635
425,0.1343205,2.8665295,-2.6332164,13.128947,13.647594
426,0.18282439,7.4828243,-2.4517405,21.93962,9.992653
427,0.16526148,10.506125,-2.5516648,34.65278,-11.62351
428,0.1668246,7.7891855,-4.742625,23.48942,9.377929
429,0.15674643,10.800955,-1.254024,36.050556,-6.680135
430,0.19150545,-1.4086512,-1.2970645,-1.1753786,-14.359526
431,0.1925339,0.045395438,-4.5016155,15.691394,-16.05241
432,0.1811685,9.877689,1.0685761,35.939182,-2.084657
433,0.17462981,7.815909,-0.8706728,31.58384,-4.8459353
434,0.19116573,11.098047,-1.4411165,35.346527,-9.226204
435,0.16705245,5.802239,-4.0494523,29.76468,-11.93771
436,0.11393712,0.6759977,-0.8192253,8.330404,-12.573224
437,0.15185189,5.7016344,-3.5763745,15.181505,11.747272
438,0.17868571,-2.2860053,-1.6843579,-3.8801608,-15.160033
439,0.14208859,6.1190233,-2.8582928,14.966578,16.830896
440,0.1807108,7.6605268,-2.7805114,22.015896,10.165586
441,0.14688,8.924545,1.564637,21.160444,15.398212
442,0.11426167,6.451323,1.1064332,18.862759,13.805863
443,0.12223873,4.4881463,-1.3998016,17.593363,11.22647
444,0.16621701,5.812202,0.404638,18.409124,13.241547
445,0.02729641,2.3172822,-2.9759336,11.792157,10.741869
446,0.03365023,7.5398536,2.4672039,32.258778,-1.263695
447,0.6459624,-4.7117887,-1.8093678,-15.033601,-13.280665
448,0.5815322,-2.676534,0.94412106,-12.787832,-7.48213
449,0.5647541,-2.642839,7.0941205,-24.443222,18.657722
450,0.5661498,-3.8643665,-0.6212612,-13.332707,-11.00155
451,0.6144477,-1.7438596,3.8637102,-18.995474,23.019762
452,0.6110912,-0.54734814,13.113188,-30.455666,21.753548
453,0.5986466,-5.9657364,-1.1359602,-14.575005,5.689996
454,0.6207381,-6.07448,-0.53083116,-15.470942,-0.58000135
455,0.6147515,-7.778238,1.5363084,-21.542233,0.34883687
456,0.6298079,-1.7706878,-5.2256627,4.347561,2.5389376
457,0.60490745,-6.0441475,-0.70937395,-19.187696,1.1126949
458,0.56250745,0.13801873,-4.180979,4.7452407,1.8059844
459,0.5589734,-5.226305,3.3822153,-21.5205,1.3820387
460,0.5809366,-6.026073,0.9954332,-22.82998,-7.2893176
461,0.64802206,2.2171752,6.7318835,-15.368224,27.739716
462,0.6101473,-3.4157662,8.436601,-28.71085,16.621498
463,0.5693984,-4.4254575,0.74113125,-8.853862,-9.376243
464,0.6233671,-7.7032747,10.6228895,-33.871265,12.945947
465,0.60308725,3.6212158,7.734882,-22.731766,27.317478
466,0.59067005,-3.5075338,-0.35837984,-12.365322,-9.153292
467,0.62453294,2.687008,3.730046,-15.084164,26.993063
468,0.6218685,0.9127522,6.1685195,-15.637353,27.19556
469,0.631634,-1.527691,8.542413,-21.91667,20.057407
470,0.55797124,-6.1638274,-1.8494056,-3.6907172,8.648261
471,0.59691906,11.583672,14.352125,-26.228346,27.246462
472,0.56878173,-5.495301,5.906288,-27.299845,11.987701
473,0.65311134,-5.607126,-3.3488758,-6.541181,3.913475
474,0.57034504,1.877109,10.619695,-23.332037,25.435917
475,0.5611814,-0.4421993,2.9476027,-14.866985,27.810036
476,0.6041313,3.6352289,13.100005,-25.173498,23.358366
477,0.6011802,-6.318848,0.8340947,-19.74256,-0.31266466
478,0.6160812,6.2177134,-7.565183,32.253494,-16.077883
479,0.6168724,-5.193168,-3.0194027,-6.7482867,3.659929
480,0.6258508,-2.4447365,12.151765,-29.814629,19.603138
481,0.5844865,-4.2168093,6.7043076,-28.12441,13.921134
482,0.59208107,-5.3100643,3.605541,-26.427385,-5.7889714
483,0.64547604,-6.9436903,0.04128904,-28.75715,5.3700047
484,0.60802674,-7.6394315,1.1629591,-28.718353,5.761193
485,0.60247225,-7.2088337,-1.4852818,-17.98265,4.5798707
486,0.64135253,-7.703369,7.6952233,-32.36028,13.971596
487,0.6379828,-5.6787763,1.41625,-18.292421,-1.8080121
488,0.62542176,-6.681191,4.528363,-29.593742,10.019758
489,0.57487255,-3.087554,-1.082729,-6.393302,-11.247101
490,0.5903504,-5.9221253,1.789867,-23.338999,0.048023663
491,0.6034543,-4.3810735,2.511791,-19.14088,-2.6649215
492,0.6086716,-4.7451434,7.112085,-28.551731,15.415536
493,0.5741662,-5.0556006,7.224188,-28.958632,15.311844
494,0.64742565,-6.520594,5.6991816,-29.523094,13.144716
495,0.5830981,-4.430311,2.2974713,-24.874994,-3.7329705
496,0.6058347,-8.239429,7.449948,-33.055653,11.818859
497,0.5771616,-6.2274756,6.8379693,-29.970524,14.34032
498,0.65118915,-6.7654734,5.418241,-29.08311,10.744171
499,0.6259001,-6.8761053,5.496225,-27.784538,11.324007
500,0.60509765,-6.7606754,-2.3361535,-13.695453,4.0253296
501,0.6326397,-5.536303,0.1497099,-32.006477,2.675972
502,0.58703095,-4.888862,1.7059674,-24.827822,-3.8275435
503,0.6089876,-4.76192,6.382628,-29.013784,13.801727
504,0.5917102,-1.515641,6.039581,-21.756496,19.2571
505,0.5652419,-8.389178,1.1934516,-33.597748,1.0444058
506,0.6022834,-5.9337044,1.2153163,-18.257051,-1.8292288
507,0.6203383,-6.988601,2.421066,-27.744663,7.534849
508,0.58225435,5.562761,13.189727,-25.65529,25.725565
509,0.60345757,-6.0371203,-2.6988635,-12.781692,2.4195242
510,0.596265,-3.4657567,-0.5478201,-11.079519,-7.0523868
511,0.6419068,-7.1952043,-0.17617108,-16.79449,0.5855035
512,0.6092222,-3.989458,-6.8169436,1.7025756,14.38563
513,0.6052019,-3.2853577,-1.0942224,-11.12761,-17.23605
514,0.6009659,-4.0693197,-2.2491846,-9.37617,-17.14977
515,0.6455095,-3.9048312,-5.033693,-35.190693,-1.708848
516,0.64320326,-7.6624827,6.1172123,-31.644829,9.983999
517,0.5784067,8.962343,13.676147,-25.909775,25.968971
518,0.5593708,-8.183804,11.1342125,-34.01727,13.079048
519,0.59261304,-5.110116,-5.152675,1.2808653,9.841861
520,0.60596496,-6.2271433,-2.2427366,-9.086841,1.7960263
521,0.6127098,-7.480165,3.3982563,-15.985059,8.606273
522,0.6408171,-5.6565094,2.608965,-31.635643,3.2442155
523,0.60245323,-4.5366597,-1.3441428,-14.133597,-12.718691
524,0.5644414,-6.279444,5.9663653,-31.253899,11.468466
525,0.5663707,-3.5499418,-6.4035373,2.801265,11.3709
526,0.6486767,-6.0170507,2.4454896,-17.633924,-5.027498
527,0.65220016,-3.8765838,-6.9591684,2.4788582,12.372781
528,0.61934566,6.5029783,17.33319,-26.48203,25.396528
529,0.6115276,-3.601196,-0.8649843,-7.782863,-11.162347
530,0.615194,-4.0914793,-1.0244883,-12.864619,-12.171858
531,0.6079729,-6.5852036,0.3826257,-17.24093,-0.95562756
532,0.5720704,-2.9738197,-3.2145166,2.511739,-4.437196
533,0.6510192,-7.2240963,2.5715432,-24.842714,6.6662593
534,0.59987545,-6.743106,0.15929624,-17.188126,-0.28215185
535,0.63212323,-3.5150473,-0.95966953,-7.594987,-15.398746
536,0.56094754,-7.6945105,-2.231608,-3.9637272,10.184233
537,0.57207656,-4.6203375,-3.881685,1.8618163,8.421746
538,0.5700077,-3.2808201,-0.35132632,-8.301326,-14.031193
539,0.6057099,5.8780823,11.446633,-24.994055,25.580662
540,0.5810583,-4.502652,-6.047565,1.241209,14.48063
541,0.58692354,-5.673737,-3.1710818,-11.181758,0.7161619
542,0.5681978,-0.9269832,-4.754545,19.749763,-20.479624
543,0.6114558,1.1731491,-6.0546412,24.318687,-17.323263
544,0.6269596,-5.658178,8.601022,-31.475378,14.520583
545,0.6411017,-10.903727,0.40602192,-27.009825,2.8139267
546,0.602329,-6.2074475,-2.4704685,-11.80905,0.7724096
547,0.6218122,-4.165406,5.476206,-25.238953,12.036986
548,0.5576013,-3.1558175,6.1160226,-20.523361,13.819741
549,0.62233686,-0.7903713,3.086063,-18.355106,19.582066
550,0.5693831,-5.453371,-6.1180463,0.43919614,12.354342
551,0.63874125,-9.834346,-1.2792679,-10.54992,8.872947
552,0.61920446,-6.13407,3.6932557,-27.872684,8.8469095
553,0.5625501,1.3179609,5.8615265,-20.187418,20.884182
554,0.5630864,2.031796,10.339726,-22.883322,21.147646
555,0.59990823,-4.279552,-1.384988,-14.590571,-16.14221
556,0.5723078,11.879536,15.252031,-25.855791,24.474472
557,0.6325394,-4.6006904,13.229412,-31.36996,18.509287
558,0.30779925,4.1430407,2.0436502,27.88952,-2.2218676
559,0.2751239,1.8632122,-1.5061225,17.643076,0.21457916
560,0.26310936,6.0109854,-5.281545,31.181892,-13.149933
561,0.31453112,7.782374,-3.1519575,38.391464,-10.3897085
562,0.28852877,-0.5867823,-1.0098476,5.2757387,-14.041854
563,0.2753461,10.934212,-2.2755277,36.932877,-9.139792
564,0.30231398,3.8312683,-3.5198681,19.18548,1.3886881
565,0.31532347,-0.8220666,-1.0401063,2.0495613,-18.820208
566,0.3242176,1.1233534,-2.206294,16.447725,-9.464861
567,0.3228769,-1.050719,-1.407828,2.0740035,-18.993725
568,0.28293467,0.156316,1.1663232,3.4041736,-17.591564
569,0.3092054,-0.09530485,-7.192781,6.148148,9.875695
570,0.32764176,13.182188,-0.6939971,23.29306,15.793027
571,0.267979,2.0166595,-2.4219842,12.365154,-12.437484
572,0.28952187,6.5678945,-4.6826315,31.374489,-15.138586
573,0.26926774,3.5648258,2.659813,16.565638,24.61037
574,0.27109078,16.931763,5.0799165,37.539288,4.6688385
575,0.33851808,-1.5824454,-1.7152137,19.274366,-14.070795
576,0.31697717,5.6542106,-0.5848193,21.8215,-7.451128
577,0.31295314,3.2302568,-1.0789793,20.839579,-7.7378683
578,0.2823468,7.4349747,2.3573806,28.651894,-3.565392
579,0.33239225,2.4862106,-1.0481908,17.53095,-7.7176695
580,0.32702178,3.6846464,-1.437078,19.58427,-7.6484365
581,0.31157303,2.7619152,-0.31877586,18.639315,-7.7619166
582,0.32237554,0.19903278,-2.1119237,10.215541,5.22785
583,0.31642985,2.3229904,1.173629,3.8400993,-8.685227
584,0.2902222,0.7748753,-5.964839,8.732256,14.0831
585,0.26493815,5.181816,1.9532262,29.674343,-1.4125798
586,0.29008287,11.349798,5.107131,34.717484,0.9898189
587,0.2884078,1.8823525,-2.9371483,17.486605,-16.420584
588,0.29630676,2.053599,-2.5640574,17.492899,-16.428997
589,0.30603737,-0.5395753,-1.4952897,6.2481623,-19.843931
590,0.2925769,-0.8040364,-3.160179,8.061623,8.15246
591,0.32264596,1.4249828,6.489367,-20.831106,24.58477
592,0.3285595,4.683857,-2.0750945,25.411076,-10.034391
593,0.2886599,-1.1757497,-0.73663086,2.9815898,-13.280042
594,0.30616537,1.4249682,1.9691203,16.736454,-6.4847126
595,0.30230084,-2.453466,-2.4266562,-0.94940174,5.8332033
596,0.2856671,5.279222,-2.2306871,27.336733,-10.351214
597,0.29600734,0.16130802,-1.544956,2.7583742,-18.798542
598,0.3318036,8.582711,-0.65258974,39.78999,-7.8450146
599,0.30049017,-0.3816794,-2.1259553,2.722053,-19.10262
600,0.26273268,7.317195,-2.5542288,19.093193,0.99123365
601,0.31358004,5.616424,-3.3470972,17.973043,2.0434866
602,0.32085276,0.5281073,-0.2606245,10.807256,-11.127162
603,0.29238176,1.292828,-1.3943465,11.564824,-12.245701
604,0.308121,3.7181354,-2.1406062,26.912863,-8.536204
605,0.29251224,10.960329,-1.2062267,35.290375,-9.089295
606,0.27017936,9.771516,-2.2478518,34.78459,-9.725849
607,0.2712758,11.367523,2.449158,23.865164,15.112076
608,0.2875984,1.4449515,-5.641728,9.641958,14.438217
609,0.32199755,5.051119,-4.9487834,11.841199,14.950149
610,0.27197412,4.8797174,-3.198097,27.40583,-13.322667
611,0.33509633,0.28116715,-5.694445,22.059256,-18.293604
612,0.2727838,0.7295942,-0.62212414,9.825973,-12.506862
613,0.29906175,0.06865922,-3.206829,13.695623,1.0160209
614,0.29369888,1.7020813,-3.7155292,13.728176,1.0353757
615,0.31126156,-1.2557808,-4.6502876,20.267668,-18.839539
616,0.30849278,5.1372213,-6.3091426,30.42731,-15.390162
617,0.31198597,0.4281623,-1.7690277,-1.6449099,-7.4894257
618,0.3040883,4.2239256,5.9690285,29.383652,3.3989224
619,0.2696879,5.0428085,-6.7749643,23.416655,8.27087
620,0.32541978,-0.9128495,-0.75313777,3.8707767,-12.478697
621,0.28855374,0.64297104,-0.89337796,19.255615,-13.846493
622,0.32979566,1.1331679,-3.8580496,13.522759,-13.878374
623,0.3301199,7.575607,-5.530924,32.390366,-14.212269
624,0.32385314,3.100184,-2.2973528,14.425012,8.224879
625,0.3144132,3.6705453,-2.2228093,14.705563,8.423083
626,0.31443697,8.530357,-3.7759268,17.142767,9.442519
627,0.33618286,8.342671,-1.4402987,21.944378,14.585839
628,0.26980034,3.3026562,-3.8080823,12.865153,17.211782
629,0.26696274,8.0384445,4.787789,32.70585,0.4354378
630,0.29427412,2.8895242,-1.6683497,23.27884,-12.635428
631,0.2728221,0.20825312,-0.6656537,7.6170893,-12.577086
632,0.29023495,1.3148886,-4.8395247,9.600117,6.045998
633,0.31200057,7.4462214,-3.0481117,32.374077,-12.734613
634,0.32279503,-2.2998598,0.09060911,6.1883965,-20.099827
635,0.33144483,-0.9998547,-5.947764,5.519126,11.44707
636,0.32937518,-0.48293507,-4.12683,7.401507,8.070662
637,0.27291283,0.35911897,-0.9870158,9.318685,-14.03138
638,0.33099276,-0.86675173,-1.1639793,4.647915,-14.026479
639,0.2905159,9.975013,-4.645015,33.415436,-13.797444
640,0.32926777,-7.3188457,-2.102931,-4.1394506,9.490866
641,0.3177432,-0.40444967,0.46291196,-14.036746,16.731993
642,0.30451903,-1.6643535,-4.5161157,19.897522,-20.007818
643,0.30809548,-1.7345283,-0.20855436,-4.8432803,-9.882773
644,0.27343404,0.5969118,0.4991429,10.683068,-10.238602
645,0.31677437,4.0167146,-4.353023,26.68615,-14.074488
646,0.28440306,0.18572326,-5.886021,8.223332,15.335933
647,0.2717109,7.2559137,0.2844196,31.301374,-6.9867167
648,0.27574724,4.650452,-3.0311444,25.183321,-7.747024
649,0.30438906,4.0488496,-4.54254,26.682106,-14.208103
650,0.26392096,-0.5701859,-0.8212537,4.699262,-11.836726
651,0.2866617,-0.5309481,-0.71066433,4.458636,-12.796739
652,0.29004934,8.157206,-5.7972674,15.552117,6.8170376
653,0.27622685,-0.1810781,-0.9394224,6.794251,-13.965808
654,0.3271619,12.639233,0.8815323,23.27005,15.409747
655,0.32724014,2.7412794,3.7890253,-13.682676,22.283838
656,0.269423,-0.237279,-0.7800215,6.2286286,-13.987696
657,0.28327572,11.371178,-0.4001654,35.60417,-9.9818535
658,0.27863598,-0.4247749,-0.8402551,5.4724207,-13.537477
659,0.29105595,1.1502689,-2.2207487,17.602318,1.0639095
660,0.33212188,-2.8788419,-4.8825197,1.290369,1.8797336
661,0.3256131,2.8009305,1.2966595,18.741606,9.938513
662,0.30129662,4.373419,-2.2004657,30.11328,-9.748061
663,0.2897168,-3.6314988,-2.1670825,-13.010202,-13.462769
664,0.32435378,0.8038283,-6.477952,7.404443,11.20955
665,0.32742512,1.2537837,-4.3681445,21.392895,-19.763554
666,0.30083084,9.119732,-1.7631384,38.31155,-10.314998
667,0.2812765,10.825566,6.690119,33.5599,1.0742147
668,0.2763873,6.1772327,-3.0017276,28.682875,-7.607998
669,0.4818534,-3.8692415,-0.019297052,-12.580824,-9.708089
670,0.42207423,-2.903406,-1.0825268,-6.379958,-15.920765
671,0.43142614,-3.0418606,-1.0701296,-6.870829,-15.943362
672,0.4805564,-5.2234545,8.706533,-33.203148,16.649483
673,0.44791916,-2.148628,1.4784565,-6.6042004,-8.469577
674,0.46514532,-2.484776,-0.75547653,-5.349599,-14.835754
675,0.46385998,-2.6641152,-0.8686934,-5.658929,-15.2802925
676,0.47225985,-4.85966,-3.1059568,-2.263639,7.032875
677,0.4720765,-4.942589,-2.0817955,-12.584012,0.6294095
678,0.46912506,-5.1081643,0.5313426,-20.34517,0.65877175
679,0.42924953,-2.275881,-0.82099175,-0.69913965,-18.460741
680,0.42155936,-5.821418,-4.2815495,-13.170954,5.0265694
681,0.4329083,-2.4524798,-3.7777169,1.317694,6.199966
682,0.46769062,4.474397,4.9143906,-20.398626,27.04314
683,0.44890985,-3.735212,-3.617356,18.818665,-24.93252
684,0.4696874,6.593649,-0.834634,22.137613,-6.3235416
685,0.4467714,0.3193676,0.20153868,13.571581,-21.265917
686,0.44199684,2.2728076,-4.721673,26.99021,-16.911165
687,0.43132526,-4.3299904,-2.3553576,16.711624,-26.656364
688,0.48213547,-4.819221,2.7201877,-15.976356,8.618968
689,0.45146763,3.2410607,2.7568657,16.489899,25.052
690,0.4743078,-6.084958,4.579363,-26.215084,10.452548
691,0.48247725,7.936968,13.13634,-24.132849,27.85634
692,0.43661958,-1.5490065,-7.357459,4.800602,10.283164
693,0.47601643,-0.20000061,4.781637,-24.531782,16.999794
694,0.48451766,0.5223582,9.030827,-26.130592,19.010458
695,0.43746015,-2.9430346,3.8745637,-17.593401,11.543605
696,0.46982104,1.71381,10.696572,-23.21068,25.553928
697,0.45676255,-6.1961823,3.6281781,-26.990658,9.030384
698,0.4516283,6.029178,5.7047153,-16.703003,26.690788
699,0.45052654,-3.158065,5.1332173,-25.630482,15.979602
700,0.48479593,-1.6447182,-4.4998617,5.6660113,1.15325
701,0.44317082,-4.303034,5.3176007,-20.801495,13.653111
702,0.4338507,-4.4225025,2.2714813,-22.125986,10.638202
703,0.42428547,-5.075412,-2.3768857,-1.7707117,10.1573925
704,0.45052478,-1.1569338,-5.1014323,20.781733,-20.359163
705,0.43717638,-4.99144,-3.3222263,-1.6433691,11.031273
706,0.4609288,-1.4683343,-3.9261127,19.173628,-19.619965
707,0.44716954,-2.6653283,-3.6175354,16.721903,-22.308336
708,0.46231225,-0.78677005,-6.174881,5.2603235,8.871907
709,0.47519147,-1.0476551,-3.1042638,4.7025814,13.319171
710,0.4321119,-3.3105109,11.043797,-30.288746,18.354933
711,0.43646124,-5.006726,-2.8446581,-2.585471,9.8741255
712,0.4732027,-1.3922687,11.20762,-28.157265,20.068468
713,0.4299984,-1.9389117,-0.5452477,-1.193089,-18.862055
714,0.4293725,-2.727549,-2.4007194,-1.6476129,-1.4551638
715,0.46525213,5.4867496,-5.239558,14.693623,7.024946
716,0.4617377,1.8234223,0.74748015,30.286924,-19.708462
717,0.42710444,-2.30682,-2.9297025,3.3222725,-4.0195236
718,0.4614935,-2.1512358,2.6894994,-25.021582,-3.573725
719,0.46777686,-1.951998,-2.3559515,-3.0690784,-12.736786
720,0.4799562,-5.9832425,2.2578185,-28.143517,-2.7228398
721,0.42547226,-1.4688503,-1.2476476,-2.596185,-7.32739
722,0.4236081,-1.0067484,-1.3270833,-2.4259126,-7.3555193
723,0.42510033,-0.4983097,2.7323868,-17.930372,12.194274
724,0.42556235,0.12656513,3.6597388,-15.880778,17.441683
725,0.48170772,-5.476149,-4.923789,0.5648626,10.943114
726,0.48295313,-1.7487856,-5.254336,5.5730877,12.570102
727,0.4659666,-2.2075472,-6.7521844,4.029198,11.297673
728,0.46066785,-2.830368,2.8822832,-21.34772,12.157293
729,0.48350823,-2.9150884,-3.8916214,5.569613,-0.6396256
730,0.4821917,-2.8773737,-6.533387,3.982405,9.812432
731,0.4288377,-0.14976402,-6.008061,19.298325,-21.928555
732,0.46689108,-4.516644,0.26072124,-20.02282,-1.7081565
733,0.47811094,-2.7188325,-1.0704333,-5.713493,-15.955649
734,0.44089055,-2.4448311,3.9131985,-24.608126,15.749006
735,0.44471768,-6.226609,0.35392058,-20.04736,2.7207487
736,0.45255628,-0.29410356,-5.579435,5.3087225,9.261492
737,0.44312757,-1.2083893,-6.4741907,5.154567,9.245316
738,0.4528907,-0.075142585,3.769423,-17.38936,13.170897
739,0.4702343,-3.3537903,7.4772067,-27.28887,16.216858
740,0.44768214,-3.5810335,5.2508287,-25.434994,12.549181
741,0.47709695,-3.547469,-1.3425856,-11.34725,-16.69658
742,0.42891088,-2.0090926,-3.197285,2.7507517,-4.84471
743,0.4634484,-1.4732322,-0.046851404,-4.673743,-9.780801
744,0.43029305,-2.5538468,-0.7386224,-5.599273,-14.361822
745,0.4350151,-4.584427,-5.473634,-0.4183686,10.081535
746,0.42563206,1.3785914,5.979606,-21.382687,17.63062
747,0.42372242,2.4086633,-6.2236996,24.881107,-16.883078
748,0.46070734,4.7378416,-6.4212694,11.990068,17.769875
749,0.48349983,-6.3600755,6.4001083,-31.22961,11.061008
750,0.4274517,-4.8524694,-3.288549,-2.6667051,10.944847
751,0.42611042,0.4978982,2.3917882,-14.567791,15.591077
752,0.46456563,-1.4048476,-4.2466006,17.031366,-21.88159
753,0.46802315,-1.7532318,1.1326989,-18.476662,18.611807
754,0.45425856,-2.018407,-5.9078536,19.61728,-17.835743
755,0.45444748,-2.293335,0.5012902,-7.306584,-8.827467
756,0.43769738,-1.082473,-3.2284365,15.235213,-16.437357
757,0.46759802,-2.9715872,1.2683586,-14.150746,14.206935
758,0.43482688,0.17846358,3.2670891,-13.7003145,22.25534
759,0.44605067,-1.3450352,-0.9238846,2.8355725,-14.026255
760,0.46876937,2.7132986,-6.1139708,18.058676,-11.979197
761,0.47490948,4.83222,0.90387344,21.78675,-6.355006
762,0.4729385,-3.7987816,-3.662746,0.5530959,1.3747772
763,0.44522646,-4.2892966,-1.6556265,-10.120077,-0.51178205
764,0.466836,-3.467429,-3.5288355,2.5424175,-1.7232237
765,0.45669094,-3.619924,-5.552967,1.9991269,11.727087
766,0.44444776,0.7050286,6.647888,-22.595058,19.383835
767,0.45921555,-1.4724748,-0.065907024,6.645648,-4.3303967
768,0.43149012,-2.8928804,3.8118873,-27.459831,-4.4462175
769,0.43030843,-4.100406,-1.0356584,-15.635716,-15.911809
770,0.4642116,-5.032493,4.3924475,-26.38898,14.05079
771,0.43738648,-1.8518249,-5.4633303,4.039504,8.038101
772,0.47695458,-1.8120308,-5.1237683,6.2558484,8.485421
773,0.4320058,-4.587719,2.6968536,-27.830732,-3.3981428
774,0.43193898,-3.8285785,5.183726,-26.171589,14.615438
775,0.44622964,-7.059964,-0.89698935,-34.57735,0.44716072
776,0.43230858,-9.302228,5.4719343,-34.186825,11.293113
777,0.45185176,-4.7289543,-0.68730146,-19.465397,1.8964738
778,0.47362536,-5.3401785,-6.0396442,0.7976601,12.988103
779,0.4510071,-5.131291,-1.3477236,-29.016994,4.7049613
780,0.22442728,-1.4461274,-0.4854928,2.2711723,-12.379999
781,0.24580817,2.6732993,-3.244623,13.190355,11.207535
782,0.20869182,-1.5719707,-1.2400779,-2.8576927,-14.582103
783,0.21188663,3.4026392,-2.6441374,9.784661,-2.109541
784,0.23613864,2.6112072,-2.4371834,13.585871,-13.599438
785,0.23916551,3.8249958,-4.057984,15.773845,12.424925
786,0.21486345,5.5769176,-1.8436157,24.33892,-2.7155008
787,0.24806581,-2.927077,-2.6751914,0.4621375,-4.4935384
788,0.21310276,1.9930142,1.2195789,16.4827,1.5765456
789,0.20557669,6.921088,-1.6500229,33.327133,-7.125466
790,0.20658869,4.5642304,-0.20403317,25.48994,-7.2382693
791,0.24978292,5.90548,-1.7599908,29.610415,-8.646164
792,0.19797951,6.565704,-3.1107385,31.11537,-10.416802
793,0.2520685,7.81871,0.15220922,25.92313,-4.830666
794,0.19779082,0.57178336,-0.691588,7.8346915,-11.863624
795,0.23051804,3.8625147,-0.8626001,19.969389,8.900233
796,0.2598814,8.075197,-3.2378795,31.995855,-11.593879
797,0.19685887,3.5546267,2.6905882,16.723515,24.744717
798,0.24793218,2.991284,-3.9843168,11.255825,6.0059648
799,0.19818428,18.386162,3.4617434,38.392982,0.5016896
800,0.20013821,5.474903,-3.1175,21.161236,9.911942
801,0.22769,6.6049814,1.397349,29.523045,-0.12643956
802,0.22610517,2.0196075,-0.12431089,17.346828,-7.473022
803,0.23091449,3.3440251,3.9708009,17.560295,-5.5092344
804,0.24819204,-0.2917414,0.09309428,6.230362,-19.870096
805,0.23859659,1.0190157,-5.2898946,9.00394,13.934436
806,0.22999264,6.4117246,-0.80966574,29.817799,-6.5033145
807,0.24096715,5.5886116,2.3884494,28.908894,-1.740064
808,0.20667304,8.394298,0.07923882,34.15946,-4.8255177
809,0.25620213,10.785403,6.245487,33.843906,1.3339971
810,0.25093135,5.01667,0.15151387,27.364937,-6.2078424
811,0.21015218,7.5978456,-4.5061555,22.464247,8.635114
812,0.22082008,6.6211243,-1.487038,33.32737,-8.08427
813,0.24888515,-0.7612898,-0.23271129,4.068094,-11.424711
814,0.21491805,4.5657816,-3.2270749,28.622704,-11.981555
815,0.2091878,6.223296,-1.6280116,30.754148,-8.447597
816,0.22486359,6.6689487,-1.5337936,30.536816,-8.151494
817,0.22069123,8.860974,-1.661604,34.636623,-7.288556
818,0.25703934,4.361648,-3.9492767,11.250533,15.395549
819,0.19955112,7.2085977,-0.5516984,31.500738,-6.241879
820,0.22428983,1.5491116,-1.6103846,10.476236,-12.656548
821,0.19934878,2.2237668,-1.1660855,21.314579,-11.745831
822,0.23787078,8.32538,3.9806795,32.896133,0.111673795
823,0.19890583,6.327961,-0.34125638,31.074419,-5.4559517
824,0.21376938,1.2486775,-0.045327473,21.281115,-11.817996
825,0.2023318,7.576693,-0.7950428,31.123058,-2.9014556
826,0.20595984,5.3080134,3.47224,27.770596,0.6812941
827,0.25535426,6.139519,-1.9216304,31.257233,-8.855162
828,0.21258475,8.534893,-3.6493769,33.61541,-11.617108
829,0.23321202,6.9276776,0.47492915,30.372524,-4.9749894
830,0.24455589,2.7577045,-2.3220835,22.490976,-12.264495
831,0.23253794,8.444889,-3.4194367,33.6323,-11.633296
832,0.21206143,7.8089356,-1.7060783,34.100784,-7.256566
833,0.24095203,5.2885613,-2.0556736,20.590174,8.650586
834,0.24327247,8.901178,0.24441066,34.21514,-5.5943947
835,0.24024072,2.4968297,-2.7920163,10.165287,1.2369034
836,0.23023906,8.94284,-4.404519,33.396675,-13.117104
837,0.22513454,3.242016,-2.9530914,13.990491,11.093389
838,0.20684978,0.036073264,-0.56835574,6.5722575,-12.374939
839,0.24996187,3.5994148,-3.4085846,13.18454,9.437688
840,0.21750075,7.4452605,-0.34354666,32.692978,-2.7456768
841,0.26176557,2.604053,1.0206946,20.399855,-8.712627
842,0.23344068,9.924064,-0.8622012,39.817574,-7.8384542
843,0.24268578,-1.5944324,-0.7703933,6.2488747,-19.972654
844,0.2138682,1.9802108,0.13220493,11.042889,-10.030447
845,0.22572097,5.7089605,-1.6034229,27.693373,-9.662744
846,0.25309426,3.5670245,-3.2660377,13.629997,11.607831
847,0.20857008,6.832526,0.04878411,29.82112,-6.0768294
848,0.2372097,10.348881,2.7687867,34.578617,0.30174997
849,0.24750562,7.657453,-6.470708,32.74225,-14.93652
850,0.21396452,6.3722734,0.52175933,24.858788,-2.7889953
851,0.2614879,22.878035,9.054398,38.443455,2.8116827
852,0.24511398,7.677353,-3.7129743,31.896927,-12.442522
853,0.21197344,0.24204306,3.4710035,-17.367466,13.1322
854,0.26249856,18.636274,9.12622,37.832752,2.789271
855,0.22495688,-0.668474,-0.82587415,4.959355,-12.714866
856,0.26149276,-1.1727601,-3.3356638,5.1753807,14.656311
857,0.23023587,5.850238,-4.6887164,30.285572,-12.452673
858,0.20941167,5.550622,-5.091976,12.13494,16.273949
859,0.2557477,2.517441,-5.6620617,18.157782,-12.014342
860,0.20119111,15.462933,1.5795249,37.70612,1.2764007
861,0.20705992,14.496406,3.277508,36.77035,1.5320017
862,0.2529867,19.006607,5.554781,38.768208,1.381408
863,0.24878223,-4.8787093,0.6806565,-13.869329,-8.448043
864,0.23871689,4.150778,0.42943418,11.167154,-5.0234756
865,0.24789633,-0.27828026,-0.81797,6.12285,-13.512413
866,0.21815766,-0.10539192,-0.94207263,6.1322846,-12.931591
867,0.2111066,5.404758,-2.5349858,30.443129,-9.143173
868,0.22716928,-0.33409253,-1.1903937,7.7589583,-15.133971
869,0.23401706,7.6664414,1.4841998,29.864655,-3.7359135
870,0.20414947,-0.044580743,-0.8805574,6.968539,-13.430982
871,0.24601929,10.59867,-2.9689891,23.008877,10.553538
872,0.24566437,7.4378247,0.48823863,17.653862,7.81338
873,0.24216285,10.438084,2.122363,35.20373,-5.2540603
874,0.24654897,5.1359067,-2.7073467,10.3609295,-2.2341068
875,0.23215659,7.978407,0.59262496,32.080574,-5.470422
876,0.233225,7.008926,1.0229993,32.10409,-2.0689042
877,0.26115048,6.2672873,-3.3534122,28.234983,-12.976972
878,0.21773134,3.142067,-2.2589383,14.222925,10.57478
879,0.22334808,9.055481,-1.5054768,34.809006,-7.007275
880,0.23921052,3.5346532,0.7591758,27.450142,-4.766495
881,0.20886788,16.696508,3.3649485,37.39434,1.7473474
882,0.21947734,6.7337766,0.84861696,31.013708,-4.317606
883,0.26161563,-0.37883186,-0.82863593,5.2198606,-11.968281
884,0.21331844,-0.13426186,-1.0300628,8.115192,-14.605075
885,0.25265917,-1.0066601,2.5678072,-19.60768,10.847282
886,0.24146906,0.07832414,-0.6559283,6.9659185,-11.960313
887,0.23168437,3.6980102,-3.8199477,13.165768,8.85402
888,0.20496038,3.682957,-4.2975063,12.485971,15.551681
889,0.25402743,0.9297253,-0.5848021,2.6920538,-9.204647
890,0.22547728,0.11069775,-1.3119761,-13.960152,16.939531
891,0.7167381,-7.019699,-2.4601169,-6.0333056,5.1714664
892,0.8677361,-6.293947,0.90626353,-31.890347,2.836992
893,0.81038547,-7.5865674,-5.236572,-36.01983,-0.020149287
894,0.75697225,-7.872741,-4.8089404,-36.086403,0.15983701
895,1.0407925,-4.9861875,-1.715979,-11.5832205,-0.7103475
896,0.68089175,-6.4110713,2.061797,-28.332306,6.815182
897,0.69589436,-8.296964,2.1383874,-16.481983,2.724696
898,0.7624384,-10.5055275,2.0909524,-34.046795,8.882429
899,0.7148597,-5.2691827,0.4077135,-17.744392,-8.961028
900,0.71952647,2.6423976,16.049202,-28.161112,24.238312
901,0.7766785,-6.792607,4.2132683,-17.304522,2.5492065
902,0.6885275,-7.543123,-4.251035,-8.298177,9.304192
903,0.6873452,-4.155187,-0.4329908,-10.409158,-13.969664
904,0.7245219,-4.5572605,-0.7954938,-11.084472,-13.845594
905,0.7718798,-4.738117,-0.7574904,-11.250972,-14.448647
906,0.8102551,-9.809075,1.41886,-26.926186,3.01218
907,0.6816154,-5.0659056,0.34587875,-19.689642,-4.369364
908,1.206747,-4.7297807,-1.3004304,-13.055223,-15.5928
909,0.6890052,-5.2474756,-1.1035547,-14.896495,-11.387858
910,0.73651916,-4.675243,-0.7836137,-14.315434,-11.150647
911,0.6747303,-4.637486,-0.7131114,-14.226068,-11.0600395
912,0.5842246,-5.690483,8.465918,-30.777426,14.715931
913,0.6464258,-7.9215302,3.5750935,-29.772629,7.8980994
914,0.6146407,-4.12563,0.5642422,-12.961948,-8.406741
915,0.5782147,-5.585599,9.77361,-32.998898,16.927853
916,0.623502,-5.2201967,-1.5243046,-11.654272,-0.48132166
917,0.62031424,-8.699373,-4.5247655,-18.211956,6.3727894
918,0.653518,-5.9969416,5.208431,-29.169857,12.235837
919,0.6333041,-4.089953,-0.73295754,-12.980798,-11.6832075
920,0.5932849,-3.3266015,-0.44128585,-7.2795744,-10.909439
921,0.5774232,-3.460095,0.011014334,-7.9508553,-10.37883
922,0.59334874,-6.422319,-0.56069225,-16.946087,-3.4143124
923,0.5916595,-7.2421603,1.8462961,-16.321873,2.9354584
924,0.5610741,-6.636302,1.9862181,-18.263887,0.13462251
925,0.59151864,-4.1361265,-0.6753228,-10.054984,-14.039777
926,0.6051557,-1.0049983,-7.0329776,22.63519,-21.269838
927,0.57350373,-3.2879481,8.384109,-29.856592,16.470074
928,0.58593553,-3.8133419,-0.9788152,-9.875415,-14.783252
929,0.56438726,-3.786943,-1.2783234,-9.811581,-15.55429
930,0.59119356,-3.0305223,7.699091,-27.312641,17.473684
931,0.6438687,-4.878413,-1.067499,-21.19889,-3.5614448
932,0.6289761,-8.129361,2.812342,-21.144114,3.9907336
933,0.6194123,-6.1155105,0.30850148,-19.66548,0.14422274
934,0.59015477,3.2290103,17.445286,-29.305973,23.975714
935,0.6251705,-6.6599746,-2.5932572,-11.598354,-3.2336042
936,0.26364663,5.3999033,-2.1200075,28.330963,-8.808453
937,0.29151878,5.6975765,-1.7286686,27.810385,-9.115921
938,0.27015045,5.8809376,-2.5327454,23.717804,-2.498004
939,0.304581,-0.17721462,-4.0038104,5.8508673,5.1535277
940,0.33727613,-0.8083862,-4.8835697,6.109998,13.77724
941,0.29971683,0.6269678,-4.3028584,8.662843,7.287338
942,0.31816456,3.4319305,-5.5397563,26.396729,-15.080149
943,0.26412916,-0.06436644,-0.7051254,2.6567822,-9.249591
944,0.30810627,1.1662523,-4.0946436,10.880136,10.001265
945,0.3306684,0.6203556,-4.7102375,22.34517,-17.160084
946,0.26883328,-3.5910864,2.3705444,-20.66636,11.073429
947,0.2917267,1.737073,-4.508622,21.67269,-17.290453
948,0.33139607,5.4470463,-2.1885998,27.340933,-10.143242
949,0.28007388,4.8688393,-1.8914324,25.65523,-7.8559794
950,0.29154912,-2.0790987,-2.420802,4.5340633,13.485136
951,0.5197013,0.803839,7.364296,-23.438187,19.564447
952,0.5551993,-3.8528438,3.290259,-25.346048,-6.116056
953,0.50417364,-11.497639,-0.8464554,-19.848425,6.4659553
954,0.50689244,4.318911,-4.495349,26.600563,-12.1782255
955,0.4914286,-5.3676805,0.12996593,-20.027727,1.7548136
956,0.5070206,-6.675775,-5.3108263,-0.12764038,12.497199
957,0.4928586,2.021732,9.520696,-24.83095,22.27674
958,0.52226895,-8.363795,1.7445704,-20.451876,4.7693214
959,0.48874283,-0.103970334,-1.2583796,-2.0496306,-9.972359
960,0.5210092,0.34932488,6.049279,-20.238829,23.056526
961,0.4933804,-1.8750575,-5.1017413,17.510857,-22.552654
962,0.5271141,-3.0543935,-0.6660007,-2.232041,1.6980395
963,0.50947416,-3.9038062,4.229988,-23.610153,0.06980647
964,0.5117533,-3.6295416,-1.4599446,-12.390734,-12.520595
965,0.5334722,-2.811983,-1.7470952,-11.470554,-11.847368
966,0.49949482,-3.9635732,-0.6837866,-12.660404,-11.140741
967,0.4962973,-4.960507,2.0978365,-22.18422,2.1637187
968,0.55407435,-2.3013732,2.103022,-1.776997,-19.841837
969,0.48746583,0.23634167,-0.8862929,6.350265,-11.151686
970,0.5514069,-8.21292,-0.2499308,-19.768951,4.442892
971,0.53724474,-1.087095,8.215294,-24.414265,19.366343
972,0.51324826,-1.5589793,-5.229794,17.417736,-22.399181
973,0.5446213,-3.440886,1.5555377,-22.548336,-2.3705647
974,0.5125116,-2.5262222,0.45770407,-6.5219383,-9.322281
975,0.36396772,0.13070741,-6.2188463,7.8435335,5.8580775
976,0.38427696,4.566755,-3.6143491,13.940521,12.825079
977,0.41967928,-4.9554687,-5.0709915,1.8750403,9.389602
978,0.37060508,1.854756,-5.4587846,8.901356,3.7843862
979,0.40648174,-2.8342686,-5.3564835,3.3236163,6.8884025
980,0.38542125,0.3230931,1.2051822,-14.478825,17.102924
981,0.4052347,-0.41486117,-5.798434,21.474438,-20.581858
982,0.38060787,1.4915099,0.038731,7.701106,-4.836182
983,0.3566076,3.596776,-2.6269524,9.748469,-2.0157912
984,0.36197847,4.4817467,-4.6656137,27.510025,-14.864383
985,0.40553668,-6.0412354,-2.5093899,-1.1560881,11.978136
986,0.40237916,-3.7970176,-5.612271,-0.2408752,10.269777
987,0.36601257,-0.9847925,-1.6226907,-0.25697884,-14.778543
988,0.34080192,0.075229816,-0.72574574,7.208012,-12.570916
989,0.39953125,-1.6052467,-3.3051412,17.99758,-20.31915
990,0.37515077,-0.11997274,-0.80238444,-1.0941007,-10.913332
991,0.39263678,0.63310754,-4.5949974,7.7276506,-0.8572425
992,0.3926372,-2.3030949,-0.84577906,16.601223,-26.815441
993,0.4010922,-3.3231153,-0.33702016,-7.601081,-13.680371
994,0.37615803,0.67813927,-0.8687128,8.334543,-11.397854
995,0.38950816,-1.5456842,-3.6964278,5.4934387,7.413152
996,0.38410792,-1.6887097,-6.0233517,19.3612,-21.819008
997,0.3980346,7.7404265,-2.1524742,23.33331,4.408931
998,0.3945406,-0.51141876,-1.9790881,6.4557753,-2.484262
999,0.4075874,-2.838179,-0.8486319,-6.1748867,-14.628549
1000,0.17635323,5.8705187,-5.516839,31.070284,-13.595588
1001,0.14019643,3.3248522,-2.1018453,14.897279,14.733017
1002,0.1516601,5.9404707,-1.4357187,16.117897,8.439592
1003,0.15369606,5.448919,-3.7571435,14.901311,12.768193
1004,0.15400898,5.6328354,-1.3992825,16.945435,15.840599
1005,0.11562201,8.491129,-0.4069616,19.341772,15.577262
1006,0.12579647,6.726613,1.3579144,18.484325,15.256732
1007,0.13926943,6.692567,-0.5992885,17.821066,15.717796
1008,0.11348359,6.459969,-1.045366,20.49903,13.781716
1009,0.17834587,1.9453367,-3.2175188,12.008784,9.083441
1010,0.13741662,9.105545,-1.9161013,19.532154,17.975748
1011,0.18150632,5.7131147,-3.362521,15.560772,9.489042
1012,0.18934219,0.133074,-1.6068482,8.634537,-14.650639
1013,0.1151417,4.8222136,-1.6426717,17.287941,12.333659
1014,0.1376695,4.101181,1.1175048,11.217768,-6.164133
1015,0.13893214,2.7131362,0.7807211,10.68401,-6.6199813
1016,0.1700606,0.07638875,-0.59405315,8.595619,-7.6495504
1017,0.12273725,4.0557566,-1.4591013,17.434355,11.046635
1018,0.18542749,4.791776,0.36341298,18.5836,10.584908
1019,0.18541606,12.248715,1.3539556,36.453815,-1.2813098
1020,0.16510803,12.592638,2.609603,36.455074,-0.670406
1021,0.16247378,9.0106735,0.2646685,20.632856,17.050695
1022,0.18938568,5.6405206,-0.57169193,32.494457,-6.6448336
1023,0.11516568,2.8744657,-3.0557854,16.256079,12.268883
1024,0.131914,8.138589,0.66525716,32.13308,-3.5618627
1025,0.1925623,0.4976937,-0.66653055,6.9549217,-10.725033
1026,0.0949008,-0.33046895,-1.2530161,5.7904515,-15.083927
1027,0.15846294,1.8128526,-1.8849146,14.917022,14.668649
1028,0.4273889,-1.9901283,-6.0985246,3.9995437,6.1968246
1029,0.48370793,-7.502628,-1.6712296,-34.32627,0.019449636
1030,0.4303703,-1.4012978,-1.3369019,3.3837767,-15.242211
1031,0.47534102,-2.6792583,9.302922,-28.540102,17.99019
1032,0.4442953,-7.5111284,2.9256527,-23.878733,5.5077367
1033,0.48091182,-4.2666183,3.8479657,-27.761633,-4.146779
1034,0.45628643,-4.5294514,3.0813558,-27.39555,-4.042047
1035,0.48433933,-1.9641633,-5.226347,1.6420063,2.7099643
1036,0.42188072,-1.4875779,-1.1583697,-3.7269804,-10.686664
1037,0.47847453,2.7719824,0.31838447,19.28793,4.9232435
1038,0.44628367,-3.0643985,-2.8707836,-0.24595018,3.9738233
1039,0.44388548,-1.2245497,1.8220558,-6.1899786,-8.130435
1040,0.47796494,-3.1328797,-1.1994623,-8.2349205,-15.8433275
1041,0.4505065,-3.5859573,-0.5613467,-9.072323,-13.936024
1042,0.4622353,-3.7696695,-4.011065,2.239716,4.447142
1043,0.46517628,-3.5347528,-4.732406,2.7724848,6.45155
1044,0.42739552,-2.8591945,-3.2513208,4.928828,6.982591
1045,0.46409023,-4.529189,-1.6873493,-14.230678,-13.471774
1046,0.44632265,-1.7410389,-6.206833,1.6785117,2.7458704
1047,0.4683327,0.33363834,-4.6395726,22.749207,-18.39097
1048,0.43837342,-6.3738966,-0.29614505,-19.831041,3.1286292
1049,0.4758209,-4.6794543,-1.1996905,16.668083,-26.71273
1050,0.43815923,-1.5265833,-3.7665708,4.852208,-6.7510886
1051,0.4622672,-2.7694542,-1.7451367,5.365231,-2.1730213
1052,0.4737762,-3.1353827,-0.93391067,-6.70773,-15.471174
1053,0.464504,-3.1142006,-0.9051527,-7.1608963,-15.037864
1054,0.47268486,-3.0481339,-0.81665266,-6.8938246,-14.817219
1055,0.33109486,-1.4717921,-2.4522681,3.48263,-4.6955976
1056,0.26538303,3.14002,-1.3994858,12.300267,-11.519402
1057,0.31583503,5.5501833,3.9643,27.017817,1.2668623
1058,0.33249852,-0.28784406,-0.8807416,5.4434943,-12.940517
1059,0.28687117,3.0927842,2.2187104,10.98922,-7.430541
1060,0.3278783,0.07568975,-0.9265787,7.6780043,-13.498678
1061,0.30913168,-0.8652961,-0.73741174,4.08035,-13.900299
1062,0.2720282,7.504865,-0.57912654,17.459217,8.061267
1063,0.2738867,3.0160308,-4.6472793,12.551474,9.981701
1064,0.31075197,-0.9111307,-1.6561999,19.259247,-14.065889
1065,0.29846463,-4.880059,-0.20256512,-33.149635,0.033282854
1066,0.24632339,2.4405365,-0.9438965,17.003557,-7.2834673
1067,0.23535374,5.8468637,-1.6945853,15.849085,8.602202
1068,0.23688053,6.5276647,-5.5331216,31.597258,-13.673348
1069,0.19323945,12.520175,-1.7833455,22.892708,15.792139
1070,0.22300756,5.4509454,-2.614183,15.514328,10.362129
1071,0.21611354,7.7133265,-1.2426248,31.707022,-7.495246
1072,0.20708922,14.757203,4.9313,36.834778,0.94441813
1073,0.19662234,13.420329,4.40052,36.55798,0.34559757
1074,0.25078598,15.104095,7.8689156,36.18539,2.476296
1075,0.22699055,9.071276,0.39439663,36.145313,-4.253288
1076,0.2512582,1.8028888,-3.0340028,15.614506,-14.252853
1077,0.22514433,7.582478,-0.4320493,31.739246,-5.972773
1078,0.23117486,3.3686674,-3.5940523,13.158551,15.327515
1079,0.21575794,0.9119704,-0.96075493,9.965196,-12.490562
1080,0.25694326,5.4869485,-2.9637322,28.696814,-11.043741
1081,0.21726756,-2.50678,3.0492406,-20.231703,11.241436
1082,0.25793576,6.884533,1.7628641,27.577536,1.3898072
1083,0.20041856,6.852983,-1.0929836,30.301678,-7.4156528
1084,0.21325548,13.299284,3.6517966,35.883842,1.7715925
1085,0.23363811,5.3533773,2.4445693,26.327715,0.7872507
1086,0.21379685,8.062031,-0.069722466,33.772316,-6.5447745
1087,0.25116614,1.9470254,-4.0416155,15.58006,-14.26884
1088,0.21542744,-0.0046405243,-0.57664144,5.7181473,-11.381192
1089,0.2099207,0.507323,-0.59206104,6.664146,-10.337469
1090,0.19716723,6.3074265,-1.7351642,32.714886,-7.226124
1091,0.2404137,6.0267906,-1.2581007,25.27982,-7.2677293
1092,0.21852848,4.5392184,0.5081954,11.666644,-5.4174857
