Point Index,Nearest Distance,Nearest Point Index,Target Difference
0,0.5130704884798957,92,0.022581359999999995
1,1.010439237377887,116,0.10419053999999994
2,0.1636012028054107,899,0.015271400000000046
3,0.1064012450773032,109,0.10305700000000007
4,0.03201569984007717,935,0.048395999999999995
5,0.11319892464224258,31,0.019109299999999996
6,0.1604656632671297,72,-0.003162500000000068
7,0.7048869622291852,8,-0.00973489999999999
8,0.7048869622291852,7,0.00973489999999999
9,0.8143587744385141,32,0.10254830000000004
10,0.04980889785971887,16,-0.030241930000000083
11,0.20889842512091802,531,0.22353484
12,0.9559129006651204,897,-0.017201360000000054
13,0.2984411537975281,452,0.15991175000000002
14,0.9072827592987972,79,-0.048441500000000026
15,0.9061349898489959,99,0.006523009999999996
16,0.04980889785971887,10,0.030241930000000083
17,0.649637035709171,933,0.04539465999999992
18,0.6404005491167231,943,0.42577054000000003
19,0.6925181895688518,78,0.05151735000000002
20,0.3099313409970818,465,0.05231260999999998
21,1.8476983417917536,932,0.07291369999999997
22,0.5971166323770015,20,0.26093414000000004
23,0.908412053619391,1031,0.20407361000000002
24,0.9296060387309231,318,0.3017425
25,0.3003592505251021,104,0.026560069999999936
26,0.3509601376025489,93,0.004711339999999953
27,0.8637249942545377,552,0.11715154000000005
28,0.8136461494808437,530,0.22634014000000002
29,0.2454167489131297,74,-0.1380439
30,1.2133193780847618,927,0.13387042999999998
31,0.11319892464224258,5,-0.019109299999999996
32,0.8143587744385141,9,-0.10254830000000004
33,0.7650610293923041,5,0.18041614000000006
34,0.814318780786918,208,0.15085506000000004
35,0.20641777652091298,540,0.08289439999999992
36,0.6967854297916974,95,0.19357769999999996
37,0.6477027444814563,115,0.17860524999999994
38,0.08294416086892425,39,0.02010537000000001
39,0.08294416086892425,38,-0.02010537000000001
40,1.0248742601456036,915,0.08317380000000008
41,0.5316074257692421,531,0.1646417
42,0.7273164838528008,534,0.08859745000000008
43,1.0996892613037783,902,0.018723500000000004
44,0.10561805854114176,95,0.0811073000000001
45,0.2330221088035412,901,-0.052991200000000016
46,1.409495088338378,1040,0.31394736
47,1.260135846737311,906,-0.09774740000000004
48,0.05490819123773663,96,-0.011641530000000011
49,0.11675516746696937,71,-0.011754260000000016
50,0.44273262635176347,902,0.45562250000000004
51,0.4974577408222838,549,0.08517731000000006
52,0.8411237165290012,906,0.06504507000000004
53,0.4954277589033545,60,0.08051562000000001
54,0.45428861103047685,84,-0.14153194000000002
55,1.2664605672658593,194,0.13378349999999994
56,0.4516480059805975,58,0.002256600000000053
57,0.5447655783582503,918,0.01554782999999993
58,0.4516480059805975,56,-0.002256600000000053
59,1.2309837864025517,505,0.09822193000000001
60,0.46844699069585377,276,0.36216899999999996
61,0.5901756776969043,89,-0.17888404000000002
62,0.3487890554776644,903,0.02360530000000005
63,0.38405538293324354,86,0.17827249999999994
64,0.5548840018922154,50,0.015457499999999902
65,0.7834073197519906,454,0.07389914000000009
66,0.8866455845096456,72,-0.10962064000000005
67,0.6239134509120648,669,0.18528049999999996
68,0.9204183939519025,487,0.03903030000000007
69,0.6862604231618274,71,-0.0430933
70,0.575355824992674,891,0.04951759999999994
71,0.11675516746696937,49,0.011754260000000016
72,0.1604656632671297,6,0.003162500000000068
73,1.0025529300350955,6,-0.09792144999999997
74,0.2454167489131297,29,0.1380439
75,0.24774557735630592,953,0.19086266000000007
76,0.8302898231153986,62,0.10282384999999994
77,0.2093311084845268,101,-0.06126648000000001
78,0.6925181895688518,19,-0.05151735000000002
79,0.9072827592987972,14,0.048441500000000026
80,0.7525228595422331,64,-0.37050669999999986
81,0.21345697207502806,544,0.03781374000000004
82,1.1699849429270444,100,0.0007825000000000193
83,0.4129260435974699,84,-0.15487270000000009
84,0.4129260435974699,83,0.15487270000000009
85,0.6869169649826686,102,0.17537459999999994
86,0.38405538293324354,63,-0.17827249999999994
87,0.5275999507249788,0,-0.026883739999999934
88,0.9178313382765327,13,0.13463325000000004
89,0.5901756776969043,61,0.17888404000000002
90,0.3510298662920287,557,0.05673980000000001
91,1.2512296853197817,14,0.013789330000000044
92,0.5130704884798957,0,-0.022581359999999995
93,0.3509601376025489,26,-0.004711339999999953
94,0.24042891723135007,892,-0.1853492
95,0.10561805854114176,44,-0.0811073000000001
96,0.05490819123773663,48,0.011641530000000011
97,1.0926397285021494,515,0.09575687
98,0.4587332337873508,163,0.13283830000000008
99,0.4255582921801074,533,0.024543839999999983
100,1.1699849429270444,82,-0.0007825000000000193
101,0.2093311084845268,77,0.06126648000000001
102,0.2719571341112426,511,0.07919390000000004
103,1.2226223682040362,6,-0.04401159999999993
104,0.3003592505251021,25,-0.026560069999999936
105,0.595857533428923,557,0.03679144000000001
106,0.8421298406991659,1041,0.27723575000000006
107,0.6834770870501518,745,0.24970786
108,0.6263414365280303,934,0.07533185999999992
109,0.1064012450773032,3,-0.10305700000000007
110,0.41297672701344795,902,0.23657840000000008
111,0.2182913924207718,484,0.05440860999999997
112,0.5874458039082743,1054,0.020840589999999992
113,0.8261509471918572,211,0.005008499999999971
114,0.8241670317029189,447,-0.11067395000000002
115,0.6477027444814563,37,-0.17860524999999994
116,0.9299016157784556,556,-0.02089350000000001
117,0.5190344521590087,678,0.04714894000000003
118,0.7320065980638436,455,-0.09563049999999995
119,0.2541636478334379,767,0.06901750000000001
120,0.3048359892249604,510,-0.04780250000000008
121,0.6175857118826589,568,0.23199602999999996
122,0.691878078402662,754,0.07068503999999998
123,1.048951294183864,779,0.07214679999999996
124,0.42586315365619626,175,0.005622240000000001
125,0.4680500265594371,476,-0.0727525
126,0.7903312669558247,768,0.07214317999999997
127,0.9151606165826839,699,0.06148350000000008
128,0.7296042278811232,513,-0.06783693999999996
129,0.42622511317143336,573,0.2411316
130,1.0078322597743583,687,0.08247704000000006
131,0.0445922408373926,132,-0.03285283
132,0.0445922408373926,131,0.03285283
133,0.35742810142958836,716,0.047571900000000056
134,0.4284650723476069,133,0.04145179999999993
135,0.7457699959560269,730,0.06103740000000002
136,0.7226520660429351,698,0.040362830000000016
137,0.19798516896474955,140,0.0007335500000000827
138,0.5572099380314387,699,0.05811736000000006
139,0.5648210941008227,134,-0.036796749999999934
140,0.19798516896474955,137,-0.0007335500000000827
141,0.39211894178807677,694,0.033759089999999936
142,0.7008181117651009,685,0.058613300000000035
143,0.2582543542476876,153,-0.04189724000000006
144,0.4640533403202803,548,-0.06090026999999998
145,0.2443770935751757,774,0.06415277000000003
146,0.3693723003285444,477,-0.053634800000000094
147,0.5331873392300746,482,-0.05611949999999999
148,1.2643477408460426,292,0.12567625999999998
149,0.5642243518068155,917,-0.07540709000000001
150,1.012887744479123,741,0.04319080000000003
151,0.9864611339952992,535,-0.11937660000000005
152,0.7257251029976852,448,-0.027146400000000015
153,0.2582543542476876,143,0.04189724000000006
154,0.07892917819159108,538,-0.0643032
155,0.8394990985291467,84,-0.37947255
156,1.9502429976330231,190,-0.029835550000000044
157,1.1126665004236445,1042,0.04606893999999995
158,1.083263083215877,35,-0.13155649999999997
159,0.8185110163133373,705,0.06848942000000008
160,0.6566048621507458,503,-0.06699
161,0.8649049063532923,187,0.022897920000000016
162,2.1391202799620683,628,0.26838919
163,0.4587332337873508,98,-0.13283830000000008
164,0.5600275013035432,451,-0.10562174000000002
165,0.7164162331249899,449,-0.06207960000000001
166,0.17185019039849625,179,0.00939926000000002
167,0.7921176063769575,702,0.06331876000000003
168,0.9414151966226176,554,-0.07150572999999999
169,0.5874804523394803,961,0.014084200000000047
170,1.0225292733491806,182,-7.257000000004954e-05
171,0.3515386049995076,734,0.05135831000000002
172,0.7857140157850054,214,0.022828740000000014
173,0.8804806450342901,182,-0.02561477000000001
174,0.33413928175687446,498,-0.10935605000000004
175,0.31543241616073453,958,0.012009050000000077
176,0.6172784023445183,765,0.08992370999999999
177,0.7185832602294605,896,-0.18728905
178,0.4586971122385672,973,-0.03804839999999998
179,0.17185019039849625,166,-0.00939926000000002
180,0.11868009713511332,924,-0.033218199999999976
181,0.8455400995491817,107,-0.16131711000000004
182,0.8804806450342901,173,0.02561477000000001
183,0.4417480257662845,510,-0.0668957
184,0.47588127652703605,438,0.35940189
185,0.8680862362657288,178,0.015659160000000005
186,1.1710046964662457,328,0.14935034000000003
187,0.8649049063532923,161,-0.022897920000000016
188,0.824683297916386,1053,0.025896100000000033
189,0.8579027883724647,770,0.07795679999999999
190,0.36568701728561387,740,0.08665401
191,0.9733071752033324,331,0.08379804999999996
192,0.584589638721044,749,0.003412169999999992
193,1.0176011122034234,128,-0.03089439999999999
194,1.2511629195190732,743,0.06363130000000006
195,0.6639795123480843,1038,0.05130132999999998
196,0.6420869387148828,524,-0.012166999999999928
197,0.7455242942932445,527,-0.11021352000000006
198,0.17717422457075993,921,-0.030856949999999994
199,0.327659555821282,200,0.0008097400000000032
200,0.327659555821282,199,-0.0008097400000000032
201,0.566802056676835,332,0.06874531
202,0.10976269742931835,957,0.054228650000000045
203,0.03185819197380783,957,0.0021819000000000144
204,0.5757130927970983,482,-0.06475956999999999
205,0.6638057854169407,204,-0.03150741000000001
206,0.7970265450638133,715,0.03184545
207,0.3226593227015922,677,0.017849630000000005
208,0.814318780786918,34,-0.15085506000000004
209,0.5183935845900599,483,-0.12034244000000005
210,1.3271613039040318,914,-0.11557792000000006
211,0.6161977791724021,764,0.031935800000000014
212,0.24251335291105064,915,-0.08214502999999995
213,0.45033520700584345,929,-0.05290025999999992
214,0.7857140157850054,172,-0.022828740000000014
215,0.06611642328498973,735,0.10362841999999994
216,0.05221539912707744,755,0.07948142000000002
217,0.8009414532373811,482,-0.06084221999999995
218,0.2798244706275704,546,-0.08383289999999999
219,0.7134385316768712,591,0.18097048999999998
220,0.7178933818599321,221,-0.04925452999999996
221,0.7178933818599321,220,0.04925452999999996
222,0.9962758705067581,270,0.16101667000000003
223,0.4210377888773892,737,-0.07521105
224,0.5466205819395149,333,-0.032528539999999995
225,0.3723593454728902,261,-0.029008750000000028
226,2.5248003216749653,279,-0.03264485
227,0.2528886448894068,717,-0.04626860999999999
228,0.7971179441776495,863,0.13755427000000003
229,1.5544365673786755,263,-0.05959973000000002
230,0.9447787174463453,287,-0.009183109999999994
231,0.5975024053123138,994,-0.03530799999999995
232,0.26560909886462114,343,0.16930528999999997
233,0.8759898052070921,682,-0.08091709000000002
234,0.49792049474947364,236,-0.003716229999999987
235,0.07533197057531371,236,0.0001258199999999987
236,0.07533197057531371,235,-0.0001258199999999987
237,0.5543152574023185,569,0.037209259999999966
238,0.6213424764169935,739,-0.057670200000000005
239,0.4299438007975585,689,-0.031109659999999983
240,1.0163351588007565,243,-0.05495055999999998
241,0.5548429161523916,576,0.10289953000000002
242,0.29678154181183325,621,0.07254376000000001
243,0.3079530722401706,686,-0.02418098000000002
244,0.23270446919477428,295,0.034861030000000015
245,0.2107350327622111,248,0.004517569999999971
246,0.797857420267556,926,-0.21963666999999998
247,0.4889652197089275,580,0.03414359
248,0.2107350327622111,245,-0.004517569999999971
249,0.3049422717782001,581,0.06698829
250,0.2581171316956892,471,-0.17592653999999996
251,0.2550370014350863,253,-0.005661260000000001
252,0.650198077316446,1047,-0.11499886999999998
253,0.2550370014350863,251,0.005661260000000001
254,0.7592713998141176,331,-0.06161481000000002
255,0.4845435500850259,572,0.08831522999999997
256,0.18845537140660082,673,-0.09553790000000001
257,0.7998741664942587,258,-0.007517280000000015
258,0.5592173257975952,651,0.06902923
259,0.9549326868316373,632,0.08149189000000001
260,1.1165342135415333,762,-0.052443079999999975
261,0.3723593454728902,225,0.029008750000000028
262,0.9537396526977363,567,0.05833172999999997
263,1.5544365673786755,229,0.05959973000000002
264,1.6196209453653796,963,-0.17013440000000002
265,0.5546289643085712,714,-0.040422840000000015
266,1.166686246620482,653,0.14130774999999995
267,1.3033365961657803,1039,-0.03675792
268,0.8096781514726702,463,-0.15733609999999998
269,0.5987962536364089,274,0.01434346999999997
270,0.29300510773704985,607,0.11124866
271,1.4872853100725638,193,-0.15061186000000004
272,1.4180028030952552,706,-0.06999487000000004
273,0.547905236389368,316,-0.030409870000000006
274,0.5987962536364089,269,-0.01434346999999997
275,1.1573482048380084,601,0.06276312
276,0.46844699069585377,60,-0.36216899999999996
277,1.0902937064410674,320,-0.05169080000000004
278,0.3782922350941926,287,-0.0002825899999999715
279,0.4384873299800113,614,0.11738072
280,1.6638603502680893,981,0.012425269999999988
281,1.263315862234382,317,-0.02563816999999996
282,0.25798434965573,300,-0.03303083000000001
283,0.4198164213379473,284,-0.018165920000000002
284,0.4198164213379473,283,0.018165920000000002
285,0.5938623612326684,1081,0.19684072
286,0.4160353617049878,282,0.020577250000000047
287,0.3782922350941926,278,0.0002825899999999715
288,0.12022478474091744,294,0.04484735000000001
289,0.32727584447373836,722,-0.03126427999999998
290,1.1524456232642826,976,-0.02192023999999998
291,0.6710941984766368,745,-0.030847919999999973
292,1.2643477408460426,148,-0.12567625999999998
293,3.202344494411086,996,-0.006529479999999976
294,0.12022478474091744,288,-0.04484735000000001
295,0.23270446919477428,244,-0.034861030000000015
296,0.17283270873882617,752,-0.052781579999999995
297,0.1893319135513075,757,-0.10534532000000002
298,0.07202728015057909,630,0.061734710000000026
299,0.9342641614367071,954,-0.08620906
300,0.25798434965573,282,0.03303083000000001
301,1.486720672432078,298,0.04605081
302,1.143848490365594,696,-0.08319849000000001
303,1.0154251252874344,768,-0.025014099999999984
304,0.6116590183271711,651,0.08228904999999997
305,0.7992557779641005,304,-0.0029279500000000125
306,0.5016465484925053,759,-0.08859004999999998
307,0.2304034101593142,638,0.015182909999999994
308,0.068591953828419,523,-0.25160646
309,1.9855901608705657,529,-0.22265149999999995
310,1.0707890597024416,313,-0.007942579999999977
311,1.6609916559487143,782,0.14413700999999998
312,0.6401968956071243,611,0.06944697
313,1.0707890597024416,310,0.007942579999999977
314,1.7533294063245501,397,0.28208261
315,0.5428206104528099,608,0.09838820000000004
316,0.547905236389368,273,0.030409870000000006
317,0.16227706407561124,635,0.054756769999999955
318,0.9296060387309231,24,-0.3017425
319,0.8065743677113707,324,-0.028117630000000005
320,0.03792993055622394,989,0.014828850000000005
321,0.5266812625535511,742,-0.014532449999999975
322,0.44678788000683406,646,0.06330664000000003
323,0.8547862224034086,736,-0.06258407999999999
324,0.5693073734890478,774,-0.02188631999999996
325,0.8184558304404034,738,-0.10675887
326,0.281429599843371,1055,0.04017873999999999
327,0.5447074501161158,704,-0.09351766
328,0.32445271662447195,665,0.01813537999999998
329,0.19541155306685373,478,-0.2234234
330,0.11748386362024377,642,0.04480826999999998
331,0.7592713998141176,254,0.06161481000000002
332,0.45074561668938173,548,-0.13716888
333,0.5466205819395149,224,0.032528539999999995
334,0.07193317250232904,1016,0.0006970000000000032
335,0.6231587217282641,434,-0.06551913000000001
336,1.246773738485857,840,-0.11914686
337,0.32475912701570026,338,-0.0025702300000000067
338,0.32475912701570026,337,0.0025702300000000067
339,0.4904162715347045,348,0.03540016999999998
340,0.526127517791078,349,0.03923947999999999
341,0.7428165970608098,875,-0.05804888999999999
342,0.2144318813283134,387,0.005954109999999999
343,0.26560909886462114,232,-0.16930528999999997
344,0.3043237905541574,410,0.01647746
345,0.9199485013771145,395,-0.05142996999999999
346,1.7532355188867956,357,0.037407460000000003
347,0.09054879878275575,418,0.00950459
348,0.4904162715347045,339,-0.03540016999999998
349,0.526127517791078,340,-0.03923947999999999
350,0.4120908662412216,814,-0.04934184999999999
351,0.7031191288003747,352,-0.05545022000000001
352,0.6093024741784664,423,0.010887790000000008
353,0.5226796214125822,423,0.014875090000000007
354,0.1813941506942548,424,-0.0059795099999999934
355,0.4266640778610271,129,-0.39015636
356,0.6101957945725348,794,-0.010747850000000003
357,0.8229912165223874,1005,-0.012746809999999997
358,0.5283915913657197,799,-0.05175953999999999
359,0.5096310958615053,847,-0.06958128
360,0.4933295274600947,376,-0.00032654000000001404
361,0.7085006203815211,389,0.012009060000000016
362,0.31211773638510154,846,-0.06126550000000003
363,0.6257149996196382,627,-0.23207652999999998
364,0.6870352116922381,384,-0.03659045
365,0.8533990403674002,441,-0.024093900000000015
366,0.5796392551458208,367,-0.009191460000000012
367,0.5796392551458208,366,0.009191460000000012
368,0.6855197355795092,443,0.018813750000000004
369,0.4165126783373596,1015,-0.02434454000000001
370,0.8312872222716357,444,0.018087049999999993
371,0.42778369551912715,446,0.08146028999999999
372,0.7229597076605918,444,-0.028308360000000005
373,0.8580298711933052,1013,0.060741489999999995
374,0.6924293332925757,375,0.00726064999999998
375,0.6924293332925757,374,-0.00726064999999998
376,0.4933295274600947,360,0.00032654000000001404
377,0.6724333490657125,885,-0.11897579
378,0.6122885936264036,869,-0.19921524000000002
379,0.8274684087216202,273,-0.20817622000000002
380,0.8823959025993987,1062,-0.10038633
381,0.4582728252875175,815,-0.03419232
382,1.1509628976057389,800,-0.0638659
383,0.671159139443097,629,-0.15070374999999997
384,0.6870352116922381,364,0.03659045
385,0.929977815080015,393,-1.653000000001459e-05
386,0.8513071995261171,1010,-0.022081939999999994
387,0.2144318813283134,342,-0.005954109999999999
388,0.33320198646804294,788,-0.02485620999999999
389,0.7085006203815211,361,-0.012009060000000016
390,0.9229410013416297,824,-0.1201567
391,1.59928967893906,369,0.07387507
392,0.3042508634170171,438,0.008101689999999995
393,0.19844983048619613,394,-0.008699740000000011
394,0.19844983048619613,393,0.008699740000000011
395,0.9199485013771145,345,0.05142996999999999
396,1.026437751076021,348,0.03159240999999999
397,1.0048156004039346,978,-0.24286686999999998
398,1.7104360775673568,426,-0.06775722
399,0.37620684734465126,571,-0.17182989000000004
400,0.6971971985750445,878,-0.08006622999999999
401,0.5677376456154722,829,-0.046069079999999984
402,0.3013377412555549,887,-0.04225894999999999
403,0.8610288114076082,887,-0.03963800000000001
404,0.3498591443545524,405,-0.02024977
405,0.3498591443545524,404,0.02024977
406,0.012607466557562745,835,-0.06571713999999998
407,0.7045740778158107,880,-0.05745095
408,1.1531853659027922,1006,0.04617958999999999
409,0.48130737018162123,844,-0.027575790000000017
410,0.3043237905541574,344,-0.01647746
411,1.3260603281619596,851,-0.06909345
412,1.2643197677684241,336,0.05646682
413,0.7390744002693423,868,-0.10919385
414,0.6153708183761742,870,-0.03989171999999999
415,1.98884517003235,578,-0.11047035000000002
416,0.9227281104404482,1067,-0.0961131
417,0.7383656018403069,1003,0.022422490000000017
418,0.09054879878275575,347,-0.00950459
419,1.0154488488437026,578,-0.13109821000000002
420,0.5811412994788775,627,-0.18905435999999998
421,0.7343555285746536,855,-0.18016756
422,0.8967217632810142,430,-0.006357689999999999
423,0.5226796214125822,353,-0.014875090000000007
424,0.1813941506942548,354,0.0059795099999999934
425,0.1923028707534023,347,0.07702959000000001
426,0.446414175681059,871,-0.0631949
427,2.0326443311533877,434,-0.025904250000000018
428,0.7890190573123087,353,-0.016086990000000023
429,1.185343377831081,806,-0.07324621
430,0.7155079113943399,782,-0.017186370000000006
431,1.6607544782396348,857,-0.03770197
432,0.7827770988327352,434,-0.009997229999999996
433,1.109901183985313,851,-0.08685809
434,0.6231587217282641,335,0.06551913000000001
435,0.8679394297219122,341,-0.007055250000000013
436,0.27585593326408714,1060,-0.21394118
437,0.3791566522547084,1003,-0.001844170000000006
438,0.3042508634170171,392,-0.008101689999999995
439,0.7129333026924735,1023,0.02692290999999998
440,1.0149494727932817,1063,-0.09317589999999998
441,0.8533990403674002,365,0.024093900000000015
442,0.7808848126951913,444,-0.05195534
443,0.3636971487792565,1017,-0.0004985200000000023
444,0.7229597076605918,372,0.028308360000000005
445,0.7823620849415502,577,-0.28565673
446,0.42778369551912715,371,-0.08146028999999999
447,0.8241670317029189,114,0.11067395000000002
448,0.7257251029976852,152,0.027146400000000015
449,0.7164162331249899,165,0.06207960000000001
450,0.37929478010867734,966,0.06665498000000003
451,0.5600275013035432,164,0.10562174000000002
452,0.2984411537975281,13,-0.15991175000000002
453,0.8040904286854563,968,0.04457224999999998
454,0.7834073197519906,65,-0.07389914000000009
455,0.7320065980638436,118,0.09563049999999995
456,1.6109535978574923,120,0.08134540000000001
457,1.6938255410750425,456,-0.024900449999999963
458,1.4415537703360226,546,-0.03982154999999998
459,1.0667537763364132,123,0.035819500000000004
460,0.7558624264980759,142,0.0755519
461,0.6463469461627868,467,0.02348911999999992
462,1.4879542656297737,219,0.10653084999999995
463,0.8096781514726702,268,0.15733609999999998
464,0.7570287753110825,557,-0.009172300000000022
465,0.3099313409970818,20,-0.05231260999999998
466,0.3830540688780114,914,-0.023970650000000093
467,0.6463469461627868,461,-0.02348911999999992
468,0.7401556221295629,467,-0.00266443999999999
469,0.6754806195628411,504,0.039923800000000065
470,0.4865566901872684,640,0.22870346999999996
471,0.2581171316956892,250,0.17592653999999996
472,0.4539899364457317,503,-0.04020586999999998
473,0.4883328076066568,479,0.03623894000000005
474,1.0413206952432859,900,-0.14918143000000006
475,0.6937260627863133,521,-0.05152839999999992
476,0.4680500265594371,125,0.0727525
477,0.3693723003285444,146,0.053634800000000094
478,0.19541155306685373,329,0.2234234
479,0.4883328076066568,473,-0.03623894000000005
480,1.2730251578307832,100,-0.09513689999999997
481,0.83074643383659,672,0.10393010000000003
482,0.5331873392300746,147,0.05611949999999999
483,0.5183935845900599,209,0.12034244000000005
484,0.2182913924207718,111,-0.05440860999999997
485,1.2460988050094133,75,-0.09256405000000001
486,1.1092677243436357,634,0.31855750000000005
487,0.8387758061204458,506,0.03569939999999994
488,1.5357712385407547,24,-0.03134534
489,1.2460424059727702,142,0.06948785000000002
490,1.338488942278553,474,0.020005360000000083
491,0.1045854666480917,506,0.0011708999999999747
492,1.020356127871541,238,0.1961075
493,0.8641235060626478,160,0.03216859999999999
494,0.49831119268284846,499,0.021525550000000004
495,0.9161461403668086,449,0.018343999999999916
496,0.9717663414098073,484,-0.0021920400000000617
497,1.0386239799451005,492,-0.03150999999999993
498,0.33413928175687446,174,0.10935605000000004
499,0.49831119268284846,494,-0.021525550000000004
500,0.9875070292028302,102,-0.11600305
501,0.29012644420061073,94,-0.04974719999999999
502,0.4936553828056576,927,0.013527220000000062
503,0.4539899364457317,472,0.04020586999999998
504,0.6754806195628411,469,-0.039923800000000065
505,1.2309837864025517,59,-0.09822193000000001
506,0.1045854666480917,491,-0.0011708999999999747
507,0.636761430230349,896,-0.06055345000000001
508,0.26311981890576025,528,-0.03709130999999999
509,1.071045000142383,923,0.011798069999999994
510,0.3048359892249604,120,0.04780250000000008
511,0.2719571341112426,102,-0.07919390000000004
512,1.7807356065950284,589,0.30318483000000007
513,0.6127209387589423,514,0.0042359999999999065
514,0.6127209387589423,513,-0.0042359999999999065
515,0.7121586437799936,542,0.07731169999999998
516,1.2265967019534592,522,0.002386160000000026
517,0.6734763428557908,508,-0.0038476499999999803
518,1.476833075351225,82,-0.16239940000000008
519,0.7750842927645021,197,0.05062640000000007
520,0.7242175702907059,700,0.12116903000000001
521,0.6937260627863133,475,0.05152839999999992
522,0.3387462178029595,94,-0.04156979999999999
523,0.068591953828419,308,0.25160646
524,0.6420869387148828,196,0.012166999999999928
525,0.5221078395817196,527,-0.08582946000000002
526,1.0252376272031583,954,0.14178426
527,0.5221078395817196,525,0.08582946000000002
528,0.26311981890576025,508,0.03709130999999999
529,0.6056677274058776,921,0.034104399999999924
530,0.7509605258816069,964,0.10344070000000005
531,0.20889842512091802,11,-0.22353484
532,1.0955821321370676,763,0.12684394
533,0.4255582921801074,99,-0.024543839999999983
534,0.7273164838528008,42,-0.08859745000000008
535,0.6824929486522188,671,0.20069709000000002
536,0.4586978741982566,750,0.13349584000000003
537,1.1288784696276388,878,0.35434521999999996
538,0.07892917819159108,154,0.0643032
539,0.905466672333532,461,-0.04231215999999993
540,0.20641777652091298,35,-0.08289439999999992
541,0.905488794488369,87,-0.09092522000000003
542,0.7121586437799936,515,-0.07731169999999998
543,1.3189866185572146,172,0.08279570000000003
544,0.21345697207502806,81,-0.03781374000000004
545,0.7639274727476494,906,-0.1691534
546,0.2798244706275704,218,0.08383289999999999
547,1.169620580136691,751,0.19570178000000005
548,0.43984644033013315,701,0.11443047999999995
549,0.4974577408222838,51,-0.08517731000000006
550,0.5922531642807631,977,0.14970382000000004
551,1.3898902124268664,169,0.13127665
552,0.8637249942545377,27,-0.11715154000000005
553,1.097429591533803,539,-0.04315979999999997
554,0.9414151966226176,168,0.07150572999999999
555,0.5061280419221993,955,0.10847963000000005
556,0.9299016157784556,116,0.02089350000000001
557,0.3510298662920287,90,-0.05673980000000001
558,0.5872453736761177,937,0.016280470000000047
559,0.7909242902917394,659,-0.01593205000000003
560,1.4676533974327863,1087,0.011943220000000032
561,0.4625632704884833,666,0.013700280000000009
562,0.5399220791669936,658,0.009892789999999985
563,0.6185881524867732,879,0.05199801999999998
564,0.6647852266070915,850,0.08834945999999999
565,0.4341432765314225,343,0.14052024
566,0.6762869514670602,598,-0.007585999999999982
567,0.3698607275740966,599,0.02238673000000002
568,0.6175857118826589,121,-0.23199602999999996
569,0.5543152574023185,237,-0.037209259999999966
570,1.1417098808020387,858,0.11823009000000001
571,0.37620684734465126,399,0.17182989000000004
572,0.4845435500850259,255,-0.08831522999999997
573,0.39126819234381766,797,0.07240886999999999
574,0.7417555114240801,654,-0.05607112000000003
575,0.6236445289626131,621,0.049964339999999996
576,0.5548429161523916,241,-0.10289953000000002
577,0.371006306848227,793,0.060884640000000045
578,0.878294490474008,948,-0.04904926999999998
579,0.759963971635497,245,-0.03974232
580,0.4889652197089275,247,-0.03414359
581,0.3049422717782001,249,-0.06698829
582,0.8523216660398807,237,-0.02403911999999997
583,1.6643004171291733,298,-0.039578979999999986
584,0.12089458862682598,805,0.05162560999999999
585,1.064742116787443,854,0.0024395899999999915
586,0.8021803178450579,657,0.006807149999999984
587,0.2924910829563884,588,-0.00789896000000001
588,0.2924910829563884,587,0.00789896000000001
589,1.7807356065950284,512,-0.30318483000000007
590,1.0217735061206077,1067,0.05722315999999997
591,0.7134385316768712,219,-0.18097048999999998
592,1.1922704440463838,594,0.022394130000000012
593,0.8482017525435813,651,0.0019982000000000055
594,1.0269765010091516,240,-0.05669993000000001
595,1.9357407151605093,798,0.05436866000000001
596,0.049633827275358276,948,-0.04572896999999998
597,0.39008539732776454,567,-0.026869560000000015
598,0.6110452103734151,842,0.09836291999999996
599,0.3698607275740966,567,-0.02238673000000002
600,0.7913976519861294,601,-0.05084736000000001
601,0.7913976519861294,600,0.05084736000000001
602,0.7100856803233325,637,0.04793993000000002
603,1.2417452738118253,833,0.05142972999999998
604,1.4818259201218604,214,-0.19771035999999997
605,1.0246195014584696,822,0.054641459999999975
606,1.0448003732005464,667,-0.011097140000000005
607,0.29300510773704985,270,-0.11124866
608,0.5428206104528099,315,-0.09838820000000004
609,0.48608533568817947,726,-0.16095558
610,0.45778819829261536,649,-0.03241494
611,0.5497124805168595,615,0.023834770000000005
612,0.20891874545382552,820,0.048493970000000025
613,0.2994907287797074,614,0.0053628700000000196
614,0.2994907287797074,613,-0.0053628700000000196
615,0.5497124805168595,611,-0.023834770000000005
616,1.0079031833187164,269,-0.049202619999999975
617,0.6353366741027927,721,-0.11348628999999999
618,2.5885068050825946,762,-0.1688502
619,0.22766754317699683,818,0.012648559999999975
620,0.7559762448820736,780,0.10099249999999999
621,0.29678154181183325,242,-0.07254376000000001
622,0.4595252531340801,1050,-0.10836357000000002
623,0.16099487335937052,1068,0.09323937000000002
624,0.09679316330113394,625,0.00943993999999998
625,0.09679316330113394,624,-0.00943993999999998
626,0.7339381467296828,364,0.21125628999999999
627,0.5811412994788775,420,0.18905435999999998
628,1.390495877126572,889,0.01577291000000003
629,0.671159139443097,383,0.15070374999999997
630,0.07202728015057909,298,-0.061734710000000026
631,1.323296550484187,886,0.03135304
632,0.11246306811878239,839,0.04027307999999999
633,0.41792333454110925,647,0.04028967
634,0.9810284228993943,209,-0.20233857
635,0.16227706407561124,317,-0.054756769999999955
636,0.6932283341977304,944,0.021268909999999974
637,0.7100856803233325,602,-0.04793993000000002
638,0.2304034101593142,307,-0.015182909999999994
639,0.5664825597183025,1068,0.05363536999999999
640,0.4865566901872684,470,-0.22870346999999996
641,0.1670255808439235,890,0.09226592
642,0.11748386362024377,330,-0.04480826999999998
643,1.6849501958737203,974,-0.20441611999999998
644,0.33583264793557205,844,0.05956583999999998
645,0.4981836163745274,610,0.04480025000000004
646,0.44678788000683406,322,-0.06330664000000003
647,0.41792333454110925,633,-0.04028967
648,0.9557417033330724,747,-0.14797517999999998
649,0.45778819829261536,610,0.03241494
650,0.5607925637069394,780,0.039493679999999975
651,0.5592173257975952,258,-0.06902923
652,1.533735768132826,351,0.16657527
653,0.7470150698383292,307,-0.06994881999999997
654,0.7417555114240801,574,0.05607112000000003
655,0.16482647772809433,758,-0.10758674000000001
656,1.3023135638629637,865,0.021526670000000026
657,0.8021803178450579,586,-0.006807149999999984
658,0.5399220791669936,562,-0.009892789999999985
659,0.7909242902917394,559,0.01593205000000003
660,1.8234802292691465,1050,-0.10603735000000003
661,0.2830517664831825,709,-0.14957837000000002
662,0.7011901438226303,1077,0.07615229000000001
663,0.7149369460080782,993,-0.11137540000000001
664,0.9585521203586167,1028,-0.10303512000000004
665,0.32445271662447195,328,-0.01813537999999998
666,0.4625632704884833,561,-0.013700280000000009
667,1.0448003732005464,606,0.011097140000000005
668,1.1581755513880434,251,-0.07208989999999998
669,0.6239134509120648,67,-0.18528049999999996
670,0.4449294701107129,999,0.014486830000000006
671,0.6824929486522188,535,-0.20069709000000002
672,0.572982608442001,212,-0.015513270000000023
673,0.18845537140660082,256,0.09553790000000001
674,0.43630891491973633,675,0.0012853399999999682
675,0.43630891491973633,674,-0.0012853399999999682
676,2.2164213756671023,260,0.05176442999999997
677,0.3226593227015922,207,-0.017849630000000005
678,0.5190344521590087,117,-0.04714894000000003
679,0.8620738461472367,121,-0.08568116999999997
680,1.1691609219969208,1046,-0.024763289999999993
681,1.137792439305605,297,0.07065560000000004
682,0.5272724295955168,761,-0.007218859999999994
683,0.7352751469762865,1049,-0.026911049999999992
684,0.5153425540349351,761,-0.005222080000000018
685,0.7008181117651009,142,-0.058613300000000035
686,0.3079530722401706,243,0.02418098000000002
687,0.7943993842923661,683,-0.01758459000000001
688,1.1996969092815435,691,-0.00034178000000001374
689,0.4299438007975585,239,0.031109659999999983
690,0.980540683358732,221,-0.061254949999999975
691,0.960708554758459,687,0.051151990000000036
692,0.9911855875974993,727,-0.02934702
693,1.3355332205437647,319,0.09408139999999998
694,0.39211894178807677,141,-0.033759089999999936
695,0.7353333801897257,992,0.04482294999999997
696,1.0743141030448122,474,-0.10052399999999995
697,1.3842080262626724,720,-0.02319365000000001
698,0.7226520660429351,136,-0.040362830000000016
699,0.5572099380314387,138,-0.05811736000000006
700,0.6227895948307183,778,0.01117056999999999
701,0.43984644033013315,548,-0.11443047999999995
702,0.5046087931519324,190,-0.10048545000000003
703,1.1120765975749878,846,0.17119120999999998
704,0.5447074501161158,327,0.09351766
705,0.3188911687237498,950,0.14562725999999998
706,0.9179139159508637,790,0.25434011
707,0.6874488605867346,972,-0.06607872000000004
708,0.9364700063212195,985,0.05677557
709,0.2830517664831825,661,0.14957837000000002
710,0.4771653303049163,1031,-0.04322912000000001
711,0.7958530398806367,331,0.02966898999999995
712,0.5907624585304985,951,-0.04649860000000006
713,0.74040825802525,343,0.25519517
714,0.5406641113778499,225,0.048762150000000004
715,0.7970265450638133,206,-0.03184545
716,0.35742810142958836,133,-0.047571900000000056
717,0.2528886448894068,227,0.04626860999999999
718,1.547171342123067,803,0.23057901
719,1.2972230519212957,998,0.07323626
720,1.118700077063105,773,0.047950400000000004
721,0.6320571962757807,722,0.0018641600000000036
722,0.32727584447373836,289,0.03126427999999998
723,0.8628695717921336,20,-0.23029952999999992
724,0.7325496628495574,504,-0.16614784999999999
725,1.7240310128815437,323,0.09173552000000001
726,0.48608533568817947,609,0.16095558
727,0.9911855875974993,692,0.02934702
728,1.4773472785208632,139,-0.05329680000000003
729,1.315154631913693,316,0.08971178999999996
730,0.6426088975938307,737,0.039064129999999975
731,0.19477472493177986,996,0.04472978
732,0.7959621470848948,534,-0.13298436999999996
733,0.5568922950234568,675,0.01425095999999998
734,0.3515386049995076,171,-0.05135831000000002
735,0.06611642328498973,215,-0.10362841999999994
736,0.8547862224034086,323,0.06258407999999999
737,0.4210377888773892,223,0.07521105
738,0.8184558304404034,325,0.10675887
739,0.6213424764169935,238,0.057670200000000005
740,0.36568701728561387,190,-0.08665401
741,1.012887744479123,150,-0.04319080000000003
742,0.5266812625535511,321,0.014532449999999975
743,1.2511629195190732,194,-0.06363130000000006
744,1.155157678837934,675,-0.033566929999999995
745,0.6710941984766368,291,0.030847919999999973
746,0.8396018063421499,740,-0.022050080000000027
747,0.8736286470034048,312,0.019179119999999994
748,1.1220089008328287,754,0.006448780000000043
749,0.584589638721044,192,-0.003412169999999992
750,0.4586978741982566,536,-0.13349584000000003
751,1.169620580136691,547,-0.19570178000000005
752,0.17283270873882617,296,0.052781579999999995
753,1.2203314467739044,549,-0.15431371
754,0.691878078402662,122,-0.07068503999999998
755,0.05221539912707744,216,-0.07948142000000002
756,0.9103273026708592,1047,-0.030635319999999966
757,0.1893319135513075,297,0.10534532000000002
758,0.16482647772809433,655,0.10758674000000001
759,0.5016465484925053,306,0.08859004999999998
760,1.1626916895204844,959,-0.01997346
761,0.5153425540349351,684,0.005222080000000018
762,1.1165342135415333,260,0.052443079999999975
763,1.0202551398022957,211,-0.05354534
764,0.6161977791724021,211,-0.031935800000000014
765,0.6172784023445183,176,-0.08992370999999999
766,0.8013788222214256,980,0.05902651000000003
767,0.2541636478334379,119,-0.06901750000000001
768,0.7903312669558247,126,-0.07214317999999997
769,1.0505565138963238,989,0.030777180000000015
770,0.8201808986930867,319,0.08227657
771,0.944717197256009,197,-0.10460015999999994
772,0.9581327671759755,159,-0.028711220000000037
773,1.118700077063105,720,-0.047950400000000004
774,0.2443770935751757,145,-0.06415277000000003
775,0.44411591079785734,1029,-0.037478290000000025
776,1.3133787009112226,1032,-0.011986720000000006
777,0.7561261391183347,970,-0.09955514000000004
778,0.3955246902250506,985,0.06808868000000001
779,1.048951294183864,123,-0.07214679999999996
780,0.22474257327440342,813,-0.024457869999999993
781,1.135209155601732,1067,0.010454429999999987
782,0.7155079113943399,430,0.017186370000000006
783,0.1686671199541986,874,-0.034662340000000014
784,0.8509132397606706,787,-0.011927169999999987
785,0.6731737393934789,943,-0.024963649999999976
786,0.6918455884706055,938,-0.055286999999999975
787,0.8509132397606706,784,0.011927169999999987
788,0.33320198646804294,388,0.02485620999999999
789,0.7250631450032493,1086,-0.008220160000000004
790,0.9179139159508637,706,-0.25434011
791,1.3838748116451864,389,0.10633414
792,0.5089192128579948,1071,-0.018134029999999995
793,0.371006306848227,577,-0.060884640000000045
794,0.6101957945725348,356,0.010747850000000003
795,0.4213321087432104,833,-0.010433990000000004
796,1.30524965357446,888,0.05492101999999999
797,0.39126819234381766,573,-0.07240886999999999
798,1.0426518445892858,397,0.12019397000000001
799,0.5283915913657197,358,0.05175953999999999
800,0.9055184990916314,1063,-0.07374848999999997
801,0.42446977071400555,802,0.0015848300000000093
802,0.42446977071400555,801,-0.0015848300000000093
803,1.0662830722187993,1035,-0.25342484
804,0.35368833485684864,946,-0.020641240000000005
805,0.12089458862682598,584,-0.05162560999999999
806,1.0418492909480719,361,0.07453479999999998
807,0.2960193248168121,882,0.021489809999999998
808,1.2896926418495995,831,-0.025864899999999996
809,0.9304393548082519,371,0.14109160999999998
810,1.4869049518815902,654,-0.07623055000000001
811,1.4511380485029663,1010,0.07273556
812,1.8535000744197452,1092,0.0022916000000000047
813,0.22474257327440342,780,0.024457869999999993
814,0.4120908662412216,350,0.04934184999999999
815,0.4582728252875175,381,0.03419232
816,0.211633270073493,876,-0.008361409999999986
817,1.0739087851191098,1090,0.02352399999999999
818,0.22766754317699683,619,-0.012648559999999975
819,0.3727939892018123,1077,-0.025593210000000005
820,0.1597817718671311,1079,0.008531889999999986
821,0.20388247736549084,824,-0.014420600000000006
822,0.6731125318496153,1084,0.024615300000000007
823,0.9691747910449404,657,-0.08436989
824,0.20388247736549084,821,0.014420600000000006
825,0.7991663893864621,360,0.01263155000000002
826,1.0036009160343562,1057,-0.10987519000000001
827,0.5045750214992831,1077,0.030209929999999996
828,0.6280129167501242,815,0.003396949999999982
829,0.5677376456154722,401,0.046069079999999984
830,0.5622237904422407,821,0.045207109999999995
831,0.8398084147613694,862,-0.02044876000000001
832,0.655279328976581,1086,-0.0017354200000000153
833,0.4213321087432104,795,0.010433990000000004
834,1.1658420531315559,340,0.05190306
835,0.012607466557562745,406,0.06571713999999998
836,1.1502235988884955,936,-0.03340757
837,1.0256141965831997,405,0.03266061000000001
838,1.1367428187955972,414,0.04259203
839,0.11246306811878239,632,-0.04027307999999999
840,1.246773738485857,336,0.11914686
841,1.497223969607232,1078,0.030590709999999993
842,0.6110452103734151,598,-0.09836291999999996
843,0.7996382248185986,804,-0.005506260000000013
844,0.33583264793557205,644,-0.05956583999999998
845,0.7376579783571803,596,-0.059946130000000014
846,0.31211773638510154,362,0.06126550000000003
847,0.5096310958615053,359,0.06958128
848,0.897074103942924,586,-0.05287317
849,0.45552546164841146,1000,0.07115239000000001
850,0.6647852266070915,564,-0.08834945999999999
851,1.109901183985313,433,0.08685809
852,1.0031359120697463,435,0.07806153000000002
853,1.1252514690545217,630,-0.08230067999999996
854,1.064742116787443,585,-0.0024395899999999915
855,0.7343555285746536,421,0.18016756
856,1.3939464159522061,206,-0.23560482
857,1.6607544782396348,431,0.03770197
858,1.1417098808020387,570,-0.11823009000000001
859,1.1744616274136377,760,-0.21302167
860,0.5143158209446801,861,-0.005868810000000002
861,0.5143158209446801,860,0.005868810000000002
862,0.209771651490376,877,-0.00816378000000001
863,0.7971179441776495,228,-0.13755427000000003
864,1.1218890932480794,666,-0.06211395
865,1.2451861995140119,866,0.029738669999999995
866,1.0245834305815467,414,0.053899909999999995
867,0.6083350180131022,381,0.03611112
868,0.6729785372959587,870,0.02301981
869,0.6122885936264036,378,0.19921524000000002
870,0.6153708183761742,414,0.03989171999999999
871,0.446414175681059,426,0.0631949
872,1.0159169286194638,659,-0.045391580000000015
873,0.7695745260648909,1022,0.05277717000000001
874,0.1686671199541986,783,0.034662340000000014
875,0.5647377005743435,819,0.03260547
876,0.211633270073493,816,0.008361409999999986
877,0.209771651490376,862,0.00816378000000001
878,0.6971971985750445,400,0.08006622999999999
879,0.6185881524867732,563,-0.05199801999999998
880,0.7045740778158107,407,0.05745095
881,0.5037166960345882,1084,-0.0043875999999999915
882,0.2960193248168121,807,-0.021489809999999998
883,1.08171534735088,1030,-0.16875467
884,1.0005982904078412,421,0.16852912
885,0.6724333490657125,377,0.11897579
886,0.8654443722645885,638,-0.08952369999999998
887,0.3013377412555549,402,0.04225894999999999
888,1.0599462631406418,1078,-0.026214480000000012
889,1.390495877126572,628,-0.01577291000000003
890,0.1670255808439235,641,-0.09226592
891,0.575355824992674,70,-0.04951759999999994
892,0.24042891723135007,94,0.1853492
893,0.47662860106854626,894,0.05341322000000004
894,0.4066272659113748,26,-0.10791034999999993
895,1.4384274083429078,901,0.26411399999999996
896,0.636761430230349,507,0.06055345000000001
897,0.9559129006651204,12,0.017201360000000054
898,0.85775256564029,80,-0.026662400000000086
899,0.1636012028054107,2,-0.015271400000000046
900,1.0413206952432859,474,0.14918143000000006
901,0.2330221088035412,45,0.052991200000000016
902,0.41297672701344795,110,-0.23657840000000008
903,0.3487890554776644,62,-0.02360530000000005
904,0.8933361359589114,905,-0.04735789999999995
905,0.8933361359589114,904,0.04735789999999995
906,0.7639274727476494,545,0.1691534
907,0.20240397358994852,931,0.03774670000000002
908,1.8158756090924826,904,0.48222509999999996
909,0.473320702944802,919,0.05570109999999995
910,0.7081574609082357,909,0.047513959999999966
911,0.9394256365647262,910,-0.061788859999999945
912,0.7413055711315069,544,-0.04273499999999997
913,1.108132466805299,503,0.03743820000000009
914,0.3830540688780114,466,0.023970650000000093
915,0.24251335291105064,212,0.08214502999999995
916,2.114268971068962,458,0.06099454999999998
917,0.5642243518068155,149,0.07540709000000001
918,0.5447655783582503,57,-0.01554782999999993
919,0.473320702944802,909,-0.05570109999999995
920,0.28922321028791836,198,0.04671864999999997
921,0.17717422457075993,198,0.030856949999999994
922,1.220271988657038,38,-0.12205845999999998
923,1.071045000142383,509,-0.011798069999999994
924,0.11868009713511332,180,0.033218199999999976
925,0.9951879491231798,65,-0.10311860000000006
926,0.797857420267556,246,0.21963666999999998
927,0.4936553828056576,502,-0.013527220000000062
928,0.8771267652449107,929,0.021548270000000036
929,0.45033520700584345,213,0.05290025999999992
930,0.42673748140162227,968,0.03711920999999996
931,0.20240397358994852,907,-0.03774670000000002
932,1.5475185075726872,455,0.014224600000000032
933,0.624670398058046,117,0.10313830000000002
934,0.4586528183550173,25,-0.18602829999999992
935,0.03201569984007717,4,-0.048395999999999995
936,0.8766146895329777,1083,0.06322807
937,0.5872453736761177,558,-0.016280470000000047
938,0.6918455884706055,786,0.055286999999999975
939,0.7435829623955901,975,-0.059386720000000004
940,1.4354490493863743,1043,-0.12790015
941,0.6136611822903562,402,0.11029140999999998
942,0.9033637403084094,645,0.0013901899999999578
943,0.6404005491167231,18,-0.42577054000000003
944,0.6932283341977304,636,-0.021268909999999974
945,0.8384973174292204,947,0.03894169999999997
946,0.35368833485684864,804,0.020641240000000005
947,0.6270448639898106,253,-0.06241175999999998
948,0.049633827275358276,596,0.04572896999999998
949,0.9185880385706109,649,-0.024315179999999992
950,0.3188911687237498,705,-0.14562725999999998
951,0.5907624585304985,712,0.04649860000000006
952,1.73702892686564,77,-0.11842456000000001
953,0.24774557735630592,75,-0.19086266000000007
954,0.9342641614367071,299,0.08620906
955,0.5061280419221993,555,-0.10847963000000005
956,0.7402976480219491,550,-0.06236249999999999
957,0.03185819197380783,203,-0.0021819000000000144
958,0.31543241616073453,175,-0.012009050000000077
959,1.1626622252890126,286,0.08968535
960,1.2389370625496896,147,-0.014952370000000048
961,0.19219636034275062,972,-0.019867860000000015
962,0.4366661083299186,1037,0.04863957000000002
963,1.6196209453653796,264,0.17013440000000002
964,0.7509605258816069,530,-0.10344070000000005
965,0.8059655598382454,7,-0.1419264
966,0.37929478010867734,450,-0.06665498000000003
967,0.4252192007564216,1032,0.05200199999999999
968,0.42673748140162227,930,-0.03711920999999996
969,0.5628248885921445,1058,0.15496730999999997
970,0.7561261391183347,777,0.09955514000000004
971,1.46801185854645,492,-0.07142685999999998
972,0.19219636034275062,961,0.019867860000000015
973,0.4586971122385672,178,0.03804839999999998
974,0.6015023677401435,1039,0.06862611999999996
975,0.7435829623955901,939,0.059386720000000004
976,1.1524456232642826,290,0.02192023999999998
977,0.5922531642807631,550,-0.14970382000000004
978,1.0048156004039346,397,0.24286686999999998
979,0.7819870553334063,1043,-0.05869454000000002
980,0.8013788222214256,766,-0.05902651000000003
981,1.6638603502680893,280,-0.012425269999999988
982,0.7914748679806578,119,-0.14762517999999997
983,0.23586852340097286,874,0.11005863000000002
984,0.8766339098449226,936,0.09833184
985,0.3955246902250506,778,-0.06808868000000001
986,0.9837099927570118,1028,-0.025009740000000003
987,1.1567488545223645,307,0.01983689999999999
988,1.1209056264313033,886,0.09933285999999997
989,0.03792993055622394,320,-0.014828850000000005
990,1.1440117832824097,580,0.04812899000000004
991,0.5546692363783023,316,-0.0011596600000000068
992,0.541525810670452,1064,0.08188523000000003
993,0.7149369460080782,663,0.11137540000000001
994,0.5975024053123138,231,0.03530799999999995
995,0.6108626801215199,1044,-0.03788735999999998
996,0.19477472493177986,731,-0.04472978
997,0.5678095369764525,1062,0.12600640000000002
998,0.22429621381111234,1051,-0.06772659999999997
999,0.4449294701107129,670,-0.014486830000000006
1000,0.45552546164841146,849,-0.07115239000000001
1001,0.960112125815002,416,0.0009557900000000119
1002,1.3892751699274695,1070,-0.07134746
1003,0.3791566522547084,437,0.001844170000000006
1004,0.4714453361019191,1005,0.03838696999999999
1005,0.4714453361019191,1004,-0.03838696999999999
1006,0.961183948861201,1027,-0.03266647
1007,1.198613367815493,441,-0.007610570000000011
1008,0.9085510190655243,941,-0.18623324
1009,1.1533779033230214,703,-0.2459396
1010,0.8513071995261171,386,0.022081939999999994
1011,0.8673668690150671,417,0.005387769999999986
1012,1.2449279931068302,884,-0.023976250000000005
1013,0.45201368406830417,1023,-2.3980000000006774e-05
1014,0.18034319708103727,1015,-0.0012626400000000093
1015,0.18034319708103727,1014,0.0012626400000000093
1016,0.07193317250232904,334,-0.0006970000000000032
1017,0.3636971487792565,443,0.0004985200000000023
1018,0.6170385345734084,405,-0.007046439999999987
1019,0.8218579648315159,358,0.038991319999999996
1020,0.8696474723225507,799,-0.03307625
1021,0.6651322787716767,367,0.026514680000000013
1022,0.5746659190112116,1090,-0.007781549999999998
1023,0.45201368406830417,1013,2.3980000000006774e-05
1024,1.0563731356410022,809,-0.12428812999999997
1025,0.7947617649027187,356,0.005519329999999989
1026,0.7619563037965443,413,-0.023074630000000013
1027,0.961183948861201,1006,0.03266647
1028,0.78075093331036,975,0.06342118000000002
1029,0.2811468500382153,1065,0.1852433
1030,1.08171534735088,883,0.16875467
1031,0.4771653303049163,710,0.04322912000000001
1032,0.4252192007564216,967,-0.05200199999999999
1033,0.37765917903051105,1034,0.02462538999999997
1034,0.37765917903051105,1033,-0.02462538999999997
1035,0.04727127073561717,1046,0.038016680000000025
1036,0.7326883929973225,755,-0.03256676000000003
1037,0.4366661083299186,962,-0.04863957000000002
1038,0.4114982000082124,1040,-0.031681269999999984
1039,0.6015023677401435,974,-0.06862611999999996
1040,0.4114982000082124,1038,0.031681269999999984
1041,0.8421298406991659,106,-0.27723575000000006
1042,1.1126665004236445,157,-0.04606893999999995
1043,0.7819870553334063,979,0.05869454000000002
1044,0.6108626801215199,995,0.03788735999999998
1045,0.7409185066161497,909,-0.22491497
1046,0.04727127073561717,1035,-0.038016680000000025
1047,0.650198077316446,252,0.11499886999999998
1048,0.801293848428903,735,-0.0063442599999999905
1049,0.7352751469762865,683,0.026911049999999992
1050,0.4595252531340801,622,0.10836357000000002
1051,0.22429621381111234,998,0.06772659999999997
1052,0.5993624047477463,670,0.051701969999999986
1053,0.7197304436080572,999,0.056916599999999984
1054,0.5874458039082743,112,-0.020840589999999992
1055,0.281429599843371,326,-0.04017873999999999
1056,0.872777646987914,938,-0.004767419999999967
1057,0.697099408065307,1085,0.08219692
1058,0.5628248885921445,969,-0.15496730999999997
1059,1.7742651355490813,864,0.04815428000000002
1060,0.27585593326408714,436,0.21394118
1061,1.1445191569372053,969,-0.17833414999999997
1062,0.5678095369764525,997,-0.12600640000000002
1063,0.9055184990916314,800,0.07374848999999997
1064,0.541525810670452,992,-0.08188523000000003
1065,0.2811468500382153,1029,-0.1852433
1066,1.0126282668412,602,-0.07452937000000001
1067,0.9227281104404482,416,0.0961131
1068,0.16099487335937052,623,-0.09323937000000002
1069,1.5364913826305682,570,-0.13440231
1070,1.3892751699274695,1002,0.07134746
1071,0.5089192128579948,792,0.018134029999999995
1072,0.7358859991581593,1073,0.010466879999999984
1073,0.7358859991581593,1072,-0.010466879999999984
1074,0.7357514358810311,861,0.04372606000000001
1075,1.1284602674343476,845,0.0012695800000000201
1076,1.093654103072472,784,0.015119559999999976
1077,0.3727939892018123,819,0.025593210000000005
1078,1.0599462631406418,888,0.026214480000000012
1079,0.1597817718671311,820,-0.008531889999999986
1080,1.3191304266978308,1075,0.029952709999999994
1081,0.5938623612326684,285,-0.19684072
1082,1.010185821234884,1057,-0.05789927
1083,0.8766146895329777,936,-0.06322807
1084,0.5037166960345882,881,0.0043875999999999915
1085,0.697099408065307,1057,-0.08219692
1086,0.655279328976581,832,0.0017354200000000153
1087,1.4676533974327863,560,-0.011943220000000032
1088,0.8674664086632337,855,-0.00952944
1089,0.9303552446372283,356,0.022877729999999985
1090,0.5746659190112116,1022,0.007781549999999998
1091,1.4979603808368902,633,-0.07158686999999997
1092,1.8535000744197452,812,-0.0022916000000000047
