index,target,PCA_1,PCA_2,tSNE_1,tSNE_20,0.7047325,3.3461285,-0.6926133,32.710438,3.008043
1,0.65560484,2.371874,0.7946547,22.047192,11.368444
2,0.7301311,3.2490609,0.5933857,28.08617,9.959651
3,0.761047,3.891415,-0.881364,35.080673,3.1401782
4,0.6735665,1.0269212,2.2216425,15.716365,11.715344
5,0.7317585,2.7974908,1.2186612,20.661163,11.768795
6,0.8509952,3.990708,-0.4365286,35.365425,5.686038
7,0.6753986,2.9561255,-0.10897944,29.579063,5.0492706
8,0.6851335,3.4302928,0.008271147,30.633015,7.22115
9,0.8324486,4.1210246,0.012109744,36.405125,7.8132567
10,0.6742535,3.4206877,-0.3423715,31.45986,5.1827307
11,0.83150774,4.0538673,0.52598417,38.084732,9.690168
12,0.678693,3.285427,-0.9828645,33.327,1.4664807
13,0.77100295,3.970155,-0.9752365,35.490738,2.930051
14,0.7109414,2.9312227,-0.98485553,33.955837,0.07590369
15,0.68208605,3.2611692,-1.2267985,33.585484,0.6570617
16,0.70449543,3.4117076,-0.32376677,31.211609,5.462074
17,0.66480696,1.1171248,1.5000746,15.405263,10.07541
18,0.6898997,-1.6677988,1.692397,-4.446777,15.099734
19,0.8344395,3.7969182,0.6108355,37.443905,10.565783
20,0.65539986,2.7054589,-1.1431289,19.077232,-21.906412
21,0.7018898,3.215493,-0.15377168,30.937857,7.919507
22,0.916334,2.4607365,-1.0745044,18.651638,-21.259321
23,0.67941463,3.340911,-0.16726767,28.788464,7.254126
24,0.6567671,2.9866073,0.13392498,26.169947,8.256501
25,0.77618307,3.7729013,-1.1497341,35.44451,1.9682431
26,0.8648826,4.102183,-0.12041118,36.548725,7.0389132
27,0.736356,2.39137,0.23275872,22.939062,8.693665
28,0.84153414,3.6904056,0.6843428,36.04334,10.606538
29,0.6546648,3.8448746,-0.44870964,35.320877,5.0721593
30,0.70737416,3.1591237,-0.71457064,32.70953,2.4313362
31,0.7126492,2.2185833,1.6789895,18.305477,11.5893345
32,0.7299003,3.7570496,-0.31878263,35.406815,5.537606
33,0.91217464,3.972249,0.85268563,36.4873,10.457525
34,0.68181866,2.3075058,0.59921384,22.039684,10.44291
35,0.6639527,2.5269675,0.84575,21.590248,10.99754
36,1.0597229,4.469441,0.7309876,39.6173,9.739239
37,0.68314475,2.9245703,0.28338456,25.477215,9.50238
38,0.7154072,2.947705,-0.19115216,29.52563,4.359994
39,0.69530183,3.1461766,-0.13370997,30.029434,4.933318
40,0.6613885,2.0065477,-1.1735877,17.83696,-19.722235
41,0.7726146,3.682663,-0.39694086,32.42125,5.533353
42,0.6884729,3.4327264,-0.27301812,30.824163,6.004302
43,0.707251,3.4273741,0.44418678,37.351116,11.555409
44,0.9472525,3.153329,0.3240457,26.55043,9.747196
45,0.7236873,3.6090646,-0.55391306,32.30303,4.910462
46,0.7919123,0.77238613,-0.21180774,15.003157,-13.66859
47,0.7125077,1.0900124,2.1710343,15.801423,11.678397
48,0.67908347,2.4451036,-1.3911538,17.756235,-21.807564
49,0.81379974,4.2444034,-0.007865834,37.400433,7.793815
50,1.14415,3.354867,0.8252941,37.717224,12.003
51,0.70751417,2.4802554,-1.1649013,17.909441,-21.550493
52,0.87530017,4.0712957,0.37325388,36.567513,9.351258
53,0.78691846,3.3282275,-0.26192656,31.361628,4.062429
54,0.77072936,4.188425,0.2600571,37.85836,8.7528515
55,0.6608632,-1.0488242,0.587715,-4.9819713,4.8210173
56,0.8748907,3.847012,0.81038237,37.18702,10.638758
57,0.66906583,2.2072937,0.29471746,22.06765,8.549685
58,0.8726341,4.0119934,0.66517496,37.41613,10.062037
59,0.66346383,2.4735036,1.1591344,20.823748,11.3992
60,0.70640284,2.7912648,-0.21031319,29.777704,3.793446
61,0.8120579,4.026805,0.028861905,36.07737,8.073318
62,0.7109505,3.0523825,0.37814704,31.420391,9.56936
63,0.9349133,3.046702,0.9668431,36.793705,12.383236
64,1.1596075,2.9701595,0.95973194,37.697964,12.526158
65,0.69463724,3.6632683,-0.59365636,32.82061,4.837316
66,0.74453706,3.8617675,0.6157073,35.560978,10.14637
67,0.6671339,2.5806158,0.3392588,23.7209,9.247303
68,0.6770131,2.9637206,-0.8166644,31.162285,2.0273497
69,0.7824607,3.4267974,-0.8144388,34.83601,1.8747214
70,0.7662557,3.701329,-0.119455464,31.629564,7.2470045
71,0.825554,4.1925054,-0.14174905,36.836502,7.177407
72,0.8541577,4.0973706,0.121661425,36.655834,8.380681
73,0.75307375,3.9017544,-0.6083209,34.615498,4.513524
74,0.7927087,3.791538,-0.43429813,34.83799,5.155573
75,0.6950363,1.8574275,1.7371818,17.37902,11.428425
76,0.81377435,3.9552898,-0.12958384,35.512142,6.9051223
77,0.67362386,3.4080958,0.092524916,29.93897,8.203306
78,0.78292215,3.733514,0.56450546,37.952076,10.788978
79,0.7593829,3.930386,-0.9140034,35.35749,2.9764833
80,0.7891008,3.4472406,0.56383455,38.29382,11.79376
81,0.66477334,3.0695388,-0.17743853,29.415325,6.3995004
82,0.7217702,3.671281,-0.36928883,32.64561,6.153045
83,0.7573886,4.064339,0.25513956,37.42008,9.002273
84,0.9122613,4.1667905,0.23479569,37.392067,8.698774
85,0.8964753,3.6457195,-0.32063958,31.938538,6.0408483
86,0.7566408,3.2816014,0.34824824,32.215076,9.60654
87,0.67784876,3.4626143,-0.5240462,32.225163,4.2626405
88,0.9056362,4.1319556,0.5866665,38.26303,9.838659
89,0.99094194,4.069821,0.56757057,38.320328,9.831062
90,0.6892792,3.243583,-0.10199906,27.79742,7.794679
91,0.72473073,4.1211767,-0.86407465,35.26547,3.8284435
92,0.68215114,3.426642,-0.57785,32.636303,3.6577141
93,0.86017126,4.0637393,-0.07804144,36.207756,7.3037367
94,0.6823869,3.1915345,0.17140159,29.519659,8.599131
95,0.8661452,3.2850816,0.29193643,26.887255,9.766057
96,0.690725,2.614796,-1.4283555,18.06119,-22.2085
97,0.74126637,1.9659734,1.3711069,18.072845,12.427514
98,0.6723381,2.1117258,0.33062884,21.423931,8.19313
99,0.67556304,3.5558045,-0.5811914,32.89983,4.379046
100,0.7209877,3.210887,-0.1892701,29.574732,6.747662
101,0.73489034,3.5609202,0.34079453,28.688309,9.603588
102,0.7211007,2.9325995,-0.06039214,26.92106,6.629109
103,0.8069836,3.612046,0.81694293,36.865223,11.171486
104,0.749623,2.7591107,-1.3201519,18.07462,-22.524517
105,0.66933084,3.6362312,-0.5507023,32.96918,5.558474
106,0.72774225,3.4073024,-1.0137936,34.02595,1.4656047
107,0.68472296,-0.97558093,0.9867194,-2.7035453,4.9065094
108,0.66548663,1.7423558,-1.1592159,14.512495,-19.407375
109,0.65799,2.3899996,-1.1081803,16.925278,-21.616587
110,0.9251059,3.465255,0.7021927,38.075954,11.624367
111,0.66243535,2.570615,-0.026221305,24.744493,6.5657387
112,0.49352545,-1.6591109,2.3512437,-2.3363397,19.550068
113,0.5037803,0.65071875,-0.59561443,7.7577877,-15.916241
114,0.53528845,-0.9714178,2.8129454,3.5027978,19.456295
115,0.5045395,0.92651284,-0.6578342,10.445209,-16.389324
116,0.5514143,-0.7138262,2.644677,5.2592573,17.139687
117,0.516274,-1.591834,2.778919,-0.8577468,21.0743
118,0.519121,-1.4878433,2.6954856,0.056818046,20.75773
119,0.52823305,-0.0005772375,-0.4389088,3.3077366,-10.022145
120,0.5484625,-1.5101415,2.9019825,0.56713706,19.199793
121,0.5149307,0.24223533,0.96719843,11.601882,7.0311227
122,0.5249436,-1.1269507,2.2321243,2.0810065,17.639492
123,0.5231539,-1.6463659,2.7909372,-1.3177216,21.232218
124,0.53990024,-1.7703909,2.267268,-3.5275073,18.577839
125,0.5313788,1.3856256,-0.4621902,19.296583,-16.069801
126,0.5036333,1.2703996,-0.47049767,17.796858,-16.417423
127,0.51201004,0.52521104,1.078409,13.125724,7.8947988
128,0.53736496,-1.0695546,2.3961425,2.291752,18.949116
129,0.51039934,-0.9316472,-0.37237906,-14.949153,-7.4191375
130,0.5138023,0.49123728,-0.37623283,9.076199,-15.14853
131,0.49094117,-0.5134537,1.0624502,3.1736484,3.742271
132,0.523794,-0.36871314,2.311865,6.4052386,15.62019
133,0.5093096,1.4596156,-0.73170966,18.202715,-17.228619
134,0.5507614,1.6418989,-0.8462603,18.518457,-18.096634
135,0.5432291,-0.41959158,0.9697934,5.595912,5.9264603
136,0.49199113,-0.6793411,-0.16214131,-12.782151,-8.41331
137,0.54160905,1.2349672,-0.33181283,19.07971,-14.979168
138,0.5086439,-0.16301787,0.8783067,8.387795,6.247765
139,0.51396465,-0.18328889,0.13823594,2.3506165,-2.357779
140,0.5408755,0.65965253,1.5643289,13.356876,9.166264
141,0.51827675,0.58765316,1.3094558,13.212472,8.561503
142,0.5053847,0.08747904,1.3858651,10.543723,8.17146
143,0.50039786,1.492479,-0.54528534,19.24798,-16.73548
144,0.49670103,1.0616438,-0.15878429,18.696018,-14.407469
145,0.49609175,0.60599023,1.1361109,13.234522,8.114188
146,0.5475454,-1.541783,2.9269586,-0.35223967,21.533808
147,0.53596157,1.3439522,0.24896765,19.316998,-11.384285
148,0.53272986,-0.3127729,-0.5522465,0.07976862,-9.516429
149,0.54490715,1.637647,1.6852833,16.792793,11.234348
150,0.52028775,-0.9236444,2.406879,3.276947,20.47333
151,0.51274663,-1.553404,2.6687567,-0.89436895,20.217552
152,0.5543858,0.27639922,1.4703537,11.496966,8.444467
153,0.5422951,1.5377115,-0.5717168,19.362555,-17.013966
154,0.5057045,-0.22457716,1.8528435,5.302178,20.84962
155,0.53278875,3.8705428,0.39446792,36.863773,9.666538
156,0.5045006,1.4219183,-0.73905206,12.507456,-18.158676
157,0.50830424,0.8070701,-0.69485676,9.053715,-16.30298
158,0.5323962,-1.4676101,2.9884448,0.69807476,19.951303
159,0.5056658,0.6635236,-0.4143938,11.920138,-14.386733
160,0.5419976,1.3617183,0.5958859,18.026617,7.963332
161,0.5210947,0.17003886,0.796598,10.647011,6.831098
162,0.53818953,-0.25838912,-0.20886458,0.2780021,-4.419051
163,0.5394998,0.6887832,1.0766574,13.983322,7.998606
164,0.50882596,1.3029879,-0.9245395,10.343086,-17.712755
165,0.5026745,0.7969612,-0.7295288,11.213568,-15.896542
166,0.54581416,-1.0624933,2.6545138,2.6838858,20.086988
167,0.49716946,1.5254508,-0.99665874,15.880352,-18.506071
168,0.49158067,1.1176555,-0.73785114,10.53608,-17.09099
169,0.5074646,-0.55094403,0.9492268,3.7613094,8.520812
170,0.5573971,2.2005672,0.2960064,22.232016,7.9023476
171,0.49224886,-0.36584333,0.7150198,6.2961874,5.0795655
172,0.5286601,-1.4599528,1.8969498,-3.1156998,16.688747
173,0.5318549,0.009402053,0.8514581,9.613009,6.6641345
174,0.5418331,2.0902133,0.32752985,21.694542,7.9625883
175,0.534278,-1.9048136,2.2646377,-4.1830926,19.335854
176,0.54661465,0.9176195,-0.6950296,10.244093,-16.364456
177,0.4936027,0.5762402,0.9438307,13.47685,7.4765406
178,0.5065729,0.52618957,0.81741273,17.076797,-11.822101
179,0.5364149,-0.81696844,2.5615075,3.7816586,20.219044
180,0.5278559,1.1632491,-0.8504457,9.607531,-17.547289
181,0.52340585,-0.5968253,1.4290097,6.218217,7.6734633
182,0.55746967,1.6818851,0.39723697,19.62414,7.70445
183,0.5293693,-0.42394304,0.5793162,3.535914,2.541116
184,0.5380876,-0.5737489,2.3520217,4.5138006,20.126577
185,0.52223206,-1.2766155,2.5174415,1.0603597,21.433838
186,0.49491084,-1.5558356,1.9656926,-2.8662946,17.676062
187,0.49819678,1.0515202,-0.30037814,17.954433,-15.260713
188,0.4904001,-1.0948745,2.9417262,2.1980758,20.295591
189,0.5421684,2.1188154,0.31193623,21.707157,7.397392
190,0.53433615,1.0964103,-0.67667127,15.83785,-16.93433
191,0.4905903,-0.34431607,1.0542786,6.969949,6.4410353
192,0.486912,1.393402,0.7632184,17.618265,8.279372
193,0.50647056,-1.001773,2.4178348,2.6377094,19.367304
194,0.5270797,-0.19004686,2.273926,6.9071608,15.777619
195,0.497585,0.6753877,-0.6710598,7.5143948,-16.401794
196,0.5522744,2.8498428,-0.054803155,26.18001,6.9037647
197,0.54198664,-0.23471862,1.4007457,7.886608,7.685816
198,0.54656625,0.8156494,1.5745517,14.528071,10.840269
199,0.51385844,-0.10343846,1.049946,8.811675,6.9298267
200,0.5130487,0.021565562,1.2612929,9.975724,7.586809
201,0.48917773,0.62827265,0.37623766,18.273205,-12.393974
202,0.54708725,1.3257958,-0.4176543,19.194777,-15.600285
203,0.4950405,1.322367,-0.43070582,18.917797,-15.744579
204,0.5273215,1.3669333,-0.7490752,16.917131,-17.48554
205,0.49581409,1.5344076,-0.3627062,19.661453,-16.319464
206,0.49709758,0.487453,-0.5134033,7.7699337,-15.348324
207,0.48992613,1.5016818,-0.8027137,10.211849,-18.450516
208,0.5309636,2.0883143,0.1905742,21.239546,7.043374
209,0.5251336,0.24844663,1.2253717,11.645686,7.786605
210,0.49906278,3.2827973,-0.28815705,29.704725,6.760363
211,0.4987718,0.48167685,-0.58028054,7.0612617,-15.623596
212,0.49606967,1.3414501,-0.72136664,17.497173,-17.097313
213,0.511487,-0.17509758,2.2773907,6.437498,16.542324
214,0.50583136,-1.3850497,2.2114854,-1.4524966,18.313545
215,0.5483461,-1.8126665,2.4237878,-3.3134935,20.181349
216,0.5339289,-0.57474893,2.7370996,5.7705803,18.318254
217,0.53123885,1.5344064,-0.7715148,17.933146,-17.682062
218,0.5184961,1.9370513,-0.58925086,9.979716,-19.647394
219,0.50361645,0.2801918,1.2644361,11.918415,7.9182577
220,0.48630822,-0.29335028,1.1878841,7.531131,6.9212575
221,0.53556275,0.061045203,1.4387773,10.418328,8.219766
222,0.54354113,0.8920162,-0.20666589,17.932947,-13.442852
223,0.36791652,-0.90565044,0.8131844,-2.6682546,4.427085
224,0.365542,-0.9354623,0.215728,-7.4755893,2.6259785
225,0.38061035,-1.7194847,0.7154701,-8.397689,9.817837
226,0.37843475,-1.3991635,1.3528448,-4.9057646,13.820092
227,0.38083583,-0.43877974,0.19519189,1.2962686,-0.76291215
228,0.3863365,-0.31501123,0.71374124,12.45553,-10.554698
229,0.35383233,-1.440236,0.3483246,-9.705435,7.774707
230,0.35224116,-1.2702553,0.32741436,-8.579889,7.255936
231,0.34085003,-0.8321591,0.023238696,-7.766538,0.99929935
232,0.34410852,-1.1587129,0.16007371,-9.816469,4.8201175
233,0.38677353,-1.7052976,1.7210789,-4.574752,16.594551
234,0.40484393,-0.09822639,-0.0933946,7.1128907,-10.195118
235,0.40868598,-0.11115313,0.10830908,10.269424,-10.740692
236,0.40856016,-0.12801377,-0.020817528,6.9801846,-10.018915
237,0.34641466,-0.32339165,-0.14469954,2.2081246,-6.301286
238,0.4125641,0.46471483,1.0425583,12.767917,7.6095996
239,0.42035797,-0.93409,-0.3404508,-14.739235,-7.0796328
240,0.3628653,-0.4875588,-0.40136892,-2.3582993,-5.9403157
241,0.4198767,0.13517678,-0.6836962,3.9105923,-11.64867
242,0.3610975,-0.58024603,-0.16244425,-9.613252,-5.914802
243,0.41781586,0.06546003,-0.6384541,4.27302,-11.771156
244,0.40758255,-0.4581581,-0.26303777,0.9563511,-6.3875046
245,0.37213457,-0.60552627,-0.2860596,-2.204166,-5.5669394
246,0.38551903,-1.352037,1.1203519,-5.488636,11.991363
247,0.36116537,-0.8083898,-0.020459814,-5.822612,0.4926709
248,0.367617,-0.40289587,-0.5043492,0.048695643,-8.91297
249,0.37856132,-0.3403565,-0.5031145,0.869397,-9.013002
250,0.42099252,0.8250933,-0.68494594,8.294699,-16.28078
251,0.3484772,-1.3623781,-0.14606853,-14.660023,5.1378117
252,0.35333383,-1.3640732,0.1428614,-12.795291,6.381171
253,0.35413846,-1.3871273,-0.1416831,-14.7748375,5.3624425
254,0.34517744,-0.6339262,-0.3413851,-2.7191172,-5.3566384
255,0.3778371,-1.403954,-0.13090888,-15.206315,5.3897223
256,0.35238126,-0.38268813,0.21107249,10.811394,-9.39093
257,0.34817365,-0.946644,0.22402517,-7.498507,2.7456915
258,0.35569093,-0.78832835,0.071726404,-7.1157007,1.1230708
259,0.37172684,-1.0085121,0.5312276,-4.3854566,4.176476
260,0.42049542,-0.48907292,-0.04828447,1.11232,-2.498743
261,0.4096191,-1.6502103,0.7078083,-8.332685,9.652766
262,0.38120863,-1.3716192,0.1891361,-10.367854,5.7035923
263,0.41343206,-1.5431179,0.90764153,-7.513972,10.397574
264,0.33933976,-1.3004708,0.13143755,-9.999476,6.2997346
265,0.38894966,-1.5830451,0.6066495,-8.478077,9.3199415
266,0.4175346,-1.2093369,1.4235148,-4.498905,13.262659
267,0.40712756,-1.7118856,1.295669,-5.5865617,15.024917
268,0.4120623,-1.7597136,1.7827116,-4.6052756,16.97158
269,0.3576954,-1.3665689,0.15675099,-12.588943,6.6105328
270,0.38252446,-0.6431507,-0.34946626,-9.657242,-4.2432604
271,0.3558587,-0.777541,0.027051494,-6.780663,0.8680092
272,0.39093393,-1.4079453,0.5952139,-8.550209,8.593687
273,0.36338657,-0.63215363,-0.5676483,-1.9147329,-8.036753
274,0.34335193,-1.4174185,0.14368524,-13.100577,6.787288
275,0.37634316,-1.1381774,-0.5062465,-17.923868,-0.4897878
276,0.34423384,3.320746,-0.18457504,31.403162,3.825781
277,0.3626693,-0.9925551,0.42780846,-5.099549,4.104066
278,0.36114168,-1.1394159,0.16766876,-9.3586855,5.3620315
279,0.4110796,-0.26918334,-0.4942515,1.1943716,-9.430067
280,0.41765997,-1.6875917,1.4894445,-5.080646,15.369988
281,0.36056343,-0.6705092,-0.7145925,-1.7765864,-9.087559
282,0.37848023,-0.4849915,0.036368556,-0.18232732,-1.8376555
283,0.35531643,-1.3820161,-0.2742911,-16.103197,4.6361084
284,0.37348235,-1.5189816,-0.3974152,-18.34677,4.8536835
285,0.41410828,-0.7790049,0.8259937,11.264377,-7.9245286
286,0.39905748,-0.4718022,-0.0039800345,0.065179914,-2.0820453
287,0.36142427,-1.2355868,0.4704579,-8.023022,7.4819617
288,0.3976656,-0.35895908,-0.3194319,1.8034204,-7.120624
289,0.39234382,-0.46672213,-0.24155232,0.08069482,-6.0421114
290,0.36235672,-0.9194358,-0.41135678,-11.82728,-3.24797
291,0.40416718,-0.4940074,-0.7061492,-0.90977174,-9.579715
292,0.4070536,-0.27336878,-0.5701896,0.4404942,-9.806282
293,0.37757844,-0.69642574,-0.06849218,-5.4449983,-1.0587866
294,0.35281825,-0.26998815,-0.29949412,2.59298,-7.632583
295,0.37272152,-0.2081519,1.1835923,8.171871,7.0597706
296,0.41178405,-0.7608148,0.46740705,-3.514819,3.3473659
297,0.3622527,-0.1348119,0.084518954,11.583096,-11.347844
298,0.35600883,-0.77559847,-0.17105372,9.178975,-8.149487
299,0.42068338,-0.12316462,-0.2844593,3.1980126,-8.461259
300,0.41151106,-0.3642882,-0.19355507,0.9563615,-5.5673513
301,0.40205964,-0.39153683,0.65621495,12.419259,-10.546005
302,0.38662255,0.57178235,-0.18212005,16.95038,-13.982957
303,0.40647602,0.34719077,-0.4015271,10.174896,-13.954919
304,0.36895075,-0.8483358,0.1459852,-7.440931,1.785525
305,0.3660228,-1.0110322,0.35073143,-7.4312334,3.7707658
306,0.35746062,-1.0558175,0.4202402,-7.368278,4.1613517
307,0.34617567,-0.74411064,-0.025981277,-7.8278756,-0.16386616
308,0.35084677,3.8521616,0.56411695,35.047134,10.130903
309,0.3888761,0.01910105,0.021080742,10.687845,-11.241338
310,0.4062371,-0.7913423,1.3834314,-3.2648773,11.179246
311,0.35282883,-1.1438396,0.27187377,-7.728719,5.331195
312,0.4045433,-1.2232555,1.3589289,-4.707951,12.16518
313,0.41417968,-0.3146717,0.010971748,-0.14928253,-2.8725712
314,0.40982082,-1.356712,1.9479998,-1.3906972,17.49685
315,0.3859866,-0.86239606,0.16391727,-4.7564807,1.9676156
316,0.39379644,-0.3215043,-0.5440705,0.37886184,-9.231144
317,0.3862016,-1.008358,0.3795569,-4.7981896,3.6872454
318,0.3550246,-0.41533092,0.5895724,5.507668,4.607641
319,0.38193503,0.71394217,1.1302551,13.946422,8.185638
320,0.4143601,-0.94746697,0.52744436,-4.27361,4.0457764
321,0.41437843,-0.42779818,0.06807685,0.7268978,-1.7748652
322,0.3477097,-0.9480635,0.24892393,-6.0271864,2.834592
323,0.3899722,-0.5153622,-0.0032222222,0.9202324,-3.199316
324,0.41005266,0.17345046,1.2539732,10.968736,7.683598
325,0.34613183,-0.1998238,0.2581668,11.588924,-10.364681
326,0.3712736,-0.6020517,-0.0900644,-1.0639522,-2.207832
327,0.35700712,-1.5852573,-0.29687312,-17.597788,5.7820177
328,0.3455605,-1.3186064,0.21977724,-12.003213,6.6082115
329,0.3926578,-1.1853034,0.75507635,-6.0007753,10.485397
330,0.3493273,-1.3339266,-0.37377357,-17.94761,3.1993601
331,0.40679225,-0.26118863,-0.35835186,1.8615506,-7.8449793
332,0.42043242,0.5637995,0.46687886,18.025583,-12.296208
333,0.39807054,-0.88750553,0.3480488,-7.1805935,3.1862068
334,0.1707576,-1.2886577,-1.1443608,-33.858284,-11.673548
335,0.1256466,-1.5883731,-1.1365917,-33.95642,-7.6973376
336,0.09835389,-0.95106596,-0.19241166,-9.983352,0.20679967
337,0.17062227,-1.7600397,-1.2336104,-34.137264,-5.0552416
338,0.1731925,-1.7649871,-1.2623174,-34.364315,-5.840671
339,0.18863723,-1.8325284,-1.0863718,-32.546585,1.4391558
340,0.19136941,-1.7562151,-1.1228738,-33.27586,-0.58335793
341,0.1741077,-1.7577716,-1.1245599,-33.063683,-2.3801062
342,0.1306438,-1.5917323,-1.3766655,-38.468376,-12.369186
343,0.17480323,-1.1598766,0.03069832,-10.248139,4.386849
344,0.17948999,-1.3019056,-1.0824009,-33.411385,-12.395241
345,0.12649632,-1.5026188,-1.2689253,-37.655663,-12.436572
346,0.14028266,-1.2768267,-1.215847,-38.166252,-14.904822
347,0.05729091,-1.2235918,-1.0667228,-35.61105,-14.924319
348,0.15323706,-1.8061872,-1.2394625,-34.294716,-3.4015696
349,0.15212993,-1.7755685,-1.2089789,-33.9799,-3.0653782
350,0.1655762,-1.7589104,-1.0875845,-32.766994,0.037312042
351,0.12347407,-1.4220737,-0.96366036,-27.07882,-5.4087543
352,0.17892429,-1.2927438,-0.81629086,-20.551397,-2.4045265
353,0.18291159,-1.3313687,-0.8635737,-25.774174,-5.5927963
354,0.15486243,-1.190651,-0.84030414,-25.518549,-9.513778
355,0.12024298,-0.9441994,-0.38338825,-15.194941,-7.2700114
356,0.18704297,-1.1943204,-0.7781446,-24.024027,-8.774089
357,0.1028752,-1.1240429,-1.211482,-38.09412,-16.298512
358,0.14642474,-1.6973075,-1.2800446,-35.132133,-7.894015
359,0.1389888,-1.8205916,-1.1099335,-32.897705,-0.9856839
360,0.18970025,-1.6342381,-1.1332407,-33.735405,-6.789305
361,0.15545784,-1.5145106,-1.2524067,-37.118538,-12.099038
362,0.19182876,-1.4229006,-0.91644806,-26.121403,-3.2915776
363,0.10410633,-1.1789665,-1.1327503,-37.32367,-15.816782
364,0.10318068,-1.2487891,-1.1735357,-37.41214,-15.202501
365,0.1227861,-1.0874907,-1.0299115,-35.517258,-16.225716
366,0.12676764,-1.2969555,-1.1630954,-36.58959,-14.33293
367,0.1359591,-1.146347,-1.0923035,-36.629593,-15.938673
368,0.14105248,-1.3535951,-1.2823726,-37.994076,-13.985528
369,0.1145876,-1.5124527,-1.1752765,-32.799946,-9.375524
370,0.18430406,-1.2914702,-1.0425944,-32.2995,-11.69856
371,0.11511052,-1.8095196,-1.2770679,-34.699265,-5.598098
372,0.13790865,-1.4070688,-1.1980214,-34.335854,-11.570977
373,0.17588319,-1.347435,-0.96124876,-27.784626,-8.419615
374,0.15827945,-1.3596631,-1.1016157,-32.485123,-11.319204
375,0.1510188,-1.3703849,-1.0892854,-32.06421,-10.942027
376,0.19002679,-1.7077038,-1.1263773,-33.27212,-4.308771
377,0.13368338,1.1309565,0.7954833,16.105162,7.844605
378,0.03480182,-1.807984,-1.2003931,-34.006496,-2.5570648
379,0.15521035,-0.5934628,-0.61876386,-1.704723,-8.371383
380,0.17164187,-1.4603825,-1.0357572,-29.580435,-7.4068017
381,0.17499548,-1.7397825,-1.0517236,-32.064926,-1.3250495
382,0.13627231,-1.258943,-1.2146301,-38.008526,-15.105844
383,0.11625899,-1.794333,-1.218052,-34.11146,-4.3460174
384,0.13977113,-1.1730016,-1.0768147,-36.040127,-15.4936905
385,0.13239336,-1.3590144,-1.1653904,-36.274,-13.48706
386,0.11533468,-1.1000944,-0.9511016,-34.444664,-15.867033
387,0.12468969,-1.5561737,-1.3496736,-38.324608,-12.512368
388,0.18824655,-1.2434555,-1.0259882,-34.32535,-14.402543
389,0.14344878,-1.4680862,-1.2479876,-37.259018,-12.830351
390,0.09361268,-1.2755241,-0.8281491,-24.780941,-7.5553327
391,0.18846267,-1.3878661,-1.1575986,-32.68227,-10.2631235
392,0.1867874,1.2895263,1.0713098,15.152203,7.0267196
393,0.13240989,-1.4605125,-1.313914,-37.90949,-13.114415
394,0.14110963,-1.406685,-1.301651,-38.23853,-13.617936
395,0.17792629,-1.8507977,-1.2633609,-34.576965,-4.252761
396,0.18482947,-1.7703179,-1.1278026,-33.37635,-0.86836386
397,0.12773821,-0.70854324,-0.53611046,-18.043335,-9.910943
398,0.11506717,-0.9035166,-0.95281726,-35.64296,-17.322414
399,0.09614911,-1.3730673,-1.0562559,-32.43779,-13.872486
400,0.13766511,-0.93024176,-0.97293663,-35.68069,-17.141563
401,0.18714294,-1.8173479,-1.1706455,-33.915016,-1.4480921
402,0.18942542,-1.0285462,-0.7307559,-21.362833,-8.664452
403,0.19204637,-1.015831,-0.6494481,-18.954678,-5.0798626
404,0.17222416,-1.236969,-1.0286418,-32.749275,-12.6782055
405,0.19247393,-1.3574816,-1.1782538,-34.667137,-12.39078
406,0.17452358,-1.2994015,-1.1735406,-36.87018,-14.227458
407,0.18175957,-1.8927945,-1.0403651,-31.438519,3.2496774
408,0.17197606,-1.2012278,-1.062623,-35.1855,-14.871195
409,0.18629241,-1.3589017,-0.9435622,-27.972677,-9.401652
410,0.16301253,-1.2720034,-1.0595506,-33.154785,-12.493046
411,0.19239445,-1.5866276,-0.9361506,-30.03414,-2.0313692
412,0.15482071,-1.4937006,-1.2110453,-36.69321,-11.613197
413,0.11797543,-1.1789389,0.9250295,-5.738203,11.1428385
414,0.16425775,-1.1650157,-0.78108126,-24.10866,-9.134721
415,0.17187645,-1.7189629,-1.1402308,-33.31121,-3.952562
416,0.13924064,-0.94424117,-0.631314,-19.256472,-6.793908
417,0.17611855,-1.1221929,-0.7415864,-21.03437,-6.5266767
418,0.04778632,-1.2741627,-1.089952,-35.539955,-14.392336
419,0.15124859,-1.7917107,-0.97877383,-30.824652,0.81063753
420,0.1471285,-0.8169057,-0.80114985,-34.653053,-17.460829
421,0.04478932,-1.1997912,-0.8473289,-25.969707,-9.805418
422,0.18514776,-1.1810232,-0.8784839,-26.916357,-10.288866
423,0.1680365,-1.4550743,-0.96245235,-26.729029,-4.2568784
424,0.16084194,-1.2048659,-0.91028565,-28.12391,-10.906663
425,0.1343205,-1.2785563,-1.1727715,-37.345165,-14.809035
426,0.18282439,-1.1650839,-1.013257,-34.70141,-15.226284
427,0.16526148,-1.5317932,-1.1418164,-34.459988,-8.978518
428,0.1668246,-1.3752241,-1.0208209,-30.70363,-10.148148
429,0.15674643,-1.6682707,-1.2755634,-35.32716,-8.382902
430,0.19150545,-1.3023392,-0.84855825,-25.798038,-8.113659
431,0.1925339,-1.5073851,-0.7318832,-23.858288,2.3181558
432,0.1811685,-1.6904167,-1.0080426,-31.484058,-1.8859075
433,0.17462981,-1.7073989,-0.8318786,-27.529398,2.1979144
434,0.19116573,-1.6847167,-0.9811074,-31.082445,-1.3928292
435,0.16705245,-1.7661498,-0.9455775,-29.56567,2.5456192
436,0.11393712,-1.2728506,-1.0515704,-32.885136,-14.49309
437,0.15185189,-1.0918138,-0.9699091,-34.733223,-16.020807
438,0.17868571,-0.62855834,1.67694,5.691855,9.1402235
439,0.14208859,-1.3774236,-1.127238,-34.832794,-12.985335
440,0.1807108,-1.200817,-0.56891227,-19.082369,-1.4427912
441,0.14688,-1.2639658,-1.1558101,-36.53475,-14.756672
442,0.11426167,-1.2859331,-1.2384251,-36.07546,-12.399792
443,0.12223873,-1.2588277,-1.2210696,-37.293594,-14.345041
444,0.16621701,-1.3362882,-1.1247462,-33.155117,-11.669996
445,0.02729641,-1.149569,-1.0655788,-36.123814,-15.8056755
446,0.03365023,-1.7650123,-1.2227205,-34.11831,-5.4347816
447,0.6459624,1.0811088,1.9977927,15.364428,11.391704
448,0.5815322,0.9426098,1.221382,14.619556,8.657682
449,0.5647541,1.6333575,-0.94753927,15.81942,-18.85718
450,0.5661498,-0.637358,3.0155756,5.2030015,18.122583
451,0.6144477,1.6557468,-1.0096338,11.264415,-18.460966
452,0.6110912,2.7918088,-1.2689542,18.539753,-22.40019
453,0.5986466,2.0518162,-1.0490108,12.576918,-19.392107
454,0.6207381,1.6443067,-0.7685155,10.336337,-18.859005
455,0.6147515,2.3948855,0.8407972,21.283638,10.095795
456,0.6298079,-0.1263504,2.7316585,6.973685,17.164349
457,0.60490745,-1.0190915,3.1467896,3.8165407,18.428612
458,0.56250745,-0.716728,3.0450175,5.0876694,17.65263
459,0.5589734,-1.306658,2.6741529,1.1870643,20.623226
460,0.5809366,1.5819169,-0.74672425,16.39739,-18.775398
461,0.64802206,2.6534638,0.49387288,22.833784,10.845539
462,0.6101473,1.1762679,0.879069,16.43379,8.378718
463,0.5693984,0.083538994,2.2167506,7.535565,16.421759
464,0.6233671,2.794022,0.06354685,25.156593,7.8976274
465,0.60308725,2.1747332,-1.0787787,18.545927,-20.46258
466,0.59067005,1.811658,0.4268737,20.244417,8.277275
467,0.62453294,2.3724,-1.1291918,18.212599,-21.073586
468,0.6218685,2.4904063,-1.1885786,18.639534,-21.412674
469,0.631634,1.7976834,-1.0647603,13.144041,-19.038372
470,0.55797124,0.51837236,-0.32391894,11.068381,-14.616396
471,0.59691906,1.675561,-0.9485359,12.02684,-18.768757
472,0.56878173,0.87465054,0.8296731,15.0688715,8.038632
473,0.65311134,3.1137972,-0.03442414,27.772629,7.694184
474,0.57034504,1.6119807,-0.9092471,17.600172,-18.353012
475,0.5611814,1.9376489,-0.96056646,18.784798,-19.256247
476,0.6041313,2.0295532,-1.0895342,18.79167,-19.512245
477,0.6011802,-1.2942928,2.8422594,1.275468,20.952183
478,0.6160812,-1.3012477,1.0502849,-5.580736,11.657038
479,0.6168724,2.5221508,0.18840557,23.766586,7.5884657
480,0.6258508,3.1241598,-0.13271877,28.171673,6.9229097
481,0.5844865,1.5413299,-1.0478317,14.003471,-18.943193
482,0.59208107,1.58356,-0.65252477,18.585775,-17.33768
483,0.64547604,2.2777264,0.17057392,22.443438,7.025519
484,0.60802674,2.8854694,-0.0789754,26.35491,6.7252955
485,0.60247225,-0.4358024,2.994605,6.1634593,17.726397
486,0.64135253,3.6836386,-0.612905,33.496716,4.6643567
487,0.6379828,3.1767817,-0.1548986,27.577961,7.212818
488,0.62542176,2.9730208,0.0008342628,26.697964,7.743478
489,0.57487255,-1.3175586,2.903971,1.3482636,19.320023
490,0.5903504,0.9188379,1.4546607,14.33989,11.152896
491,0.6034543,2.724338,0.12147793,24.769478,8.558789
492,0.6086716,1.5980948,0.46350124,19.004416,7.8572974
493,0.5741662,1.5534091,0.5292053,18.794245,8.089475
494,0.64742565,2.3974676,0.27194613,23.125881,8.124902
495,0.5830981,2.4743574,-0.17046733,28.461931,3.0133896
496,0.6058347,2.713823,0.03818206,25.159248,7.252345
497,0.5771616,2.5055728,0.21190271,23.67419,8.187378
498,0.65118915,2.5909145,0.1934373,24.192364,8.247
499,0.6259001,1.2553368,0.67883587,17.135332,8.075074
500,0.60509765,3.7160926,-0.52112913,32.950268,5.0639777
501,0.6326397,3.2671025,0.37553686,29.9773,9.304135
502,0.58703095,1.5828215,0.1556298,18.381105,6.137327
503,0.6089876,2.4495847,0.2528467,23.366291,8.490705
504,0.5917102,1.014317,-0.81566125,11.456682,-16.58548
505,0.5652419,4.279171,0.20523497,37.768353,8.367412
506,0.6022834,2.2928565,0.27628005,22.52829,8.339866
507,0.6203383,1.3099029,0.6178443,17.383509,7.7247515
508,0.58225435,2.0635154,-1.1076295,18.32467,-19.819801
509,0.60345757,2.7717192,-0.46241415,29.696756,2.9898171
510,0.596265,0.20545207,1.0197271,10.135973,6.050913
511,0.6419068,3.2697513,-0.33869004,30.280424,5.5414977
512,0.6092222,-0.8490924,3.0587857,4.555004,17.741762
513,0.6052019,1.6059175,0.45335013,17.795029,6.6563244
514,0.6009659,-0.8879081,2.549026,3.223332,20.456324
515,0.6455095,0.6833516,1.8186749,13.937572,10.349685
516,0.64320326,3.2861743,-0.28777707,30.005182,6.129032
517,0.5784067,1.6960328,-0.88630694,18.495356,-18.37942
518,0.5593708,3.480013,-0.23905914,30.395454,6.829247
519,0.59261304,0.5680773,0.8048778,10.677654,5.358292
520,0.60596496,2.053625,-0.7627479,16.627447,-20.20764
521,0.6127098,-0.66909605,2.921664,4.824069,18.56745
522,0.6408171,3.0993805,0.16168712,29.62787,8.565421
523,0.60245323,1.7857345,1.8814409,17.12686,11.735361
524,0.5644414,1.7409844,0.42298657,19.621565,7.240366
525,0.5663707,-0.48076558,0.6482726,3.2999678,2.8289642
526,0.6486767,2.5884864,0.28323895,24.000376,7.5379863
527,0.65220016,0.50387764,1.590905,11.658577,9.078233
528,0.61934566,2.3407784,-1.164459,19.210323,-20.50133
529,0.6115276,2.0092149,0.7542585,20.503422,9.329017
530,0.615194,-0.8682268,2.8897607,3.921055,19.379496
531,0.6079729,3.6771395,-0.04918584,32.164955,7.239055
532,0.5720704,1.5201161,-0.65509945,9.8941555,-18.774906
533,0.6510192,3.2212343,-0.7784371,32.93033,2.2303803
534,0.59987545,3.0824304,-0.12963209,28.43705,6.1270394
535,0.63212323,-1.6298808,2.6171246,-1.5621952,20.346664
536,0.56094754,-0.091014884,0.3103802,11.253062,-10.552325
537,0.57207656,-0.052375577,-0.18818447,3.6258035,-8.261563
538,0.5700077,-0.6869766,2.410639,4.2396936,20.436956
539,0.6057099,1.9380847,-0.6560492,19.422064,-18.17203
540,0.5810583,-0.3445348,2.8140833,6.2397814,17.286259
541,0.58692354,2.5775025,-0.32864946,29.354443,3.2168896
542,0.5681978,-1.1792473,0.41922545,-7.209084,5.6500983
543,0.6114558,-1.5194029,2.296743,-1.6712149,18.712074
544,0.6269596,2.8905628,0.017495813,26.694113,7.498896
545,0.6411017,3.9628942,0.70533025,38.31086,10.44326
546,0.602329,2.9221413,-0.4360709,29.95075,3.3786159
547,0.6218122,0.86869824,0.67294765,15.428501,7.363429
548,0.5576013,1.0697641,-0.19662598,18.560638,-14.489007
549,0.62233686,1.6598551,-0.79593164,14.882678,-18.837105
550,0.5693831,-0.56842244,2.2836034,5.9171724,15.47354
551,0.63874125,0.16623944,2.2109032,5.677594,20.81133
552,0.61920446,1.8449441,0.38963023,20.380398,8.164242
553,0.5625501,0.99364346,0.5224006,17.694897,-12.363703
554,0.5630864,1.8201364,-1.129375,15.091146,-19.53944
555,0.59990823,-1.361906,2.774598,0.16615865,21.511845
556,0.5723078,2.587358,-1.1786289,19.136074,-21.437145
557,0.6325394,3.091664,-0.18356478,27.742603,6.8818817
558,0.30779925,-0.2577632,0.89214855,7.9581256,5.738959
559,0.2751239,-0.88858324,-0.35145634,-12.464994,-5.378775
560,0.26310936,-1.5832846,-0.8027042,-25.42937,2.1542985
561,0.31453112,-1.0119238,-0.20916912,-11.2686825,1.1386212
562,0.28852877,-0.8649923,-0.33322158,-13.268339,-6.694853
563,0.2753461,-1.5055599,-0.7280168,-23.858473,1.8822362
564,0.30231398,-1.0650591,-0.13484778,-10.851942,2.1741705
565,0.31532347,-1.1262099,-0.1371222,-10.774603,3.9073515
566,0.3242176,-1.0925902,0.0035124144,-10.04544,2.831854
567,0.3228769,-1.250888,-0.11332082,-11.063654,4.2245827
568,0.28293467,-1.0519466,0.12075912,-5.7092633,2.4145923
569,0.3092054,-0.34320763,-0.44212773,1.1786722,-8.300671
570,0.32764176,-1.3440741,-1.1373948,-35.320213,-13.580506
571,0.267979,-1.0204841,-0.48670626,-16.444662,-6.4501586
572,0.28952187,-1.3891189,-0.56455463,-20.633823,2.212351
573,0.26926774,-0.9319538,-0.38710517,-15.158451,-7.4973855
574,0.27109078,-1.20829,-0.7859321,-20.732994,-4.588773
575,0.33851808,-0.7454192,-0.19654742,-10.4588785,-6.1964464
576,0.31697717,-0.6973603,-0.3686101,-10.32716,-5.414634
577,0.31295314,-0.7599699,-0.35841858,-11.779839,-5.614907
578,0.2823468,-1.5733594,-0.30264434,-17.387093,5.522508
579,0.33239225,-1.0278801,-0.086818665,-10.550156,1.2043916
580,0.32702178,-1.2834502,-0.115784355,-13.940316,4.726556
581,0.31157303,-1.2582864,-0.16868465,-14.114443,4.307145
582,0.32237554,0.3368558,-0.63410115,6.877891,-13.963099
583,0.31642985,-1.427086,-0.20670742,-16.043531,5.247766
584,0.2902222,-0.874086,-0.113677144,-9.275197,-0.45113167
585,0.26493815,-1.827391,-0.8949609,-28.977491,3.97266
586,0.29008287,-1.7204604,-0.71869123,-24.847937,4.4685583
587,0.2884078,-1.6533833,-0.47744113,-19.975689,5.2014136
588,0.29630676,-1.658462,-0.53023416,-20.777817,4.9364524
589,0.30603737,-1.5279676,0.06840825,-14.371166,6.8010054
590,0.2925769,-0.77421397,-0.46685803,-13.103005,-5.215342
591,0.32264596,-1.4586413,-0.051546205,-14.755288,6.228527
592,0.3285595,-1.209027,0.09602374,-11.796257,5.6476893
593,0.2886599,-0.83872133,-0.25407812,-12.195644,-6.468181
594,0.30616537,-0.89675874,-0.5934625,-18.97371,-9.530917
595,0.30230084,-0.9534643,-0.23568355,-10.969549,-0.7435889
596,0.2856671,-1.357181,-0.6140276,-21.46919,1.1167436
597,0.29600734,-1.2210177,-0.24455307,-11.271335,3.9009812
598,0.3318036,-0.6335207,-0.34215,-2.782922,-5.813747
599,0.30049017,-1.2973765,-0.17613174,-11.282035,4.1615543
600,0.26273268,-1.1403636,-0.5070551,-17.88587,-2.5081804
601,0.31358004,-1.0956255,-0.026877267,-10.417852,2.4612138
602,0.32085276,-1.028806,-0.2529505,-12.657407,0.47707167
603,0.29238176,-0.98797697,-0.3283744,-14.726143,-5.703429
604,0.308121,-1.4657633,-0.13601485,-15.513855,6.057252
605,0.29251224,-1.6223568,-0.77322847,-25.831543,1.8971022
606,0.27017936,-1.5650804,-0.71919405,-24.658129,1.8529751
607,0.2712758,-0.87919456,-0.44984037,-13.880058,-5.70433
608,0.2875984,-0.8104384,-0.29524368,-12.880565,-6.084485
609,0.32199755,-0.77611214,-0.44959912,-16.77001,-9.129832
610,0.27197412,-1.4355052,-0.52433157,-19.935045,3.1759934
611,0.33509633,-1.3044646,0.37186202,-10.916213,6.9908347
612,0.2727838,-1.1326001,-0.36397865,-16.50513,-0.4333488
613,0.29906175,-0.9401656,-0.034402005,-9.00247,1.4080881
614,0.29369888,-0.8711925,-0.34692058,-11.553113,-1.897705
615,0.31126156,-1.4152304,0.13536428,-13.200078,6.6607327
616,0.30849278,-1.45296,-0.46082225,-18.908792,4.005062
617,0.31198597,-0.925506,-0.49463937,-12.486226,-2.0404747
618,0.3040883,-0.86499274,-0.07668257,-9.047786,-1.8328424
619,0.2696879,-0.9962107,-0.5361403,-13.127876,-2.2008374
620,0.32541978,-0.7957301,-0.24273778,-11.682459,-6.137417
621,0.28855374,-0.84881467,-0.38167837,-15.186395,-9.234677
622,0.32979566,-1.4151877,-0.100140885,-14.957593,5.7773886
623,0.3301199,-1.2146093,-0.24920009,-14.276976,3.6615646
624,0.32385314,-0.98770154,-0.3849276,-12.08094,-1.6238644
625,0.3144132,-0.9748486,-0.3507542,-11.794857,-1.5260582
626,0.31443697,-1.3288752,-1.0625701,-33.78968,-13.150369
627,0.33618286,-1.3306749,-1.1440889,-35.805252,-13.84999
628,0.26980034,-0.9973169,-0.15342894,-10.573732,0.5628632
629,0.26696274,-1.6395401,-0.7054537,-24.039295,3.9528716
630,0.29427412,-0.758892,-0.17286476,9.121849,-8.216118
631,0.2728221,-0.822419,-0.38983637,-13.932329,-7.5284243
632,0.29023495,-1.072709,-0.6321358,-13.99838,-1.7608782
633,0.31200057,-1.1954792,-0.59292275,-19.030859,-0.4227477
634,0.32279503,-1.6226269,-0.116105355,-16.707312,6.421192
635,0.33144483,-1.0772463,0.32267568,-5.7474666,4.4040346
636,0.32937518,-0.5619904,-0.5050699,-1.3340573,-7.2538085
637,0.27291283,-0.99918735,-0.3791895,-14.384622,-4.552849
638,0.33099276,-0.7862888,-0.11933402,-8.204903,-0.6347749
639,0.2905159,-1.3667294,-0.50312585,-18.960169,2.979085
640,0.32926777,-0.09938798,0.39072087,12.292484,-11.175388
641,0.3177432,-0.42900065,-0.14232935,8.984375,-9.381061
642,0.30451903,-1.4667258,-0.42172202,-18.437063,4.0956264
643,0.30809548,-1.4822898,2.6985059,-0.020356843,19.718155
644,0.27343404,-1.148567,-0.64588577,-21.137098,-7.4144974
645,0.31677437,-1.4077297,-0.39508957,-17.523369,4.186116
646,0.28440306,-0.78468233,-0.29800513,-10.658636,-3.8388112
647,0.2717109,-1.3986045,-0.69360626,-22.637295,1.065355
648,0.27574724,-1.5479351,-0.32235974,-17.742952,5.1543145
649,0.30438906,-1.4057717,-0.3006153,-16.585854,4.6547327
650,0.26392096,-0.9965815,-0.5467236,-17.991232,-7.5359955
651,0.2866617,-0.7933604,-0.33954796,-13.299676,-7.206824
652,0.29004934,-0.8360711,-0.5912337,-12.692772,-2.260185
653,0.27622685,-0.8392324,-0.32865602,-12.875964,-6.7516785
654,0.3271619,-1.3106025,-1.0571285,-34.068214,-13.425826
655,0.32724014,-0.61441517,-0.21396895,-12.392243,-8.379711
656,0.269423,-0.9065126,-0.40620348,-14.420281,-6.4462967
657,0.28327572,-1.4794397,-0.6065111,-21.27599,3.1266472
658,0.27863598,-0.9283095,-0.4449567,-15.468565,-6.3188453
659,0.29105595,-0.8459245,-0.06979056,-8.75075,-0.40869585
660,0.33212188,-1.3736432,1.0189381,-5.9359927,12.714481
661,0.3256131,-0.6345418,-0.6545216,-8.346688,-5.005344
662,0.30129662,-1.8043278,-0.90918034,-28.990204,3.3925345
663,0.2897168,-1.4701205,0.55274695,-8.713338,8.856823
664,0.32435378,-0.6135254,-0.4675887,-2.2641044,-6.6390963
665,0.32742512,-1.366689,0.05421563,-13.705972,6.002764
666,0.30083084,-1.1520877,-0.29322806,-13.532708,1.7128564
667,0.2812765,-1.5082592,-0.62582844,-23.012352,2.1696813
668,0.2763873,-1.5814012,-0.6548851,-23.210405,3.319123
669,0.4818534,-1.218443,2.0532267,-0.95686775,17.619616
670,0.42207423,-1.5612017,1.3846093,-5.075243,14.72768
671,0.43142614,-1.7048464,2.2269495,-3.1208162,19.256634
672,0.4805564,1.5678234,-0.92653406,17.210802,-18.377338
673,0.44791916,0.77171814,-0.46511775,16.106487,-15.5985155
674,0.46514532,-1.5717603,2.2455673,-2.1611142,18.80295
675,0.46385998,-1.6572819,2.0773194,-3.2329156,18.245464
676,0.47225985,-0.26501012,0.6522206,12.43775,-9.758119
677,0.4720765,1.1373583,-0.6109882,8.908109,-17.792633
678,0.46912506,-1.7353364,2.7631514,-1.9105865,21.206223
679,0.42924953,-0.6089348,0.7377889,12.611355,-9.07361
680,0.42155936,-1.8986952,2.4610264,-3.9758155,20.300217
681,0.4329083,-0.75687647,0.40318298,-2.6523337,2.868358
682,0.46769062,0.94393915,-0.65222347,9.662863,-16.219074
683,0.44890985,0.50323653,-0.5151232,8.901548,-15.076007
684,0.4696874,0.4117933,-0.56351537,7.8803535,-14.360697
685,0.4467714,0.9768614,0.60594374,15.67132,6.503808
686,0.44199684,0.074181326,-0.67912954,3.601661,-11.441555
687,0.43132526,-0.14722541,-0.26209933,8.713482,-10.546549
688,0.48213547,0.20459038,0.102165036,9.804781,-11.851123
689,0.45146763,-0.93535405,-0.337586,-14.737137,-7.1014924
690,0.4743078,-0.022032022,0.9645808,9.051202,6.6404867
691,0.48247725,2.0437155,-1.0309488,18.29965,-20.237638
692,0.43661958,-0.35249063,-0.41323787,1.647468,-8.49124
693,0.47601643,-0.42556885,0.74373645,5.6522026,5.136279
694,0.48451766,-0.09234642,1.1120929,9.193142,7.298504
695,0.43746015,0.119088136,-0.10977741,10.287962,-11.83434
696,0.46982104,1.2764041,-0.43836305,18.424772,-16.101622
697,0.45676255,1.7282573,0.484,19.637968,8.2534
698,0.4516283,0.9325103,-0.4348796,17.890228,-14.402067
699,0.45052654,-0.5481937,0.36153567,2.1796806,1.2729014
700,0.48479593,-0.051143434,0.88751984,8.953235,5.9457517
701,0.44317082,0.95008916,0.08999568,18.513712,-13.276513
702,0.4338507,0.14030628,-0.48751894,7.2122054,-12.590508
703,0.42428547,-0.38229358,0.44945452,5.7532473,3.8235059
704,0.45052478,-1.5200684,2.1671705,-2.4135833,17.650768
705,0.43717638,-0.49055228,0.30287993,1.1742488,-0.05562048
706,0.4609288,-0.4633114,0.8548147,5.985444,5.645482
707,0.44716954,-0.6342352,1.1612582,3.988223,8.630229
708,0.46231225,-0.45832267,1.2646786,6.641062,7.1700296
709,0.47519147,-0.33248666,-0.3441292,1.0754086,-6.581915
710,0.4321119,2.0186524,0.29447964,21.084314,7.5068874
711,0.43646124,-0.17642647,-0.063275054,6.6749973,-10.22058
712,0.4732027,1.3097719,-0.38338152,18.435816,-15.6727085
713,0.4299984,-0.5815377,0.5022999,5.1005774,3.7413888
714,0.4293725,-1.9016032,1.3769532,-5.766304,15.761195
715,0.46525213,-0.12352624,1.4633491,8.160879,8.157779
716,0.4617377,0.765387,-0.06315365,18.010145,-13.314611
717,0.42710444,-0.30828387,-0.13070653,1.8192091,-5.413503
718,0.4614935,0.9181698,-0.24787058,17.776781,-14.181025
719,0.46777686,-1.6314094,2.3758953,-1.8651757,19.532482
720,0.4799562,0.97044265,-0.3166515,17.514894,-14.895696
721,0.42547226,-0.43519047,-0.5153308,-0.19958796,-8.43204
722,0.4236081,-0.35783088,-0.43656936,0.46470308,-8.010163
723,0.42510033,-0.47095895,-0.3937174,9.742653,-7.519541
724,0.42556235,0.43052807,-0.43125358,10.900045,-14.280957
725,0.48170772,-0.39719903,1.3660973,7.0329347,7.817208
726,0.48295313,-0.5043322,0.9585431,6.2695475,6.246912
727,0.4659666,-0.54537356,1.6190304,6.5522428,8.57571
728,0.46066785,-1.1776034,0.024047153,-12.797729,4.474501
729,0.48350823,0.040882662,-0.53132784,3.2743547,-10.374186
730,0.4821917,-0.19777927,-0.60079336,1.8255208,-9.784608
731,0.4288377,-0.7364411,0.23366015,-2.2605157,1.4904629
732,0.46689108,-0.39313743,0.56810516,5.0985785,4.3766437
733,0.47811094,-1.6526389,2.2286801,-2.6944983,19.012388
734,0.44089055,-0.59055793,0.26032668,1.6493928,0.8487155
735,0.44471768,-1.8208288,2.32604,-3.7329316,19.74084
736,0.45255628,-0.80852044,0.3658471,-1.6332326,2.025503
737,0.44312757,-0.28615227,-0.6326005,1.0149486,-10.026583
738,0.4528907,-0.17942896,0.34612927,11.790213,-10.332851
739,0.4702343,-0.39517146,0.6088775,5.9822793,4.6401677
740,0.44768214,0.93204397,-0.49634823,16.590216,-15.423583
741,0.47709695,-0.012518666,-0.1822401,3.83325,-6.2874184
742,0.42891088,-0.234125,-0.18665914,2.554302,-6.7836685
743,0.4634484,-1.4913238,2.6682055,-0.31203303,19.961782
744,0.43029305,-1.4334015,1.3309984,-5.2423453,13.623302
745,0.4350151,-0.65670884,0.4586919,-0.4021504,1.0781765
746,0.42563206,0.3163323,-0.46213034,9.707856,-13.84284
747,0.42372242,-1.1597457,0.92124134,-5.4672666,10.37366
748,0.46070734,-1.3479083,0.5185411,-8.10236,8.268488
749,0.48349983,2.5661113,0.10383908,24.13043,7.160754
750,0.4274517,-0.6430956,0.33662182,0.82771766,0.62657666
751,0.42611042,0.15102337,0.09065239,12.30421,-11.884358
752,0.46456563,-0.82888114,0.80809313,-3.4229915,4.6992297
753,0.46802315,0.53775764,-0.3624631,9.908526,-14.800923
754,0.45425856,-0.50319564,1.8999065,6.5078735,9.657169
755,0.45444748,-1.6073401,2.1417296,-2.5702937,18.267714
756,0.43769738,-1.5623684,1.4988009,-4.0708175,15.554416
757,0.46759802,0.28918654,-0.2009787,11.403787,-13.516714
758,0.43482688,-0.26132458,0.63954127,7.0720057,4.756325
759,0.44605067,-0.8646126,0.12267943,-7.4848404,1.8310266
760,0.46876937,0.26079172,-0.4156086,7.5404325,-14.341273
761,0.47490948,0.4060314,-0.6055118,7.2600126,-14.608971
762,0.4729385,-1.8817588,2.4141061,-3.54349,20.369965
763,0.44522646,-0.4589345,0.072011694,1.2048651,-1.414933
764,0.466836,0.42763498,-0.55824023,6.961333,-15.267812
765,0.45669094,-0.85825366,0.35972965,-1.8808299,1.9692782
766,0.44444776,0.5780408,-0.5458929,10.685125,-14.918421
767,0.45921555,0.3466889,-0.5173418,6.7357454,-14.726347
768,0.43149012,0.3465764,-0.22824754,10.342381,-12.486176
769,0.43030843,-1.5511588,2.7554727,-0.029217714,19.3207
770,0.4642116,-0.5147895,0.2648814,1.7029427,0.16899197
771,0.43738648,-0.4067125,-0.37150663,0.6187535,-7.0833974
772,0.47695458,-0.45537826,0.17175254,1.6694477,-0.6932133
773,0.4320058,0.67140764,-0.25664443,16.379768,-14.0502825
774,0.43193898,-0.31955007,0.80250573,6.5147314,5.4979515
775,0.44622964,4.058454,0.29134977,37.15089,9.124524
776,0.43230858,1.2751852,0.76457685,16.652918,7.829551
777,0.45185176,-1.9133935,2.4471252,-3.6783893,20.65621
778,0.47362536,-0.31969506,1.5970653,7.301174,8.684886
779,0.4510071,-0.2781,0.18878448,2.5442338,-1.9177072
780,0.22442728,-0.7367834,-0.37162212,-16.182081,-9.027751
781,0.24580817,-1.0928805,-0.62723184,-18.96026,-4.0352135
782,0.20869182,-1.1462668,-0.68174005,-19.455242,-3.9654665
783,0.21188663,-1.4872977,-0.9803821,-27.897474,-6.2738276
784,0.23613864,-1.6225744,-0.8304412,-26.674267,3.0862114
785,0.23916551,-1.273337,-0.62983674,-19.658281,-1.4605031
786,0.21486345,-1.4129375,-0.8218102,-25.00148,-4.9841657
787,0.24806581,-1.4931062,-0.5723116,-23.810717,0.044089824
788,0.21310276,-1.1701269,-0.7396399,-23.546354,-8.41065
789,0.20557669,-1.7874713,-1.0905051,-32.898407,0.3903573
790,0.20658869,-1.1513182,-0.40922683,-17.102005,-0.62205577
791,0.24978292,-1.6405511,-0.721516,-24.561417,3.9329884
792,0.19797951,-1.6643003,-1.1611081,-32.962112,-4.7900386
793,0.2520685,-0.9997249,-0.6580724,-19.719006,-7.063399
794,0.19779082,-1.1254534,-0.7257259,-22.992064,-8.792429
795,0.23051804,-1.2552729,-0.7176609,-22.941442,-6.7499633
796,0.2598814,-1.6308377,-0.9394411,-29.216875,0.5443345
797,0.19685887,-0.94196093,-0.3923924,-15.266541,-7.3289485
798,0.24793218,-0.8544494,-0.48865482,-12.428089,-4.4517264
799,0.19818428,-1.7424343,-1.0458779,-31.941265,-0.24451852
800,0.20013821,-1.4318765,-0.9981743,-27.324997,-5.365399
801,0.22769,-1.6045604,-0.97724813,-30.585915,-2.339987
802,0.22610517,-1.3492972,-0.6949119,-23.177471,-3.031307
803,0.23091449,-1.0441865,-0.09775639,-10.683193,1.1162758
804,0.24819204,-1.5418817,-0.6825434,-24.43759,2.7204866
805,0.23859659,-0.80001146,-0.3577087,-13.032949,-5.789334
806,0.22999264,-1.8207855,-0.9479849,-29.679981,3.1302478
807,0.24096715,-1.6604794,-0.5777262,-21.633455,4.7003517
808,0.20667304,-1.379249,-0.85888255,-26.178381,-6.7077208
809,0.25620213,-1.766017,-0.8791579,-28.564295,3.208116
810,0.25093135,-1.1946428,-0.68373245,-22.327335,-6.9193974
811,0.21015218,-1.2912561,-0.69402385,-20.140047,-1.812803
812,0.22082008,-1.4676502,-0.8410446,-25.563965,-4.566689
813,0.24888515,-0.97944635,-0.55801386,-18.55969,-8.129809
814,0.21491805,-1.7964596,-1.0281407,-31.726725,2.321622
815,0.2091878,-1.6759453,-0.9715086,-30.47982,-0.6673616
816,0.22486359,-1.7310699,-0.99861676,-31.300087,-0.47737947
817,0.22069123,-1.7495142,-1.0221882,-31.687243,1.4215553
818,0.25703934,-0.9707966,-0.6246952,-19.532196,-8.555381
819,0.19955112,-1.8474925,-0.9952701,-30.641636,2.864521
820,0.22428983,-1.3273938,-0.7175435,-23.157373,-3.5113144
821,0.19934878,-1.2011719,-0.7767372,-24.298635,-7.8558292
822,0.23787078,-1.6003106,-0.78352016,-25.718287,1.5953853
823,0.19890583,-1.705986,-0.933116,-29.568838,1.2804871
824,0.21376938,-1.2275525,-0.78802794,-24.627884,-7.9552584
825,0.2023318,-1.4777874,-1.1315645,-35.003277,-10.250077
826,0.20595984,-1.7600198,-0.9840986,-30.498446,1.4193401
827,0.25535426,-1.8350513,-0.9640632,-30.031475,3.2364318
828,0.21258475,-1.7325209,-1.0483847,-31.940186,-1.0775399
829,0.23321202,-1.7980831,-0.9828409,-30.49097,2.550754
830,0.24455589,-1.275581,-0.822287,-24.877823,-7.7697086
831,0.23253794,-1.6792521,-1.0020438,-30.999973,-0.9629511
832,0.21206143,-1.7482405,-1.0541261,-32.352318,0.61756414
833,0.24095203,-1.2354515,-0.6301469,-21.917122,-4.9399295
834,0.24327247,-1.7678661,-0.85110617,-27.896639,3.8631642
835,0.24024072,-1.3285631,-0.7490627,-20.358826,-1.6138102
836,0.23023906,-1.4738139,-0.6633215,-22.368773,2.6320176
837,0.22513454,-1.4415085,-0.9149551,-25.957214,-2.9039736
838,0.20684978,-0.95356363,-0.525328,-17.834253,-7.930219
839,0.24996187,-1.0610011,-0.60855734,-13.977892,-1.9097193
840,0.21750075,-1.6068066,-1.1931642,-34.526154,-8.257292
841,0.26176557,-0.8725865,-0.3404294,-14.942268,-9.755236
842,0.23344068,-0.7808864,-0.25429302,-9.92677,-3.198362
843,0.24268578,-1.6437733,-0.6833922,-24.713154,3.8313518
844,0.2138682,-1.2917393,-0.8805601,-26.46703,-9.107237
845,0.22572097,-1.4850332,-0.70971197,-23.669165,1.3078117
846,0.25309426,-1.1894224,-0.9850137,-33.30021,-13.645274
847,0.20857008,-1.7522486,-1.0910714,-32.75614,-1.2127016
848,0.2372097,-1.7887931,-1.0113615,-31.36,0.45986372
849,0.24750562,-1.5017023,-0.80885386,-24.841583,0.80355173
850,0.21396452,-1.4825535,-0.97008544,-28.299883,-6.973768
851,0.2614879,-1.4494574,-0.42550033,-19.516016,3.4335027
852,0.24511398,-1.710754,-0.9093715,-28.377913,2.7423828
853,0.21197344,-0.51341605,0.22677815,10.852517,-8.514137
854,0.26249856,-1.6155919,-0.29200074,-17.815256,5.857979
855,0.22495688,-1.0733293,-0.6082837,-19.670263,-7.7289577
856,0.26149276,-0.8479788,-0.4436888,-11.779638,-3.8237662
857,0.23023587,-1.8403317,-0.97750854,-30.68513,3.1824462
858,0.20941167,-1.1856439,-0.81106365,-20.158525,-3.15249
859,0.2557477,-0.16258655,-0.527015,2.2638428,-10.426132
860,0.20119111,-1.6581848,-0.9777328,-31.019648,-2.0015514
861,0.20705992,-1.6650767,-0.9693325,-30.77162,-1.5261334
862,0.2529867,-1.5298127,-0.74500084,-24.545923,1.3003919
863,0.24878223,-1.1568191,-0.5701789,-18.641047,-0.7539276
864,0.23871689,-1.5163249,-0.8459325,-25.524622,0.0862863
865,0.24789633,-0.9410615,-0.48240772,-16.531223,-7.3603287
866,0.21815766,-0.9924697,-0.5177806,-17.165403,-7.1963315
867,0.2111066,-1.6933149,-1.0426091,-31.941261,-2.0190616
868,0.22716928,-1.1449008,-0.67472184,-21.727114,-7.5075226
869,0.23401706,-1.8382837,-0.9777106,-30.328611,3.6742833
870,0.20414947,-1.0778127,-0.6348038,-20.283026,-7.87389
871,0.24601929,-1.1433915,-0.679043,-15.371572,-1.9323704
872,0.24566437,-0.9938741,-0.5509021,-17.57176,-5.6815867
873,0.24216285,-1.7375233,-0.830573,-27.267645,3.8881423
874,0.24654897,-1.4561347,-0.83465016,-25.064241,-0.67587745
875,0.23215659,-1.8300326,-0.91017044,-29.219887,3.887059
876,0.233225,-1.8135593,-1.156916,-33.447517,-2.9498434
877,0.26115048,-1.5323006,-0.73489934,-24.221653,1.6970481
878,0.21773134,-1.04828,-0.097591914,-10.129634,1.0394784
879,0.22334808,-1.8506256,-1.0318213,-31.250301,2.4988542
880,0.23921052,-1.6791035,-0.7565631,-25.607115,3.973882
881,0.20886788,-1.7601233,-0.9794327,-30.937098,0.0018583729
882,0.21947734,-1.7444988,-0.9810193,-30.60022,0.658706
883,0.26161563,-0.8301526,-0.37697983,-13.795971,-7.0931168
884,0.21331844,-1.2938094,-0.7415277,-23.379406,-5.876837
885,0.25265917,-0.8816728,-0.5686534,-18.663244,-9.465489
886,0.24146906,-1.0486847,-0.62235,-19.998915,-8.076496
887,0.23168437,-1.0939348,-0.7114181,-19.637007,-4.6563544
888,0.20496038,-1.0730287,-0.68321955,-19.738699,-5.429784
889,0.25402743,-1.4027044,-0.603843,-21.610933,2.0897503
890,0.22547728,-0.38109016,-0.27996862,8.694697,-9.879791
891,0.7167381,2.8195984,0.06783094,26.186644,7.229755
892,0.8677361,3.265077,0.32895672,29.891598,9.180372
893,0.81038547,4.134799,0.12035056,36.919907,8.262833
894,0.75697225,4.060092,-0.034014832,36.847893,7.554091
895,1.0407925,4.2846575,0.48742002,38.89323,9.39724
896,0.68089175,2.397857,0.37160861,22.540586,9.1705065
897,0.69589436,3.409635,-0.95184237,33.51832,2.0245414
898,0.7624384,3.6365511,-0.8119064,34.7201,2.5603197
899,0.7148597,3.4061527,0.44412702,28.339333,9.730239
900,0.71952647,2.7742193,-1.2999434,19.517668,-21.880957
901,0.7766785,3.8928792,-0.868615,34.47016,3.611172
902,0.6885275,3.4169471,0.74302787,37.856186,11.809649
903,0.6873452,2.8180947,0.27632216,31.51528,9.675463
904,0.7245219,3.6820886,0.13941772,32.89426,8.102635
905,0.7718798,3.643384,0.20681567,33.26692,8.3282175
906,0.8102551,3.986184,0.57534117,37.72283,10.044164
907,0.6816154,2.2733238,1.0273234,20.804447,10.791441
908,1.206747,3.5936055,0.7922495,38.816444,11.097532
909,0.6890052,3.194271,-0.6978677,34.519936,1.1488922
910,0.73651916,3.3326516,-0.80717516,34.344723,1.6828723
911,0.6747303,3.328332,-0.9186163,34.137085,1.5565218
912,0.5842246,2.317094,0.2317991,22.578835,7.3034196
913,0.6464258,2.3194394,0.18076026,22.921936,7.734561
914,0.6146407,2.5793037,0.22533612,23.959023,8.692517
915,0.5782147,1.6398394,-0.9086879,17.767635,-18.492912
916,0.623502,2.9746616,-0.10674092,27.237389,6.348828
917,0.62031424,0.1911702,2.6799293,7.580039,17.150158
918,0.653518,2.6087348,0.20403706,24.236303,8.822156
919,0.6333041,-0.47262895,2.6381052,4.901792,20.15135
920,0.5932849,-0.8554669,3.0354192,4.581058,18.060867
921,0.5774232,-0.19506644,2.6078236,6.8647738,17.24092
922,0.59334874,3.262663,-0.34773207,30.786667,4.694821
923,0.5916595,1.8061777,-0.90273976,10.907912,-19.016582
924,0.5610741,2.3768978,0.15681836,23.087072,7.03085
925,0.59151864,1.9957379,-0.8994448,16.57918,-19.883326
926,0.6051557,-0.28874636,2.3565135,6.639175,16.001272
927,0.57350373,2.4326868,-0.37586614,28.73959,2.9534116
928,0.58593553,-0.56973517,2.6453345,4.523868,20.558218
929,0.56438726,-0.88984436,2.8631384,3.5175343,19.88947
930,0.59119356,2.9225073,-1.3023214,18.697325,-22.837141
931,0.6438687,3.0128257,0.34070325,25.714193,9.089586
932,0.6289761,2.5898113,0.57168615,23.15547,9.724375
933,0.6194123,1.2557111,1.4726171,15.731731,10.266755
934,0.59015477,2.962993,-1.386261,19.225021,-22.605453
935,0.6251705,0.015831998,2.8314176,7.286511,17.50844
936,0.26364663,-1.5159438,-0.4587216,-18.786093,4.8694
937,0.29151878,-1.0331061,-0.297945,-12.089829,0.40506917
938,0.27015045,-1.2608566,-0.49755794,-18.623775,0.66643006
939,0.304581,-0.7701256,-0.41923818,-3.7401593,-5.939362
940,0.33727613,-0.7871112,-0.41948047,-11.311694,-4.116307
941,0.29971683,-0.90668756,-0.49794692,-12.372023,-2.5759513
942,0.31816456,-1.2735738,-0.036622494,-13.380009,5.3120737
943,0.26412916,-1.4752868,-0.6164471,-22.058983,2.9190989
944,0.30810627,-0.47348648,-0.49359864,-0.37685186,-7.386802
945,0.3306684,-1.3043706,0.115375996,-12.550145,6.067918
946,0.26883328,-0.8767139,-0.30084142,-14.777645,-9.3596
947,0.2917267,-1.3047085,-0.3444484,-15.951242,3.7731702
948,0.33139607,-1.3437808,-0.5966806,-21.078434,1.1442523
949,0.28007388,-1.3464515,-0.62662226,-21.723871,0.42021206
950,0.29154912,-0.69216406,-0.27834707,-9.968283,-4.2201257
951,0.5197013,1.0250947,0.04259379,18.68376,-13.077498
952,0.5551993,0.9444291,0.56660956,19.349459,-11.022387
953,0.50417364,2.823646,1.2064841,20.664679,11.793867
954,0.50689244,-1.7682716,2.1477911,-3.6261694,18.71325
955,0.4914286,-1.7169209,2.500231,-2.7721796,20.49604
956,0.5070206,-0.39671195,2.4648032,6.157192,16.14064
957,0.4928586,1.3378515,-0.4513726,18.80974,-16.013355
958,0.52226895,-1.8112695,2.6727557,-2.3645053,20.889664
959,0.48874283,-1.5811449,1.888558,-3.7360358,16.767923
960,0.5210092,1.5588561,-0.99070036,11.391924,-18.221174
961,0.4933804,-0.54137796,1.3341678,4.318619,8.795562
962,0.5271141,0.8765707,-0.7681443,8.687166,-16.763554
963,0.50947416,1.1349422,-0.45153487,17.157452,-16.313875
964,0.5117533,-1.6334399,2.7041237,-1.1921005,20.440113
965,0.5334722,-1.3804978,2.6366966,0.72075754,19.940268
966,0.49949482,-1.4480913,2.6056128,0.059327986,20.232307
967,0.4962973,0.36107242,1.4012995,12.166973,8.486698
968,0.55407435,1.315216,-0.89500314,11.281431,-17.526878
969,0.48746583,-0.44408548,-0.16224292,-1.5108254,-3.258916
970,0.5514069,-1.619262,3.0127323,-0.79525226,21.638426
971,0.53724474,1.5418154,-0.8035367,16.762466,-18.043758
972,0.51324826,-0.41318855,1.4792722,4.5105157,9.013128
973,0.5446213,1.5956887,-0.4211512,18.866077,-16.82769
974,0.5125116,-0.5747912,2.3876204,5.637111,18.890345
975,0.36396772,-0.4568228,-0.6269621,-0.6600735,-9.133507
976,0.38427696,-1.0522501,-0.59397215,-18.387472,-3.94668
977,0.41967928,-0.37917846,1.3239377,7.082154,7.4308367
978,0.37060508,-0.50901127,-0.4089649,-0.3787265,-8.0783
979,0.40648174,-0.49178678,-0.29335272,0.2810151,-6.495893
980,0.38542125,0.062064327,-0.41471958,8.473136,-12.174758
981,0.4052347,-1.0036055,1.1480476,-4.548936,11.072442
982,0.38060787,-0.25572413,-0.37369338,1.463732,-7.5674844
983,0.3566076,-0.90059346,-0.5675886,-12.622041,-3.6873636
984,0.36197847,-1.2158587,-0.28380138,-14.775237,3.439417
985,0.40553668,-0.408538,0.8069821,7.180456,5.3047748
986,0.40237916,-0.59152204,0.4177157,-0.034004707,0.7915757
987,0.36601257,-0.5341831,0.013437302,-2.4160254,-2.2497916
988,0.34080192,-0.79081917,-0.13782594,-11.527294,-6.826465
989,0.39953125,-0.6014985,0.1101946,0.041699342,-0.8040755
990,0.37515077,-1.3535777,0.81189334,-6.6227484,10.654336
991,0.39263678,-0.48562932,-0.61252445,-1.0695766,-8.731081
992,0.3926372,-0.5790475,-0.12523055,9.00123,-8.744117
993,0.4010922,-0.31355968,0.53393954,5.9759254,2.611017
994,0.37615803,-0.39426202,-0.18141292,-0.91493034,-3.6061532
995,0.38950816,-0.31887954,-0.47627264,0.9577038,-7.9110703
996,0.38410792,-1.1879184,0.8643063,-6.025827,9.9343195
997,0.3980346,-0.54497564,-0.24028507,-1.4855053,-4.077994
998,0.3945406,-0.3433456,-0.37465602,0.8959512,-7.3713036
999,0.4075874,-1.367887,0.78729504,-7.148066,9.756781
1000,0.17635323,-1.7570665,-0.94996357,-29.734936,1.9238098
1001,0.14019643,-0.8234079,-0.88794243,-35.131294,-17.509375
1002,0.1516601,-1.2799476,-1.0648164,-34.440018,-13.84413
1003,0.15369606,-1.0482363,-0.9132513,-34.26336,-16.321743
1004,0.15400898,-1.455602,-1.2019156,-35.325768,-12.257094
1005,0.11562201,-1.1364911,-1.1045421,-36.931393,-16.122465
1006,0.12579647,-1.1791402,-1.239536,-38.335457,-15.814913
1007,0.13926943,-1.0516927,-1.1223801,-37.207897,-16.750645
1008,0.11348359,-1.0928572,-1.0662571,-36.292156,-16.413725
1009,0.17834587,-1.1480432,-0.80952024,-22.591885,-8.188287
1010,0.13741662,-1.3393041,-1.146977,-35.855476,-13.726276
1011,0.18150632,-1.0381943,-0.6474646,-19.122774,-5.2642584
1012,0.18934219,-1.4462953,-0.9609794,-27.648518,-6.8239717
1013,0.1151417,-1.3412246,-1.1789198,-35.854694,-13.031201
1014,0.1376695,-1.4339228,-1.2501211,-35.54769,-11.517278
1015,0.13893214,-1.3898728,-1.2127067,-33.47206,-10.7551985
1016,0.1700606,-1.3135276,-1.1853678,-33.295555,-10.787276
1017,0.12273725,-1.2902876,-1.2565491,-37.67202,-14.1867
1018,0.18542749,-1.4394538,-1.1438233,-32.046284,-10.373299
1019,0.18541606,-1.701846,-1.0281241,-31.860596,-2.0485194
1020,0.16510803,-1.6203307,-1.1407808,-33.87449,-7.0961466
1021,0.16247378,-1.1530687,-1.0329639,-35.253292,-15.5738535
1022,0.18938568,-1.8111643,-1.217924,-34.38818,-2.7028074
1023,0.11516568,-1.161089,0.6155227,-6.4977674,12.024679
1024,0.131914,-1.716964,-1.1007234,-32.789585,-2.845546
1025,0.1925623,-1.1492561,-0.8020175,-25.288599,-9.7408905
1026,0.0949008,-1.2626549,-1.0426804,-33.368214,-14.436292
1027,0.15846294,-1.2057773,-1.1561213,-36.885014,-15.215534
1028,0.4273889,-0.32271713,-0.53600055,0.9754155,-9.195674
1029,0.48370793,3.6003325,0.7396007,37.710716,11.177903
1030,0.4303703,-0.9183576,1.1948136,-3.7721639,11.142202
1031,0.47534102,1.0871512,0.88972175,15.844575,8.2448635
1032,0.4442953,-0.2605971,0.9044262,7.208582,5.993997
1033,0.48091182,1.2110319,-0.44090578,17.883831,-16.069817
1034,0.45628643,1.0091417,-0.49188808,16.885984,-15.579077
1035,0.48433933,-1.8674492,2.5528405,-3.058054,20.864305
1036,0.42188072,-1.76838,1.4626112,-5.265274,15.848283
1037,0.47847453,0.43710053,-0.8003724,6.501287,-15.230584
1038,0.44628367,-0.14942881,-0.6522674,1.8089122,-10.314631
1039,0.44388548,0.37129638,0.061258137,16.855745,-13.069474
1040,0.47796494,-1.5009096,2.7120523,-0.48353192,20.529
1041,0.4505065,0.47670224,0.8445902,16.884075,-11.757429
1042,0.4622353,-1.8110905,1.9704971,-4.389401,17.718386
1043,0.46517628,-0.18725522,-0.39711666,2.4860826,-9.003106
1044,0.42739552,-0.31125364,-0.5433256,0.87215304,-8.603873
1045,0.46409023,3.0239282,-0.6795533,34.450146,0.5671143
1046,0.44632265,-1.8390121,2.0525928,-4.4956946,18.634272
1047,0.4683327,-1.169924,1.3828818,-4.5172534,12.260612
1048,0.43837342,-1.8860165,2.1689448,-4.4526515,19.41707
1049,0.4758209,0.5182189,-0.5697438,8.507405,-15.055961
1050,0.43815923,-1.7869164,2.053753,-4.1125073,18.299593
1051,0.4622672,0.012560051,-0.45092565,3.3830538,-9.737258
1052,0.4737762,-1.6051267,1.5631618,-4.6650434,15.823153
1053,0.464504,-1.6802677,2.4063494,-2.2843542,19.86838
1054,0.47268486,-1.6767725,2.2753325,-2.7596707,19.32952
1055,0.33109486,-0.40832552,-0.24751692,0.5188056,-5.603783
1056,0.26538303,-1.0226824,-0.4842114,-16.833908,-6.7861614
1057,0.31583503,-1.1580241,-0.21569848,-13.299255,3.0511868
1058,0.33249852,-0.4930093,-0.19236754,-2.3738825,-3.1046367
1059,0.28687117,-1.5262144,-0.26232985,-16.797516,5.5653944
1060,0.3278783,-1.0598617,-0.60644406,-19.175545,-7.7869325
1061,0.30913168,-0.8055774,-0.2967573,-12.471211,-6.833797
1062,0.2720282,-0.98808795,-0.58963704,-18.835665,-7.4454107
1063,0.2738867,-1.140733,-0.7323801,-15.078489,-1.8958564
1064,0.31075197,-0.7057561,-0.2804381,-9.885753,-5.8534718
1065,0.29846463,-0.5521484,0.1443252,0.8747572,-0.6899061
1066,0.24632339,-0.801444,-0.48457617,-17.459637,-9.330524
1067,0.23535374,-1.0404351,-0.63220036,-18.548967,-4.091768
1068,0.23688053,-1.5503461,-0.7668266,-24.672897,2.0521336
1069,0.19323945,-1.5217961,-1.1043161,-30.51332,-7.2568836
1070,0.22300756,-1.1692889,-0.778463,-20.288591,-4.3252735
1071,0.21611354,-1.7681879,-0.9551166,-29.903349,2.4793599
1072,0.20708922,-1.5535135,-1.0513564,-32.444862,-6.668015
1073,0.19662234,-1.6275362,-1.2116573,-34.88374,-8.4392395
1074,0.25078598,-1.4715959,-0.6316753,-22.980879,1.5969772
1075,0.22699055,-1.6740342,-0.78822875,-26.18722,2.733196
1076,0.2512582,-1.7642502,-1.021343,-31.878881,1.6015968
1077,0.22514433,-1.8346337,-0.9467098,-29.745058,3.612875
1078,0.23117486,-1.4493388,-1.0309892,-27.596783,-5.1915407
1079,0.21575794,-1.2524519,-0.744696,-23.388178,-7.1408644
1080,0.25694326,-1.5048288,-0.49320358,-19.221043,4.5334206
1081,0.21726756,-0.829626,0.539347,11.137175,-7.9597545
1082,0.25793576,-1.2810574,-0.5255115,-18.9339,1.118316
1083,0.20041856,-1.6484076,-0.6840241,-23.739677,4.0531855
1084,0.21325548,-1.6879491,-0.8562606,-28.234823,1.3672351
1085,0.23363811,-1.211301,-0.5905744,-19.16401,-2.5483701
1086,0.21379685,-1.7991934,-1.1520565,-33.7116,-1.4450556
1087,0.25116614,-1.7312338,-0.9755484,-31.106165,1.7918402
1088,0.21542744,-1.1255466,-0.7310956,-23.247694,-9.035556
1089,0.2099207,-1.1506287,-0.7530314,-23.908632,-9.185061
1090,0.19716723,-1.8066916,-1.1325201,-33.61447,-0.22245117
1091,0.2404137,-1.719186,-0.91350514,-28.994202,2.05572
1092,0.21852848,-1.6087669,-0.92014045,-28.672869,-0.044456296
