index,target,PCA_1,PCA_2,tSNE_1,tSNE_20,0.7047325,3.8016455,2.2638526,38.390385,-0.3665796
1,0.65560484,3.3740501,1.0007855,31.62519,-18.129652
2,0.7301311,3.9820223,2.0455554,39.172268,-2.697976
3,0.761047,4.107899,2.7409112,40.92474,-0.7841086
4,0.6735665,3.6751924,1.6433868,37.216515,-2.912761
5,0.7317585,3.9584734,1.8882636,38.51356,-3.6649919
6,0.8509952,3.9101598,2.5614882,45.109818,2.0752373
7,0.6753986,3.3855314,2.235582,34.420628,1.4840901
8,0.6851335,3.6656113,2.126283,37.35836,-0.99064153
9,0.8324486,3.8384492,2.5573945,45.911617,2.811096
10,0.6742535,3.2965786,2.092385,34.56083,5.1669087
11,0.83150774,3.6387255,2.3242545,45.458775,3.502906
12,0.678693,3.802997,2.276417,37.054226,-0.22491314
13,0.77100295,4.1696754,2.7777977,41.42704,-0.61625093
14,0.7109414,3.7352521,2.4522827,37.31703,1.9334036
15,0.68208605,3.5327964,2.3286684,36.864426,2.3205087
16,0.70449543,3.68522,2.4700716,37.437634,3.6830647
17,0.66480696,2.9551325,1.7964145,33.43512,5.3827496
18,0.6898997,2.581586,1.3570615,28.810577,4.88022
19,0.8344395,2.9737663,1.0069673,34.047302,-13.515803
20,0.65539986,2.0410774,-0.7334568,13.469027,-20.01772
21,0.7018898,3.5006227,1.8145697,36.67225,-3.9032063
22,0.916334,3.540403,2.0127065,47.16187,4.443851
23,0.67941463,3.302452,1.2712145,40.81246,4.453205
24,0.6567671,2.9537616,-0.324012,29.935156,-19.959158
25,0.77618307,4.2032466,2.4357817,42.48658,-1.3077034
26,0.8648826,3.1728253,1.1698486,34.196686,-13.9654455
27,0.736356,3.2374728,1.6493663,41.598522,4.5139413
28,0.84153414,3.692235,2.4509141,45.38339,4.296309
29,0.6546648,3.4306455,1.8436342,33.215492,2.378906
30,0.70737416,3.8735924,1.7234522,38.562874,-4.1133046
31,0.7126492,3.7467687,1.8338759,37.94751,-3.4221168
32,0.7299003,3.8614545,2.3204486,39.467854,-1.3072752
33,0.91217464,3.7288516,2.3515317,46.117664,4.5076566
34,0.68181866,2.8834016,0.49290273,30.309587,-17.05595
35,0.6639527,3.3721008,1.8449999,34.24814,1.8320503
36,1.0597229,2.221877,0.98754793,31.030172,-2.047102
37,0.68314475,3.419258,1.9572346,36.059475,-0.5652863
38,0.7154072,3.818665,2.250936,37.92329,-1.1770111
39,0.69530183,3.8097036,2.0068624,37.475937,-2.0252478
40,0.6613885,2.646184,-0.11537316,30.96226,-16.669651
41,0.7726146,3.1139991,1.8887633,35.805553,3.0109494
42,0.6884729,3.662068,1.975869,35.17555,-0.9304659
43,0.707251,2.9892778,0.83297247,32.697906,-13.503548
44,0.9472525,3.6630387,2.4059763,46.123215,5.430711
45,0.7236873,4.1432304,2.3562973,38.579628,-1.8507624
46,0.7919123,2.5770204,1.1009425,32.77664,-2.4304981
47,0.7125077,3.47488,1.9297938,36.186398,0.09992664
48,0.67908347,3.749869,2.025496,40.183437,-0.12735292
49,0.81379974,3.6525974,2.2966383,44.500835,3.9501781
50,1.14415,2.5325618,0.6959668,35.826035,-12.479198
51,0.70751417,3.9165044,2.010976,39.906742,-2.4845502
52,0.87530017,3.7424488,2.186777,45.78876,4.1477227
53,0.78691846,3.6304412,2.3080318,39.936085,2.9388196
54,0.77072936,3.7588031,2.151659,43.500393,1.9490092
55,0.6608632,0.19790308,-0.5455417,1.0354697,6.594017
56,0.8748907,3.6624305,2.3473191,46.17642,3.641014
57,0.66906583,2.6094115,-1.0472643,20.616838,-29.853563
58,0.8726341,3.7967148,2.4980574,46.221245,3.3406022
59,0.66346383,2.610591,-0.6943968,21.008644,-30.922462
60,0.70640284,3.538751,2.085551,37.856308,0.48282942
61,0.8120579,3.633461,2.2880852,44.875618,3.3242874
62,0.7109505,3.6843474,2.0151627,36.278545,-2.0568738
63,0.9349133,3.7775831,1.7547659,42.159157,3.57368
64,1.1596075,2.3142383,0.52701473,35.885593,-12.440569
65,0.69463724,3.876753,1.9301214,38.596615,-3.1627986
66,0.74453706,3.9331546,2.5075965,42.23391,2.286387
67,0.6671339,2.5973048,-0.87654936,20.483006,-30.086195
68,0.6770131,3.626187,1.2918622,37.831524,-5.30518
69,0.7824607,4.047425,2.3598812,42.65839,0.93946415
70,0.7662557,3.0114374,1.1427485,33.620457,-14.409934
71,0.825554,3.6754773,2.2347393,44.114388,3.842993
72,0.8541577,3.8361988,2.6119068,46.07824,2.936667
73,0.75307375,4.0228457,2.6150086,40.527164,-0.88809884
74,0.7927087,3.110207,1.1759356,34.00499,-13.850288
75,0.6950363,3.5845447,1.8902436,36.719944,-1.1750866
76,0.81377435,3.5756135,2.485351,45.31233,3.056125
77,0.67362386,3.2350082,1.6267784,33.259167,4.6961865
78,0.78292215,2.9445524,0.8611208,33.284134,-13.612544
79,0.7593829,4.0233173,2.4418323,40.038956,-1.675792
80,0.7891008,3.0410388,0.91481113,32.856026,-13.210321
81,0.66477334,2.9215202,0.6862967,40.49881,4.800172
82,0.7217702,3.9299943,1.8740482,41.12485,1.9149464
83,0.7573886,3.7854462,2.2930782,43.791374,2.8865867
84,0.9122613,3.8743284,2.3440278,43.4113,2.3730798
85,0.8964753,3.5513818,2.1380672,46.494274,4.6648
86,0.7566408,3.7556462,1.6856269,42.100964,3.5318887
87,0.67784876,3.545753,2.1185806,36.131126,0.7858539
88,0.9056362,3.6979282,2.3064306,45.883823,4.8396935
89,0.99094194,3.7113879,2.4011123,46.623672,4.2130146
90,0.6892792,3.4820204,0.9445325,41.03135,-4.31755
91,0.72473073,4.237194,2.600646,42.05509,-0.29448992
92,0.68215114,3.3440652,1.8628323,36.635685,0.98710907
93,0.86017126,3.1738508,1.187826,34.128628,-13.780262
94,0.6823869,3.0176175,1.6809129,35.471508,3.9109297
95,0.8661452,3.642627,2.4964328,45.183064,4.995374
96,0.690725,3.9611478,2.1716335,39.968517,-1.5966859
97,0.74126637,3.2455657,1.4607072,33.264645,-12.541631
98,0.6723381,2.7906854,0.81943923,32.599644,-14.473129
99,0.67556304,3.0073693,2.0481215,33.889786,5.584073
100,0.7209877,3.835038,1.782803,40.065308,-3.513684
101,0.73489034,3.9617352,1.6517674,39.4527,-4.037172
102,0.7211007,2.1180842,-1.6301504,20.199108,-27.71941
103,0.8069836,3.6302826,2.3263195,45.027176,2.5280564
104,0.749623,4.070425,2.087402,41.724613,-2.1291018
105,0.66933084,2.6183312,-0.64542556,21.740822,-29.781775
106,0.72774225,3.8544893,2.4173765,39.508255,-0.8302978
107,0.68472296,1.0416418,-1.1798688,12.195608,12.638465
108,0.66548663,3.5208008,1.4965599,38.61299,2.0338652
109,0.65799,3.639695,2.0897052,35.142887,0.6201948
110,0.9251059,2.183567,0.37148044,35.816822,-12.4808
111,0.66243535,2.4551985,-0.4141449,22.125301,-30.409296
112,0.49352545,1.0043409,-1.1690521,14.594606,9.097612
113,0.5037803,1.0516227,-1.1296896,14.613539,9.877638
114,0.53528845,1.5712698,-0.50734586,18.920422,9.32509
115,0.5045395,0.7354254,-0.84356284,19.021196,1.8072665
116,0.5514143,1.9359745,-0.6296052,25.652508,-15.327968
117,0.516274,1.0660485,-1.0481306,13.6424675,10.334527
118,0.519121,0.9081391,-1.1815069,13.48771,9.7891245
119,0.52823305,0.19867378,-1.2263722,-0.03262193,5.236719
120,0.5484625,2.092463,0.34959787,26.520443,4.844927
121,0.5149307,1.196793,-0.7432274,19.94505,2.1638267
122,0.5249436,-1.351032,-0.35059544,-15.631906,1.1448518
123,0.5231539,1.2452623,-0.5032189,21.024876,7.1654916
124,0.53990024,0.6458308,-1.1343031,12.916765,7.0576286
125,0.5313788,1.7794857,-1.2209599,20.752258,-17.958172
126,0.5036333,1.7191685,-2.1014278,21.975716,-21.570366
127,0.51201004,1.8028694,-1.7163616,23.424597,-21.558489
128,0.53736496,2.0164301,0.44104445,25.620913,5.349643
129,0.51039934,-0.29428995,-0.19006574,-1.2760638,8.624559
130,0.5138023,1.5965348,-0.23950021,22.5219,1.7253709
131,0.49094117,0.9715666,-1.1938574,12.953821,12.112338
132,0.523794,1.2160472,-0.8651158,13.219643,12.562203
133,0.5093096,1.9179648,-1.9723262,23.250093,-22.249395
134,0.5507614,2.3025286,-1.6321367,24.396534,-23.233934
135,0.5432291,0.04582498,-0.853697,3.3934066,7.1794863
136,0.49199113,-2.40126,0.7333019,-40.833534,1.562488
137,0.54160905,1.4071954,-1.0382227,19.593075,-16.751999
138,0.5086439,1.1165123,-2.1448402,16.833641,-19.11079
139,0.51396465,2.7300541,0.3650756,31.816706,-15.523963
140,0.5408755,2.2159853,-1.3351316,24.911415,-20.294413
141,0.51827675,1.7334337,-1.6512843,22.26338,-20.259565
142,0.5053847,1.2587104,-1.3313296,18.083754,-14.706663
143,0.50039786,0.78353876,-1.3800477,14.526882,-17.13721
144,0.49670103,1.8443422,-1.5137215,23.49809,-20.251068
145,0.49609175,1.7861152,-1.9012661,20.496311,-22.889797
146,0.5475454,1.441519,-0.8243686,17.371374,9.428484
147,0.53596157,2.9361596,0.6350783,30.81531,-16.219872
148,0.53272986,1.3350049,0.0385732,20.118412,-0.99023855
149,0.54490715,2.9436698,1.5212033,31.270176,4.2595778
150,0.52028775,1.1909127,-0.92606443,15.428331,10.094687
151,0.51274663,1.0138274,-1.2231483,14.517219,9.47777
152,0.5543858,1.9715778,-2.0417757,21.387373,-24.87088
153,0.5422951,0.70962477,-1.345027,14.452406,-17.076027
154,0.5057045,1.0171545,-0.9035955,15.308797,10.305092
155,0.53278875,3.80213,2.2736418,44.270203,2.5587304
156,0.5045006,1.6075224,-1.4680295,19.250633,-20.832752
157,0.50830424,1.4652398,-1.2512168,19.285585,-20.277956
158,0.5323962,1.5282722,-0.9412967,18.179312,9.733069
159,0.5056658,0.93457204,-1.4332073,14.600521,-16.387371
160,0.5419976,1.890311,-2.0024962,22.515135,-21.867348
161,0.5210947,1.7584457,-1.8907756,22.442383,-21.53626
162,0.53818953,0.84008116,-1.6397691,16.006039,-15.664627
163,0.5394998,2.1940413,0.011071733,31.500387,-14.627442
164,0.50882596,1.6964744,-0.23683539,23.360687,3.350106
165,0.5026745,1.9495908,-1.7397603,19.995817,-21.786871
166,0.54581416,1.7897435,-0.24931037,20.213844,8.361583
167,0.49716946,0.56827044,-1.8977785,7.2429185,-2.325467
168,0.49158067,1.6589637,-1.6869007,19.228369,-21.312437
169,0.5074646,1.1166716,-0.777832,15.379743,12.26316
170,0.5573971,1.98309,-2.114005,21.908894,-24.736458
171,0.49224886,1.5392052,-2.1091695,19.134169,-24.46884
172,0.5286601,1.0428214,-0.7422191,14.69669,13.045461
173,0.5318549,1.8224751,-2.0066814,22.609615,-22.145813
174,0.5418331,1.6811615,-2.1677876,20.368694,-24.309671
175,0.534278,0.6022418,-1.2173684,13.003989,6.6755867
176,0.54661465,1.9455281,-0.0779176,20.859056,9.070983
177,0.4936027,1.023715,-1.7259126,7.332674,-4.4044285
178,0.5065729,1.7368983,-0.41116628,22.768764,3.5217772
179,0.5364149,1.4259852,-0.5792885,16.557531,9.920341
180,0.5278559,1.6835823,0.055919275,22.874805,1.6504189
181,0.52340585,0.9696846,-1.2554033,12.443757,12.490958
182,0.55746967,2.1730192,-1.9174085,22.78865,-23.856628
183,0.5293693,1.7207252,-1.1947086,22.447088,-18.789707
184,0.5380876,0.6351348,-1.0684018,11.210194,7.762683
185,0.52223206,1.8773427,-0.17603233,22.8044,3.5295541
186,0.49491084,0.81767696,-1.4533769,10.571028,11.890932
187,0.49819678,1.4860953,-1.7642813,18.460526,-17.88036
188,0.4904001,1.0948044,-0.7192128,16.152117,8.796629
189,0.5421684,2.1880734,-1.8973035,23.562958,-24.143332
190,0.53433615,1.8672843,-0.9836363,22.925014,-18.593681
191,0.4905903,0.8687348,-0.9431711,11.233309,11.19682
192,0.486912,1.2617356,-2.0188296,17.252138,-18.140253
193,0.50647056,1.0472991,-0.82849044,15.913531,10.494137
194,0.5270797,1.4905901,-0.81779546,17.370436,10.493338
195,0.497585,1.8327962,0.18492424,24.084364,2.0075872
196,0.5522744,2.3919926,-1.4245213,22.82468,-26.907976
197,0.54198664,3.1329017,1.7600682,34.92511,2.957781
198,0.54656625,1.7590504,-0.77433383,19.933327,-20.318266
199,0.51385844,2.00575,-1.71684,24.075722,-21.800615
200,0.5130487,1.7322174,-1.7578511,22.87445,-21.069626
201,0.48917773,1.6054931,-1.3559858,22.1823,-19.379677
202,0.54708725,1.4285628,-1.519623,19.719841,-17.835236
203,0.4950405,1.2276847,-1.6495218,18.9726,-17.550173
204,0.5273215,1.2662431,-1.4417146,17.948524,-14.8171215
205,0.49581409,2.2144938,-0.9677845,22.882515,-29.360054
206,0.49709758,0.7724659,-1.2619547,11.129648,11.956985
207,0.48992613,2.7269807,1.4501642,31.098427,7.924579
208,0.5309636,1.7657288,-2.1406672,21.391224,-23.271208
209,0.5251336,1.455966,-2.0128105,17.111902,-20.100258
210,0.49906278,3.1510782,1.7773048,35.509983,4.371944
211,0.4987718,1.1008102,-1.2108922,14.225097,9.907227
212,0.49606967,1.3295274,-1.8610231,17.448141,-19.117628
213,0.511487,1.1212199,-0.7453526,15.270944,10.551029
214,0.50583136,1.573139,0.45540738,26.749159,3.1748333
215,0.5483461,1.7393079,-0.34920463,21.261982,7.5997157
216,0.5339289,1.9698597,-1.1088601,25.061975,-18.185722
217,0.53123885,2.017041,-1.5302767,19.93396,-21.538073
218,0.5184961,1.8077978,0.24437797,23.854488,1.3003289
219,0.50361645,1.4813653,-2.0051572,17.15181,-20.824982
220,0.48630822,1.0924149,-1.7879071,17.252876,-15.46527
221,0.53556275,1.5328622,-1.2745652,17.71512,-14.114353
222,0.54354113,0.5780121,-0.21640061,-7.7945766,-3.126843
223,0.36791652,0.545878,-1.9670138,9.425103,1.6623611
224,0.365542,-0.3685587,-0.9713799,-1.3768303,3.8375356
225,0.38061035,-0.11265587,-1.701015,3.2664013,-1.6347734
226,0.37843475,-0.66542876,-1.1537068,-8.440318,10.7123165
227,0.38083583,0.27237618,-1.4210211,10.160943,7.193912
228,0.3863365,-0.3996923,-1.1208676,-4.932111,7.394131
229,0.35383233,-0.6101737,-1.0941998,-7.6387973,8.618516
230,0.35224116,-0.7555005,-1.2719123,-4.0692334,1.6694341
231,0.34085003,-1.1841261,-0.83868986,-14.610477,11.173178
232,0.34410852,-1.6404235,-0.85195416,-19.503342,9.000712
233,0.38677353,-0.24732184,-1.5419959,2.0535867,-0.6136198
234,0.40484393,-0.12929928,-1.0716137,-0.052280676,3.633085
235,0.40868598,0.2522641,-1.7566216,6.7584224,-0.113845065
236,0.40856016,0.1394319,-1.5121135,2.8324025,2.286333
237,0.34641466,-1.4622743,-0.56274897,-15.302534,7.9281607
238,0.4125641,1.914798,-2.0711215,22.670935,-23.14792
239,0.42035797,-0.34958944,-0.20833118,-1.3603318,8.670049
240,0.3628653,-0.5577545,-0.6100763,-4.716236,0.9446688
241,0.4198767,0.19126844,-1.9882046,7.4771967,0.78462714
242,0.3610975,-0.47325075,-0.9906241,-3.7749562,1.0132686
243,0.41781586,0.28792652,-2.040293,7.6611857,0.46542066
244,0.40758255,0.6170895,-0.64547193,5.777596,8.248112
245,0.37213457,-1.2756398,-0.5925325,-12.459121,8.8729
246,0.38551903,-0.34342283,-0.8294395,-1.7438133,0.9665024
247,0.36116537,-0.37579903,-0.92889374,-1.9102718,2.3515902
248,0.367617,-1.7378743,-0.3236111,-15.664855,5.337615
249,0.37856132,-0.2530722,-1.1550382,-1.7131851,2.156997
250,0.42099252,0.2694796,-1.064203,-2.8477454,10.217128
251,0.3484772,-0.875288,-0.18386655,-9.510113,0.31350756
252,0.35333383,-0.601434,-0.93378496,-5.639913,8.172215
253,0.35413846,-0.87550867,-0.18536033,-9.489631,0.405147
254,0.34517744,-0.92709416,-0.99097085,-10.694152,7.4120455
255,0.3778371,-1.6025879,-0.15856655,-13.51907,2.8225205
256,0.35238126,-0.3227549,-0.3629388,-1.2850217,-1.802849
257,0.34817365,-0.6977351,-0.8832509,-3.6296604,4.5235105
258,0.35569093,-0.5021105,-0.91880435,-1.8837312,3.7872581
259,0.37172684,-0.24515478,-1.300138,3.7234375,6.046176
260,0.42049542,0.3323233,-2.219086,5.4306626,-3.2705507
261,0.4096191,0.22764769,-1.848977,5.015178,-2.475668
262,0.38120863,-1.5707501,-0.5652498,-18.772863,8.414721
263,0.41343206,0.2466369,-1.4826962,9.94388,6.3697877
264,0.33933976,-1.2706828,-1.0687294,-11.16641,7.197974
265,0.38894966,-0.0007627711,-1.7563645,2.6751661,-0.8793695
266,0.4175346,0.16296846,-0.5507496,-4.404293,10.7226925
267,0.40712756,0.7470233,-0.954743,15.386212,-1.2394022
268,0.4120623,0.12300295,-1.6368185,1.9402958,-0.5431569
269,0.3576954,-0.6353116,-0.282428,-8.199358,1.504157
270,0.38252446,-0.16491297,-1.181527,-5.2116017,8.20856
271,0.3558587,-0.664032,-0.7227726,-3.919225,4.625808
272,0.39093393,-0.5393488,-1.0526123,-7.771124,10.538051
273,0.36338657,-0.65249425,-0.9907658,-5.84258,8.845654
274,0.34335193,-0.77040106,-0.18539912,-8.422125,1.5147482
275,0.37634316,-0.40560412,-0.7519696,-1.8318686,0.9552499
276,0.34423384,3.4700372,2.2680914,39.920433,3.0042772
277,0.3626693,-0.5924927,-0.77311206,-3.3974488,3.5799942
278,0.36114168,-0.7734805,-0.54506296,-5.5023284,1.0204657
279,0.4110796,-0.20054798,-0.6991724,-4.9956098,10.463189
280,0.41765997,0.29493165,-1.7222645,4.7033396,-1.0328138
281,0.36056343,-0.4731186,-1.1239734,2.5090709,6.4035172
282,0.37848023,-0.23219074,-0.9416425,0.87042904,1.7124779
283,0.35531643,-0.93127835,-0.41784644,-9.324367,2.370124
284,0.37348235,-0.42232534,-0.32048193,-8.163567,0.014518885
285,0.41410828,-1.9154408,-0.36409903,-17.189672,6.043688
286,0.39905748,0.0074959304,-1.3816233,3.3172486,0.8680875
287,0.36142427,-0.79122955,-0.74273247,-5.1394053,1.171923
288,0.3976656,-0.21118382,-1.4528352,0.18697192,4.0575423
289,0.39234382,-0.008306649,-1.2272779,14.468301,-3.9408479
290,0.36235672,-1.589701,-0.17471558,-13.708254,2.911093
291,0.40416718,0.024177613,-1.5541872,4.026767,-0.85329735
292,0.4070536,0.20016761,-0.68073446,-4.2072077,10.302132
293,0.37757844,-0.21041805,-1.082122,-3.4583566,6.3599377
294,0.35281825,-0.7476454,-1.032853,-6.1392674,7.73166
295,0.37272152,0.17463382,-0.86347085,4.2450914,6.441487
296,0.41178405,0.24235493,-1.4259443,2.5555112,3.2503295
297,0.3622527,-1.0606002,-1.0197141,-11.037124,10.452178
298,0.35600883,-1.2350435,-0.3327237,-12.103508,1.8952395
299,0.42068338,0.32336137,-1.481162,10.245383,5.733338
300,0.41151106,0.51001287,-0.81637055,13.403137,-3.0756168
301,0.40205964,0.15736203,-1.1798971,13.857658,-4.141868
302,0.38662255,-0.5485975,-1.0709639,-0.24956119,1.566453
303,0.40647602,1.4728124,-1.7868017,18.618134,-19.231798
304,0.36895075,-0.62174946,-0.60930663,-3.3435552,4.2292824
305,0.3660228,-0.43036312,-0.988901,-1.9346077,3.9197037
306,0.35746062,-0.35835958,-0.9587947,-1.4274331,4.210094
307,0.34617567,-1.197248,-0.7459516,-14.7663965,11.0037565
308,0.35084677,3.8159022,2.3746824,42.195904,2.4000807
309,0.3888761,-0.79896605,-1.4023674,-9.0558195,10.992852
310,0.4062371,-0.17411041,-0.88192236,-4.0863705,5.247762
311,0.35282883,-1.5146731,-1.0925319,-20.890717,9.511926
312,0.4045433,0.16660008,-1.532975,4.5324574,0.6345781
313,0.41417968,0.01293891,-0.66047424,-1.0444483,6.0086727
314,0.40982082,0.49835333,-1.6850356,6.7475104,3.1451757
315,0.3859866,-1.8032812,-0.26824847,-14.900056,4.6831555
316,0.39379644,-0.14753,-0.72881603,-4.4870453,10.340009
317,0.3862016,-0.31972417,-1.4220781,3.4762168,5.9806604
318,0.3550246,-0.42073187,-0.8501541,-3.9181917,6.333465
319,0.38193503,2.0461242,-1.8629901,21.336273,-25.891603
320,0.4143601,0.20631114,-1.4499977,2.2491953,2.9161692
321,0.41437843,-0.061203867,-0.7746721,-2.050232,5.8044987
322,0.3477097,-1.3424735,-0.4563502,-12.747742,5.2474465
323,0.3899722,0.07495731,-1.806348,4.218055,-1.4669012
324,0.41005266,0.8927961,-1.8871244,15.8793545,-16.610386
325,0.34613183,-1.2123377,-0.25469515,-11.268443,3.4713988
326,0.3712736,-0.30007893,-0.9400279,-2.2537737,4.966092
327,0.35700712,-0.7265705,-0.95461494,-9.702395,10.067911
328,0.3455605,-1.0109388,-0.8226197,-10.649279,9.867804
329,0.3926578,0.4342262,-0.15817498,0.19630279,7.86843
330,0.3493273,-1.0359247,-0.86153305,-10.519914,10.0763645
331,0.40679225,0.70496225,-1.1493808,10.404803,10.989394
332,0.42043242,1.425592,-1.3884465,21.310328,-18.924957
333,0.39807054,-0.8865962,-0.4716554,-5.9591336,3.673893
334,0.1707576,-3.6409888,1.3873849,-48.82759,-3.002222
335,0.1256466,-3.073795,1.4005972,-53.633713,2.8701458
336,0.09835389,-1.3270901,0.15749651,-10.697549,-3.6006677
337,0.17062227,-3.5362275,1.3541334,-47.768955,-3.5775316
338,0.1731925,-3.755529,1.508002,-48.895367,-3.6335585
339,0.18863723,-3.233483,0.8030653,-42.65026,0.24913146
340,0.19136941,-3.4493399,0.9692692,-43.97831,-1.2053258
341,0.1741077,-3.3232262,0.8993373,-41.868618,-1.4227034
342,0.1306438,-3.8657773,1.5224237,-52.542107,-2.5519958
343,0.17480323,-1.769299,-0.6426918,-19.26832,8.200974
344,0.17948999,-3.233606,0.90701044,-39.108368,-2.4067307
345,0.12649632,-3.4047577,1.1828088,-49.793503,0.7830936
346,0.14028266,-3.9865472,1.6515782,-53.87067,-0.88813204
347,0.05729091,-2.9255028,1.2651706,-51.524464,2.285745
348,0.15323706,-3.6185713,1.4248576,-49.528748,-2.0867393
349,0.15212993,-3.57176,1.230316,-45.577652,-1.4245766
350,0.1655762,-3.9250128,1.587337,-49.671112,-2.876933
351,0.12347407,-2.218614,0.44444597,-31.718822,5.7294893
352,0.17892429,-1.903833,0.7089779,-13.491917,-2.4942923
353,0.18291159,-3.472428,1.320527,-47.922844,-4.299502
354,0.15486243,-3.7752395,1.5818093,-50.5996,-5.6858764
355,0.12024298,-0.40849832,-0.19321445,-1.3914547,8.575491
356,0.18704297,-3.2460914,0.8304163,-40.656525,-2.1861444
357,0.1028752,-3.122313,1.4002852,-56.134064,3.3281956
358,0.14642474,-3.62051,1.4789277,-52.530792,-1.7050344
359,0.1389888,-2.6437812,0.280987,-30.695362,1.0676925
360,0.18970025,-3.4733284,1.215933,-46.74768,-4.68987
361,0.15545784,-3.027784,1.4739448,-52.716534,-3.9848905
362,0.19182876,-3.3507364,1.1040386,-45.02592,-2.877096
363,0.10410633,-3.6220326,1.6265488,-55.994766,2.4985259
364,0.10318068,-3.7774248,1.5956727,-55.692013,1.3640304
365,0.1227861,-3.8368073,1.4609932,-53.605347,0.8050565
366,0.12676764,-3.9730542,1.5677634,-54.19221,0.53520787
367,0.1359591,-3.6992636,1.4357847,-51.8175,-0.018163733
368,0.14105248,-3.3524437,1.0788255,-49.642117,1.6310477
369,0.1145876,-3.5664628,1.1020552,-46.24911,-0.2201392
370,0.18430406,-3.4314752,1.0458848,-45.658184,-2.311698
371,0.11511052,-3.3311808,1.496154,-55.862007,3.1547904
372,0.13790865,-3.7745514,1.5353234,-52.4393,-0.5916132
373,0.17588319,-3.7254047,1.2558683,-46.62974,-2.4834132
374,0.15827945,-3.562172,1.4808806,-49.989197,-3.050541
375,0.1510188,-3.2703314,1.309747,-50.495132,0.106538795
376,0.19002679,-3.5685596,1.2445709,-46.46064,-5.147687
377,0.13368338,-1.2337363,0.027935967,-11.065811,-2.1317267
378,0.03480182,-2.7078285,0.64784724,-32.843857,5.870724
379,0.15521035,0.030449992,-0.97505903,-3.7803342,8.476103
380,0.17164187,-3.4594407,1.2993115,-47.50532,-4.782969
381,0.17499548,-3.582947,1.1999967,-46.05577,-4.918299
382,0.13627231,-3.5875099,1.2605375,-50.840176,0.71257216
383,0.11625899,-3.1212103,0.6790632,-43.14782,2.6770225
384,0.13977113,-3.9125254,1.334193,-48.484978,-1.0882208
385,0.13239336,-0.81878406,-0.44056734,-8.223923,2.2952485
386,0.11533468,-3.6498158,1.3933365,-54.64504,1.5676228
387,0.12468969,-3.9155734,1.5600705,-53.304146,-0.8406353
388,0.18824655,-3.7054794,1.0381027,-40.48596,3.4075897
389,0.14344878,-3.2194598,1.5412761,-53.00253,2.3279872
390,0.09361268,-3.5585024,1.3513206,-56.151237,2.3812988
391,0.18846267,-3.3735404,1.0287911,-44.304745,-0.11564448
392,0.1867874,0.24270186,-0.7407633,8.125278,7.485266
393,0.13240989,-3.7200134,1.3624707,-47.893715,-1.2393987
394,0.14110963,-3.854079,1.4577514,-48.07013,-1.5360472
395,0.17792629,-3.654342,1.2973603,-44.985435,-4.550382
396,0.18482947,-3.305524,0.9003719,-41.941555,-1.0485498
397,0.12773821,0.7517021,-1.2063416,16.112648,-12.855577
398,0.11506717,-3.389474,1.7047148,-55.07694,2.0656257
399,0.09614911,-3.475264,1.3864151,-57.217094,2.3231134
400,0.13766511,-3.8459404,1.5719527,-53.45428,0.0015102827
401,0.18714294,-3.4338038,1.0147502,-44.959255,1.1863256
402,0.18942542,-3.3252268,1.0541298,-46.19789,0.37991628
403,0.19204637,-3.278699,1.029886,-45.821163,0.44940317
404,0.17222416,-3.1044662,1.0615522,-47.02633,0.8122028
405,0.19247393,-3.2078195,1.0158869,-44.78513,0.5931876
406,0.17452358,-3.4860609,1.3898777,-48.755775,-4.668113
407,0.18175957,-3.6638608,1.0267425,-44.832897,-1.594976
408,0.17197606,-3.7536664,1.4012079,-49.875015,-3.5315046
409,0.18629241,-3.5453668,1.0599519,-43.184715,-3.49362
410,0.16301253,-3.564194,1.3499508,-47.98622,-3.0682476
411,0.19239445,-3.032814,0.8265153,-41.11905,0.11807796
412,0.15482071,-3.7184963,1.413562,-49.633415,-5.369641
413,0.11797543,-3.4821782,1.2433292,-49.09172,0.15762036
414,0.16425775,-3.676418,1.2616092,-48.79915,-6.1814113
415,0.17187645,-3.0606287,1.2264323,-47.29492,-6.3327274
416,0.13924064,-3.7243528,1.64947,-53.69033,0.16524394
417,0.17611855,-3.40699,1.270544,-47.222435,-0.30760306
418,0.04778632,-3.0272126,1.2632761,-51.02232,1.9474193
419,0.15124859,-3.4647827,1.5448525,-51.58625,-4.115995
420,0.1471285,-3.6901317,1.4181608,-52.802464,0.8837046
421,0.04478932,-2.5248473,2.1495526,-57.48842,3.722304
422,0.18514776,-3.4187994,1.1291581,-45.20694,-0.7010836
423,0.1680365,-3.6021433,1.564554,-51.130127,-3.5429347
424,0.16084194,-3.7439733,1.425072,-49.273373,-6.1892138
425,0.1343205,-3.8641942,1.6143335,-54.425995,0.1907781
426,0.18282439,-3.3461547,1.187759,-47.733112,1.1256226
427,0.16526148,-3.6200342,1.5488273,-50.912254,-4.364881
428,0.1668246,-3.680493,1.6579671,-51.730747,-3.5101085
429,0.15674643,-3.6186337,1.5734898,-50.948128,-3.389373
430,0.19150545,-3.41902,0.9763898,-42.597294,-1.5301801
431,0.1925339,-2.4700322,0.57817626,-31.240131,4.1591687
432,0.1811685,-3.1346693,1.3120886,-46.786163,-5.8248816
433,0.17462981,-3.6155462,1.3072978,-46.51494,-4.4793763
434,0.19116573,-3.024179,0.9397381,-41.419895,0.21990386
435,0.16705245,-3.565674,1.5197694,-50.653458,-3.863916
436,0.11393712,-3.2763367,1.4229397,-53.29794,3.0046265
437,0.15185189,-3.8249836,1.6482825,-52.063503,-2.94115
438,0.17868571,-2.9259434,0.8701999,-45.84438,2.1144555
439,0.14208859,-3.0366132,1.4389704,-54.58388,2.848521
440,0.1807108,-2.7618558,0.3346328,-31.507038,-0.6044273
441,0.14688,-3.7108428,1.4436355,-51.893658,-1.4635946
442,0.11426167,1.4903281,-0.17367546,22.050104,3.1804783
443,0.12223873,-3.1418214,0.76814145,-43.56781,2.7483468
444,0.16621701,-3.654537,1.4532162,-49.191666,-3.2104461
445,0.02729641,-3.5103786,1.9191483,-57.09472,2.7616305
446,0.03365023,-2.8547585,1.7947311,-56.903828,3.559858
447,0.6459624,3.31225,2.0242682,33.653313,2.1013405
448,0.5815322,1.9480392,-1.6111166,19.834234,-26.64916
449,0.5647541,2.4195192,-1.0657578,26.781446,-20.470787
450,0.5661498,2.4991863,0.9831716,27.364525,5.037272
451,0.6144477,3.129543,1.1685188,31.768179,2.0069768
452,0.6110912,4.0372667,2.5921242,41.06286,-0.6044713
453,0.5986466,2.6532881,1.4512583,30.733028,4.416952
454,0.6207381,3.2568119,1.5203639,33.338127,0.66859037
455,0.6147515,2.7374876,1.309008,29.454636,5.5095177
456,0.6298079,3.1048098,1.6710972,31.7817,4.6399856
457,0.60490745,2.7436981,1.3169796,30.033403,5.2673035
458,0.56250745,2.003738,-0.09343616,21.651731,8.211729
459,0.5589734,1.8457048,0.026117885,21.775345,7.273962
460,0.5809366,2.6029177,-0.55921084,26.524357,-18.236006
461,0.64802206,3.2791314,1.85058,34.56415,2.4481852
462,0.6101473,1.969897,-1.9318419,21.06988,-23.898947
463,0.5693984,2.5737941,0.9835397,28.04924,5.363153
464,0.6233671,2.3515844,-1.5036486,21.968739,-27.526226
465,0.60308725,1.7291871,-0.85517293,13.502423,-19.977854
466,0.59067005,2.3343282,0.07860439,29.061493,-15.568644
467,0.62453294,3.1331637,0.056400377,29.831278,-18.926981
468,0.6218685,3.266634,0.6000721,30.199522,-18.299423
469,0.631634,2.7140756,-0.57382613,27.902018,-20.452785
470,0.55797124,2.0308683,-0.49211952,28.3979,-15.432657
471,0.59691906,0.6241606,-0.63612884,-2.7325532,10.344732
472,0.56878173,1.8638139,-2.1021974,21.71372,-24.11399
473,0.65311134,2.9505677,0.84920025,31.016304,-15.042062
474,0.57034504,2.1836927,-0.8764117,25.816624,-19.484951
475,0.5611814,2.420445,-0.8434293,26.4209,-19.944868
476,0.6041313,2.4914448,-0.1123964,29.084007,-16.816545
477,0.6011802,1.6026217,-0.1018953,18.66519,8.428499
478,0.6160812,2.6624293,1.1824588,29.694,4.3406887
479,0.6168724,2.8579314,0.7733049,30.458092,-15.334649
480,0.6258508,2.3300495,-1.230369,21.652803,-28.467545
481,0.5844865,2.5222425,-0.41469252,26.75614,-17.78294
482,0.59208107,2.5765483,-0.18204129,26.41058,-16.41648
483,0.64547604,2.6333182,0.1643857,22.548132,-31.08466
484,0.60802674,2.167322,-1.2251767,20.862047,-28.22926
485,0.60247225,2.8519459,1.3045396,29.661963,5.7792645
486,0.64135253,3.7629395,1.9046196,37.49129,-1.6326202
487,0.6379828,2.975012,0.3145563,28.915592,-19.19004
488,0.62542176,2.3406582,-0.92955416,21.979168,-29.13037
489,0.57487255,2.2645757,-0.3463149,25.881989,-15.477011
490,0.5903504,2.3163767,0.5378239,25.605553,4.04959
491,0.6034543,2.7383304,-0.3276268,28.10945,-19.385788
492,0.6086716,2.2813222,-1.5455425,21.732243,-27.865372
493,0.5741662,2.0663228,-2.0826569,22.365917,-24.392202
494,0.64742565,2.2022257,-1.8999323,23.021677,-24.832237
495,0.5830981,2.5008419,-0.55347073,27.297855,-19.13454
496,0.6058347,2.1474366,-1.6004376,20.949678,-27.77346
497,0.5771616,2.1353698,-2.0293872,22.576494,-24.284845
498,0.65118915,2.569447,-0.728979,22.18797,-29.472015
499,0.6259001,1.789624,-2.166665,20.811384,-24.561296
500,0.60509765,3.3676088,1.9341614,35.687542,1.5228257
501,0.6326397,2.8893979,1.6499928,32.20139,4.1741295
502,0.58703095,2.3203743,0.013129028,26.611315,-16.050735
503,0.6089876,2.258201,-1.8195051,23.50314,-24.587765
504,0.5917102,2.3307564,-1.356902,25.357103,-21.52205
505,0.5652419,3.8084555,2.3371334,43.993942,3.3545554
506,0.6022834,2.6080341,-0.4412727,27.612396,-19.931885
507,0.6203383,2.1964703,-1.075158,20.926332,-28.445932
508,0.58225435,2.4363468,-0.74944264,26.681211,-19.670584
509,0.60345757,2.820537,1.514231,30.92384,7.5422163
510,0.596265,2.8881187,-0.15026343,28.684797,-19.357138
511,0.6419068,2.3487425,-1.0264026,20.836521,-29.11497
512,0.6092222,2.680075,1.1475921,29.220684,5.1580567
513,0.6052019,2.3582292,1.2853405,28.576914,7.189287
514,0.6009659,2.5054505,1.1833225,28.9803,6.4514513
515,0.6455095,3.151717,1.6579386,34.21081,2.854715
516,0.64320326,2.551742,-0.79543453,21.343472,-30.169752
517,0.5784067,2.022297,-0.8508865,23.509703,-18.367352
518,0.5593708,3.9432766,1.7759836,40.207993,-3.8284962
519,0.59261304,2.797586,1.1887417,29.98541,4.295593
520,0.60596496,2.8180208,1.4121547,30.623293,6.861828
521,0.6127098,2.3651109,0.6113545,28.797127,2.6233003
522,0.6408171,3.1051714,1.7242264,35.592003,3.6936743
523,0.60245323,2.773161,1.3796823,30.322245,5.7203755
524,0.5644414,2.2681038,-1.7237055,23.990005,-24.015615
525,0.5663707,2.7243998,1.1501524,34.65719,3.6891794
526,0.6486767,2.5413656,-1.0291255,20.320913,-29.61831
527,0.65220016,3.4649894,2.0126765,35.055576,2.3033218
528,0.61934566,3.3118339,0.5756673,30.03057,-18.191048
529,0.6115276,2.3638034,-0.2924452,26.150173,-15.786517
530,0.615194,2.7966065,1.3977146,30.494652,6.308237
531,0.6079729,2.1982617,0.96369016,27.286821,6.619101
532,0.5720704,2.4908328,1.1937819,29.68698,7.2457213
533,0.6510192,3.0320308,1.9455959,33.422054,5.7299485
534,0.59987545,2.708072,1.2241397,30.105726,6.657194
535,0.63212323,1.0328909,-1.187516,15.215832,8.988716
536,0.56094754,0.008770599,-1.4757243,3.6933627,0.6006022
537,0.57207656,0.0642245,-1.3367407,4.527679,5.292695
538,0.5700077,2.0563636,0.1366425,22.951006,7.7137623
539,0.6057099,2.5242622,-0.3211388,28.306828,-18.439669
540,0.5810583,2.57751,1.1908879,28.88608,5.433968
541,0.58692354,2.651049,1.554062,30.932749,8.167192
542,0.5681978,1.5746548,-0.05569979,21.9484,-9.7161455
543,0.6114558,2.3273287,0.9677309,28.233095,4.3865275
544,0.6269596,2.5138218,-0.7435995,21.581388,-29.599268
545,0.6411017,3.6274736,1.6364996,39.748173,-5.111768
546,0.602329,2.7944064,1.4504614,30.785131,7.663533
547,0.6218122,2.2929652,-0.8413083,26.112673,-19.56655
548,0.5576013,1.9139949,-1.4580652,24.0367,-20.443254
549,0.62233686,2.6774876,0.022947596,28.769714,-18.256483
550,0.5693831,1.9889221,0.116477326,20.897497,9.129141
551,0.63874125,3.0104506,0.28946614,30.8363,-17.874258
552,0.61920446,2.0341444,-1.5039345,20.401016,-27.64619
553,0.5625501,2.0966487,0.49902374,29.741941,-13.961624
554,0.5630864,2.3050704,-1.1136642,25.905464,-20.886028
555,0.59990823,1.9258116,-1.66366,20.229292,-27.001366
556,0.5723078,2.0529397,0.16241975,22.766436,-10.518001
557,0.6325394,2.4489481,-1.2445832,21.324423,-29.053373
558,0.30779925,-0.7188754,0.07645808,-9.846104,-2.7283947
559,0.2751239,-1.6803157,0.32532582,-12.887189,-2.285032
560,0.26310936,-2.411377,0.12839824,-29.853678,-0.6438418
561,0.31453112,-2.1763072,-0.7886894,-21.418238,8.414554
562,0.28852877,-2.1386683,-0.47467428,-21.419012,5.6812086
563,0.2753461,-2.4177852,-0.13770263,-25.952795,7.4590755
564,0.30231398,-2.0728407,-0.69030106,-14.739934,6.197003
565,0.31532347,-1.9358854,-0.70972747,-19.333933,8.837296
566,0.3242176,-1.6340407,-0.668474,-14.025267,6.0709333
567,0.3228769,-1.4314263,-0.8649353,-18.762184,9.323644
568,0.28293467,0.7941993,-0.98919976,15.729948,-1.5491949
569,0.3092054,-1.345046,-0.603327,-15.122404,7.942949
570,0.32764176,-2.6079817,0.7654207,-33.187843,6.38846
571,0.267979,-2.2924628,-0.37207875,-23.04619,6.2092166
572,0.28952187,-1.8444049,-0.25672635,-18.155973,4.3238254
573,0.26926774,-0.28553683,-0.1790936,-1.2633513,8.667303
574,0.27109078,-2.1304967,-0.19785179,-22.240616,3.2058694
575,0.33851808,-1.220395,-0.7425004,-12.10838,6.5677857
576,0.31697717,-1.3596798,-0.5614073,-10.949951,5.3081813
577,0.31295314,-1.4686785,-0.539474,-12.670097,6.396833
578,0.2823468,-2.0041802,-0.28662893,-20.810926,3.8073027
579,0.33239225,-1.2102522,-0.51770055,-12.241014,5.9355726
580,0.32702178,-1.1949085,-0.7969168,-11.96342,9.373992
581,0.31157303,-1.3635533,-0.5813364,-13.010774,8.710771
582,0.32237554,-1.2156159,-0.680102,-10.405643,5.3920107
583,0.31642985,-1.5318574,-0.29247004,-12.632782,3.7134385
584,0.2902222,-1.898812,-0.123231016,-15.978493,3.7490118
585,0.26493815,-2.180347,0.01723264,-23.322737,1.1825974
586,0.29008287,-1.7079607,-0.37289166,-19.692892,3.2258797
587,0.2884078,-2.0070744,-0.43951017,-20.26534,5.003573
588,0.29630676,-1.9756976,-0.3451089,-20.257757,4.5859513
589,0.30603737,-1.2933334,-0.4963405,-12.281185,8.483806
590,0.2925769,-1.3118554,-0.2870119,-12.137497,2.044497
591,0.32264596,-0.9260284,-0.36014444,-8.915571,3.2296252
592,0.3285595,-1.1035372,-0.43408677,-10.054424,2.1311927
593,0.2886599,-2.0392053,-0.4320354,-17.242323,9.598562
594,0.30616537,-1.650928,0.30117384,-13.16415,-1.2619424
595,0.30230084,-1.630233,-0.22314109,-16.355583,4.0443993
596,0.2856671,-1.579636,-0.12784123,-18.278137,2.7652912
597,0.29600734,-1.5938947,-0.40527305,-17.366936,6.979603
598,0.3318036,-1.0361731,-0.7955906,-10.305457,7.0851054
599,0.30049017,-2.0329173,-0.41797978,-18.694841,7.666523
600,0.26273268,-2.2551434,0.0015781409,-28.042282,7.7475643
601,0.31358004,-1.668575,-0.69630235,-14.3142185,6.0482574
602,0.32085276,-1.7541606,-0.8425924,-17.306768,11.067486
603,0.29238176,-2.1370986,-0.7176133,-21.26095,6.505013
604,0.308121,-1.643256,-0.2994486,-13.86028,3.724067
605,0.29251224,-2.9251268,0.6137022,-40.585464,0.83248407
606,0.27017936,-2.1391268,-0.12966882,-23.100922,3.4541416
607,0.2712758,-2.083041,-0.20303811,-22.399874,2.8076954
608,0.2875984,-1.8681233,0.008750654,-15.238065,3.2932725
609,0.32199755,-1.6910367,-0.054908566,-14.821387,3.7866793
610,0.27197412,-2.183513,0.10220784,-25.360611,3.6630917
611,0.33509633,-0.9423401,-0.34037378,-9.381405,2.1291416
612,0.2727838,-2.4692268,-0.006193176,-26.43211,1.2030528
613,0.29906175,-1.9483684,-0.5278636,-19.441465,6.019443
614,0.29369888,-1.7441915,-0.4012729,-18.578238,5.504023
615,0.31126156,-0.6589297,-0.2095645,-8.305405,1.4184556
616,0.30849278,-1.2142323,-0.20250319,-10.51925,1.6341883
617,0.31198597,-1.8834674,-0.7151246,-20.106356,6.914628
618,0.3040883,-1.6282438,-0.3715023,-15.86849,4.305933
619,0.2696879,-2.0935514,0.15594302,-24.442436,4.32255
620,0.32541978,-1.556661,-0.48517096,-15.747943,9.842745
621,0.28855374,-2.1553707,-0.31480742,-16.857588,5.7815585
622,0.32979566,-1.2848008,-0.18694139,-10.899297,1.8962551
623,0.3301199,-1.4699682,-0.2837322,-12.795255,3.1521072
624,0.32385314,-1.3624882,-0.932167,-13.688565,9.836345
625,0.3144132,-1.5949652,-0.8233894,-14.373968,9.477134
626,0.31443697,-1.6531768,0.41833618,-12.960514,-1.7201077
627,0.33618286,-2.586116,1.0460801,-55.41056,4.0062413
628,0.26980034,-2.244667,0.10698694,-25.868036,5.665375
629,0.26696274,-2.2987416,-0.04800142,-23.184778,2.025525
630,0.29427412,-1.4986528,-0.41755018,-13.346549,3.7933342
631,0.2728221,-2.772058,0.068145365,-29.36176,-2.8458757
632,0.29023495,-2.0324643,-0.20664188,-25.645916,6.451651
633,0.31200057,-1.6436114,-0.39886144,-16.501652,7.8962936
634,0.32279503,-1.2168329,-0.53296745,-12.178102,8.530036
635,0.33144483,-1.1661988,-0.9705295,-12.252803,10.388395
636,0.32937518,-0.80634236,-0.80912185,-7.2197657,5.5400853
637,0.27291283,-2.2222602,-0.43251577,-22.375523,4.476221
638,0.33099276,-1.3549619,-0.69477886,-14.991842,10.857293
639,0.2905159,-1.8755316,-0.28255808,-17.609,4.7306156
640,0.32926777,-1.6976911,-1.0121868,-19.593449,9.902479
641,0.3177432,-1.5869455,-0.86693555,-13.402886,9.910765
642,0.30451903,-1.7518853,-0.28409404,-16.3334,6.15317
643,0.30809548,0.63608056,-1.435731,11.850645,4.407569
644,0.27343404,-2.2600348,-0.20799518,-24.148806,6.070829
645,0.31677437,-1.7180705,-0.037546992,-14.588755,2.6398065
646,0.28440306,-1.9073045,-0.11529521,-16.264774,2.8336103
647,0.2717109,-2.195362,-0.078528695,-23.200731,1.4366782
648,0.27574724,-1.5501915,0.32687652,-11.161175,-2.755557
649,0.30438906,-1.7926443,0.002005789,-14.5458,2.3841608
650,0.26392096,-2.4244218,0.08085716,-28.571712,-2.7679033
651,0.2866617,-2.1332881,-0.39170614,-17.427975,9.49213
652,0.29004934,-1.7224433,-0.05557904,-15.057239,1.6996232
653,0.27622685,-2.652129,0.262311,-32.12244,1.5796285
654,0.3271619,-1.2526367,-0.25084424,-11.310288,4.062625
655,0.32724014,-0.6318382,-0.87060785,-4.0040774,1.1808984
656,0.269423,-2.472119,0.04542239,-32.071777,2.0176024
657,0.28327572,-1.8301476,-0.27853844,-18.686657,4.262368
658,0.27863598,-2.1101654,-0.3343559,-21.921484,4.9298806
659,0.29105595,-2.819929,1.7369984,-56.57433,3.6582353
660,0.33212188,0.49599877,-1.1645231,10.850865,7.6567693
661,0.3256131,-0.9889938,-0.52754337,-8.632651,4.452439
662,0.30129662,-1.9685965,0.03647402,-27.829132,4.4053807
663,0.2897168,-2.0377076,-0.3956493,-18.077091,7.4575114
664,0.32435378,-1.264053,-0.30087984,-11.674388,2.7294374
665,0.32742512,-1.4446021,-0.18218951,-17.63625,2.555708
666,0.30083084,-2.416686,-0.7106444,-21.657333,7.8677335
667,0.2812765,-1.9677396,-0.2106442,-20.417168,3.5753257
668,0.2763873,-2.1713166,-0.421224,-19.98942,5.1324677
669,0.4818534,0.89519507,-0.4974622,16.446186,-3.019896
670,0.42207423,0.44398227,-1.5287578,11.635235,6.587849
671,0.43142614,0.43018693,-1.4045361,11.214993,6.568363
672,0.4805564,1.293323,-1.9338305,17.487236,-18.665318
673,0.44791916,0.5088407,-0.6095768,16.528046,-3.5257232
674,0.46514532,0.7227039,-1.2134249,12.399034,9.691121
675,0.46385998,0.66562843,-1.3306515,12.351434,9.124143
676,0.47225985,1.2465993,-0.3140684,21.923244,1.4136101
677,0.4720765,2.837135,1.6469138,31.376303,7.8755226
678,0.46912506,0.50361484,-1.3214598,11.400658,8.651136
679,0.42924953,-0.06766536,-1.2380993,-7.27438,11.145025
680,0.42155936,0.55682147,-1.6325223,10.4253,9.12682
681,0.4329083,0.5500912,-0.60071146,3.204124,8.000803
682,0.46769062,0.70347375,-1.6293448,12.432995,-6.72069
683,0.44890985,0.7786262,-1.0393083,11.925475,-2.5257976
684,0.4696874,0.58124655,-1.3373276,6.774472,1.9630165
685,0.4467714,1.9467821,-0.75559604,22.699219,-17.845955
686,0.44199684,0.20292683,-1.6499008,6.755377,1.6825804
687,0.43132526,0.81203246,-0.93549794,12.749258,-5.122437
688,0.48213547,0.6637181,-1.5863925,9.218392,3.5093
689,0.45146763,-0.45261562,-0.22637342,-1.4911402,8.588589
690,0.4743078,0.8254518,-1.8170916,15.865449,-17.004063
691,0.48247725,0.17961012,0.44109824,-8.207086,-3.0262635
692,0.43661958,0.54168564,-2.0262477,8.497569,1.141706
693,0.47601643,0.8222839,-1.7308863,15.423554,-17.353733
694,0.48451766,0.9827526,-1.8104054,16.295326,-17.638584
695,0.43746015,0.7620805,-1.0878106,14.029185,-3.1764126
696,0.46982104,0.6616355,-1.6172345,14.428427,-16.484287
697,0.45676255,2.0112019,-2.0458927,23.109924,-23.314512
698,0.4516283,0.68663186,-2.0384705,15.381826,-17.624638
699,0.45052654,0.6448821,-2.0684369,15.744694,-18.2917
700,0.48479593,0.80769557,-1.7661661,14.255491,-15.562923
701,0.44317082,0.5888055,-1.3272645,14.116252,-16.593655
702,0.4338507,0.46617654,-1.8692671,6.781456,-0.70170313
703,0.42428547,0.3685523,-1.6589622,5.3322496,0.48446476
704,0.45052478,0.4018995,-1.6160444,5.9572935,-0.4306541
705,0.43717638,0.43139592,-1.7269621,6.360235,1.02763
706,0.4609288,0.55833966,-1.2194278,11.111438,10.055075
707,0.44716954,1.05653,-0.91379184,15.308612,12.262201
708,0.46231225,1.1681721,-0.3924817,21.452896,0.9697408
709,0.47519147,-1.0800564,-0.57184696,-9.342,4.538914
710,0.4321119,2.2695663,-1.2491663,21.758528,-28.503223
711,0.43646124,0.14750068,-1.2669004,4.0582657,-0.50454324
712,0.4732027,0.89869153,-2.1229298,15.705512,-19.677355
713,0.4299984,1.4059216,-0.5448199,20.049395,2.2179377
714,0.4293725,0.37215787,-2.1933405,7.78039,-0.83712494
715,0.46525213,0.6113978,-1.6771897,10.205823,3.4081979
716,0.4617377,0.6927481,-1.8620511,13.82349,-14.798321
717,0.42710444,0.30477723,-1.7146325,10.20126,7.301635
718,0.4614935,0.8340709,-1.9186136,16.012403,-16.428219
719,0.46777686,0.6374758,-0.14502355,20.467558,0.19756134
720,0.4799562,1.1077448,-1.4857002,14.481114,-15.194814
721,0.42547226,0.30148005,-1.286524,14.618834,-3.683475
722,0.4236081,0.33839577,-0.9980982,14.815424,-3.4840648
723,0.42510033,0.26851708,-1.9967344,8.111026,0.41640386
724,0.42556235,1.3557427,-1.7294395,18.333117,-18.951225
725,0.48170772,0.87873894,-1.1821026,12.699928,11.164223
726,0.48295313,0.79486084,-0.9236254,11.519998,10.757411
727,0.4659666,0.65550584,-1.275354,7.7204633,4.9965367
728,0.46066785,0.48723704,-1.2996192,13.20506,-5.4966025
729,0.48350823,1.3572499,-0.4786284,21.738798,0.4618015
730,0.4821917,0.93906343,-1.2554933,12.560049,11.659568
731,0.4288377,0.15686691,-1.0235666,1.5630119,3.8834805
732,0.46689108,0.9100924,-0.33814192,20.053743,0.9178947
733,0.47811094,0.824976,-1.254901,13.835748,8.931163
734,0.44089055,0.7180532,-2.3133621,15.810379,-18.806942
735,0.44471768,0.5903848,-1.4652531,12.335788,7.9204555
736,0.45255628,-0.019573545,-0.38093558,3.1226425,7.902917
737,0.44312757,-1.1922264,-0.0773319,-10.79455,0.34124997
738,0.4528907,-2.7882133,0.6087489,-33.876564,-0.17367338
739,0.4702343,0.85682374,-2.2957823,16.176437,-18.916641
740,0.44768214,0.55914736,-1.8665898,6.7658844,-1.9883343
741,0.47709695,0.92720705,-0.9426429,17.8498,-12.868053
742,0.42891088,0.23083322,-1.4213946,10.08035,7.0885625
743,0.4634484,0.5771979,-1.6126553,11.926672,4.614248
744,0.43029305,0.22523242,-1.1737427,9.203499,6.4551516
745,0.4350151,0.6628698,-1.8530688,9.453001,1.8018327
746,0.42563206,0.25903863,-1.6453737,4.935977,-1.6566907
747,0.42372242,0.11059464,-1.5846021,4.3425593,0.37830123
748,0.46070734,-0.3175297,-1.1185104,-3.2948222,0.40762353
749,0.48349983,2.3738098,-1.40263,22.641666,-27.464392
750,0.4274517,0.3956361,-1.8798841,6.5246897,0.2774685
751,0.42611042,0.6084766,-1.0785382,14.422782,-3.7381783
752,0.46456563,0.28576836,-1.385274,2.6610165,3.2636378
753,0.46802315,0.99210083,-1.6480259,17.742155,-15.289154
754,0.45425856,0.5733667,-1.3155663,9.939365,10.60953
755,0.45444748,0.62484175,-0.79231906,16.413559,-3.3715243
756,0.43769738,0.29561135,-1.4901644,5.2630177,-0.13913105
757,0.46759802,1.0189389,-0.60528374,16.265139,-2.9511683
758,0.43482688,0.36934957,-1.9564507,8.13784,0.5293743
759,0.44605067,-1.6148533,-0.6293039,-15.752823,10.522177
760,0.46876937,1.0832788,-0.80249834,12.110267,-2.5513275
761,0.47490948,0.79373044,-1.4291627,12.422105,-6.619171
762,0.4729385,0.55042225,-0.9085746,10.6249695,10.169781
763,0.44522646,0.7992525,-0.7681694,20.660627,-0.46958953
764,0.466836,0.71895826,-1.385048,12.580069,8.849872
765,0.45669094,0.590937,-1.3073803,11.180802,9.7864895
766,0.44444776,0.8010425,-1.9276761,16.754202,-15.77405
767,0.45921555,1.2095418,-0.15633011,19.432966,0.75993073
768,0.43149012,0.7252658,-1.8795487,15.899469,-14.8519335
769,0.43030843,0.13949431,-1.247372,4.027231,2.4832296
770,0.4642116,1.3556657,-1.8047905,17.434738,-17.763094
771,0.43738648,0.65300053,-1.742655,8.396401,2.4704237
772,0.47695458,0.8861094,-1.6782362,7.3823905,-4.2053065
773,0.4320058,0.51945984,-1.9311053,15.7115135,-14.524515
774,0.43193898,0.41584843,-1.7178729,5.8386464,-1.2423034
775,0.44622964,3.7632887,2.3087723,44.22137,2.983943
776,0.43230858,3.3333976,1.468298,38.703632,1.5490012
777,0.45185176,0.55683994,-1.4859086,10.442805,9.146143
778,0.47362536,0.91864026,-1.0834739,13.404946,10.873025
779,0.4510071,0.6485278,-1.3937227,6.63347,-0.9619141
780,0.22442728,-2.5544603,0.025238128,-28.233822,-2.277487
781,0.24580817,-2.6539495,0.3473763,-30.596062,0.6734886
782,0.20869182,-3.1107512,0.6866861,-36.948975,-4.389989
783,0.21188663,-3.0768857,0.7968324,-40.710762,-1.2779176
784,0.23613864,-2.1962903,0.1270202,-29.995398,0.47555336
785,0.23916551,-2.4622061,0.24858645,-31.098854,-1.7470977
786,0.21486345,-3.0006015,0.51077497,-35.166275,-2.5437992
787,0.24806581,-0.5761422,-0.07714293,-9.195744,-1.0579203
788,0.21310276,-3.0635145,0.6917223,-39.26902,0.56802964
789,0.20557669,-3.3237028,0.85159296,-37.90053,-3.079167
790,0.20658869,-2.1782608,-0.20344739,-21.550749,3.4716032
791,0.24978292,-2.7172704,-0.11244524,-27.25382,-0.48250484
792,0.19797951,-3.483838,1.1815687,-44.928307,-2.6264822
793,0.2520685,-2.6756794,0.11792073,-29.808502,-1.5552322
794,0.19779082,-3.2515059,0.76154584,-37.97254,-5.0708957
795,0.23051804,-2.9037867,0.2594178,-33.823513,-4.945992
796,0.2598814,-1.9747902,-0.15081169,-26.11554,4.7149024
797,0.19685887,-0.33720696,-0.18993683,-1.3178583,8.664666
798,0.24793218,-2.4337068,0.28140008,-29.875242,3.2389593
799,0.19818428,-3.5388334,0.9774324,-42.195805,-3.5540922
800,0.20013821,-3.2727473,0.9005365,-43.893375,0.47723487
801,0.22769,-2.8398814,0.4076451,-33.201,-2.242429
802,0.22610517,-0.93974686,-0.21099426,-10.09158,2.9740522
803,0.23091449,-1.083712,-0.45781997,-10.002863,4.0460987
804,0.24819204,-2.5886374,0.22379957,-29.865055,-2.0318882
805,0.23859659,-1.4370949,-0.19269916,-13.178709,4.891051
806,0.22999264,-2.85531,0.5115348,-33.37471,-0.38967514
807,0.24096715,-2.2387779,0.36141673,-31.369802,5.2703013
808,0.20667304,-3.2760856,0.7385574,-37.999447,-3.4567735
809,0.25620213,-2.0206153,0.0010186866,-22.857248,2.5003889
810,0.25093135,-2.2050025,-0.02519636,-25.150524,3.8905096
811,0.21015218,-3.1340473,0.90574265,-40.01554,-1.5471907
812,0.22082008,-3.102558,0.49771094,-35.806355,-5.034532
813,0.24888515,-2.6278908,0.20038351,-29.47133,-3.409127
814,0.21491805,-3.3691025,0.68963236,-38.18547,-2.5240743
815,0.2091878,-3.172741,0.903689,-40.24307,-2.6387906
816,0.22486359,-2.6929655,0.23407556,-29.311525,1.6537386
817,0.22069123,-3.0260284,0.6140133,-35.359882,-3.2246232
818,0.25703934,-2.8599257,1.0344177,-54.841137,4.397678
819,0.19955112,-3.2002988,0.8649373,-39.567398,-2.060967
820,0.22428983,-3.2669554,0.66250056,-37.3221,-2.3590636
821,0.19934878,-3.494169,0.8615525,-40.12059,3.4454858
822,0.23787078,-3.0473132,0.727761,-41.836845,0.83016896
823,0.19890583,-3.5264862,1.0736153,-43.589687,-2.2431602
824,0.21376938,-3.0051112,0.73822045,-39.400303,3.5544264
825,0.2023318,-3.3875177,1.0973043,-45.813072,-5.293083
826,0.20595984,-3.0409195,0.5814726,-36.584084,-2.4371786
827,0.25535426,-2.757216,0.4544017,-32.047436,-0.2887412
828,0.21258475,-3.2388403,0.786519,-39.828995,-3.299513
829,0.23321202,-2.8296754,0.21738678,-28.399347,0.0973823
830,0.24455589,-2.6774192,0.35427043,-38.966827,3.6561956
831,0.23253794,-2.9832828,0.56635165,-35.06541,-0.95787156
832,0.21206143,-3.1119454,0.6960461,-36.231358,-2.783318
833,0.24095203,-2.8394532,0.18645193,-33.801823,-5.036944
834,0.24327247,-2.5674684,-0.09617622,-27.08668,-0.069395766
835,0.24024072,-3.0507314,0.5074342,-35.37856,-0.6581178
836,0.23023906,-1.0296018,-0.09321448,-9.560237,-0.5560452
837,0.22513454,-2.4726377,0.27022412,-30.646112,-0.41353112
838,0.20684978,-3.194817,0.6892821,-37.49181,-4.9462953
839,0.24996187,-0.5590995,-0.9167473,-6.865145,5.5507383
840,0.21750075,-3.8905227,1.2865379,-48.04973,-5.5997334
841,0.26176557,-2.4907384,0.19233578,-30.288113,-1.0448413
842,0.23344068,-1.2389272,0.16202118,-12.132875,-1.9082977
843,0.24268578,-2.568965,0.28291157,-30.560013,-1.7357689
844,0.2138682,-3.314138,0.86530703,-41.54649,-2.5880444
845,0.22572097,-2.5010145,0.4150487,-30.5257,2.817326
846,0.25309426,0.0059075495,-0.45948866,5.268264,8.26218
847,0.20857008,-3.073349,0.75855964,-39.99186,-0.7549321
848,0.2372097,-3.0492258,0.54676074,-33.82557,-0.9299462
849,0.24750562,-3.078157,0.707082,-35.74982,0.02760487
850,0.21396452,-2.822925,0.61631733,-37.302956,0.77328837
851,0.2614879,-2.5009174,-0.26735994,-24.977423,0.9136907
852,0.24511398,-2.673031,-0.010379265,-27.28346,0.24935544
853,0.21197344,-3.0960112,0.9395834,-41.28892,-0.5561531
854,0.26249856,-2.5852704,-0.21366732,-25.237339,0.5792801
855,0.22495688,-2.7150898,0.28990164,-31.868992,-3.8243392
856,0.26149276,-2.3213444,0.11776762,-25.268702,4.5456448
857,0.23023587,-2.884594,0.49961224,-34.338097,-1.2807903
858,0.20941167,-2.2494526,0.457882,-32.12817,5.918014
859,0.2557477,0.46024856,-1.3122379,11.149836,-2.3917046
860,0.20119111,-3.0587046,0.7716024,-40.677048,-0.07103952
861,0.20705992,-3.0768967,0.90449274,-40.612244,-3.8625493
862,0.2529867,-2.548905,-0.17840184,-25.91977,0.18726791
863,0.24878223,-2.3459888,0.07211633,-30.701004,-2.636549
864,0.23871689,-2.7986224,0.22345614,-33.786552,1.7897086
865,0.24789633,-2.8141932,0.35828748,-31.056164,-3.7607377
866,0.21815766,-2.9283855,0.5236535,-33.006805,-3.991096
867,0.2111066,-3.4416895,1.0591722,-42.218357,-4.090706
868,0.22716928,-2.6382787,0.293082,-32.777325,1.5417436
869,0.23401706,-2.6436307,0.16458249,-28.007446,1.161967
870,0.20414947,-3.239783,0.80152375,-38.5814,-4.286795
871,0.24601929,-2.7321339,0.3107707,-31.107239,-0.7345721
872,0.24566437,-1.2219807,-0.42953664,-12.095239,4.8660836
873,0.24216285,-2.615174,0.2399643,-29.849459,1.5835439
874,0.24654897,-2.6675436,0.09286457,-29.153383,-0.02251933
875,0.23215659,-2.955569,0.41634288,-33.281948,-1.2258915
876,0.233225,-2.794451,0.27822375,-33.629257,1.7306143
877,0.26115048,-2.5171,-0.12897407,-24.501226,6.374843
878,0.21773134,-3.1616144,1.014974,-49.151363,2.1035478
879,0.22334808,-2.8855717,0.44240862,-34.298103,-3.328716
880,0.23921052,-2.5468643,0.09606751,-28.590878,0.73501325
881,0.20886788,-3.317502,0.735479,-38.806065,-1.2299311
882,0.21947734,-3.2879455,0.75249255,-38.626392,-2.040046
883,0.26161563,-2.5217063,0.05119363,-28.599964,-3.125415
884,0.21331844,-3.1313863,0.5532182,-37.100994,-1.8245518
885,0.25265917,-2.4099267,0.13483116,-28.110352,3.053528
886,0.24146906,-2.7350163,0.22514619,-30.54207,-3.7918928
887,0.23168437,-2.4588966,0.33639893,-29.310192,3.1160917
888,0.20496038,-2.637579,0.39415756,-30.586514,2.0946033
889,0.25402743,-2.1896224,0.10508872,-27.17241,3.3916492
890,0.22547728,0.40109327,-1.9503073,5.802506,-2.9022233
891,0.7167381,2.8820918,0.9302961,33.245213,-14.389242
892,0.8677361,2.9404962,1.6446054,36.121468,4.0049553
893,0.81038547,3.2375803,1.2649584,33.84081,-13.27413
894,0.75697225,3.1919181,1.136698,33.652477,-13.435294
895,1.0407925,3.6884296,2.2647192,46.717163,5.2158403
896,0.68089175,2.51926,0.07730274,22.555983,-31.040903
897,0.69589436,3.8648136,2.1479008,37.360268,-1.7485311
898,0.7624384,2.4891975,0.7361989,32.941154,-12.994066
899,0.7148597,4.017395,2.0774693,38.777977,-2.400569
900,0.71952647,4.054878,2.1513011,40.50099,-2.1239638
901,0.7766785,4.229551,2.6600585,41.341686,-1.3866603
902,0.6885275,2.7316704,0.71309423,35.184532,-12.874136
903,0.6873452,3.6869602,2.0234468,36.422207,-1.7545137
904,0.7245219,3.6393428,2.1506267,38.74139,-1.2221724
905,0.7718798,3.7067194,2.5103588,42.107216,1.002896
906,0.8102551,3.7405543,2.1744506,44.761692,3.5530403
907,0.6816154,3.8362808,1.9535111,38.13985,-2.5256853
908,1.206747,3.0598469,2.0428886,47.490993,5.8519387
909,0.6890052,3.6894703,2.35058,37.672367,-0.40005845
910,0.73651916,3.7202008,2.2987807,37.97014,-0.60917366
911,0.6747303,3.6658995,2.2396078,36.863,-0.3451748
912,0.5842246,2.1333344,-1.6882057,22.075253,-26.493484
913,0.6464258,2.3711865,-1.0522861,21.103624,-26.582535
914,0.6146407,2.844773,0.33838034,29.607288,-15.658209
915,0.5782147,2.4335203,-0.386215,27.867455,-18.170137
916,0.623502,2.9300807,1.5825766,31.367317,6.6685405
917,0.62031424,2.7223637,1.366075,29.749716,5.2216196
918,0.653518,2.6623845,-0.79882854,22.882046,-28.66624
919,0.6333041,3.1175025,1.8638936,31.870264,6.691545
920,0.5932849,2.436282,-0.539768,26.066484,-16.30373
921,0.5774232,2.2398772,-0.43835872,25.903994,-15.535912
922,0.59334874,2.712308,0.3915287,31.62191,-15.987168
923,0.5916595,2.9297087,1.6811435,31.790558,7.9891424
924,0.5610741,1.9304813,-2.1462965,20.920952,-25.165503
925,0.59151864,2.5838504,1.0367042,28.482887,5.9040375
926,0.6051557,2.3426576,0.73622185,27.971252,4.5934105
927,0.57350373,2.3701904,-0.9984349,26.373537,-20.263077
928,0.58593553,2.3246353,0.61603653,26.842585,6.1000657
929,0.56438726,2.0951385,0.35561344,25.76707,6.692706
930,0.59119356,2.8769023,1.1448677,30.825575,2.7770717
931,0.6438687,3.0374336,0.6263798,29.54549,-16.639578
932,0.6289761,2.9545836,-0.0010981297,29.068087,-18.125362
933,0.6194123,2.4461186,0.8806764,29.056332,3.5707011
934,0.59015477,4.2137775,2.4284549,42.235367,-1.3569285
935,0.6251705,3.2982187,1.4956322,33.459885,0.9472314
936,0.26364663,-2.5860868,0.16828047,-28.998234,1.7110546
937,0.29151878,-1.3031359,-0.12330452,-12.522215,0.14275096
938,0.27015045,-2.48325,-0.035927787,-27.989296,7.7572083
939,0.304581,-1.7769271,-0.35641104,-16.265165,5.3476973
940,0.33727613,-1.2196699,-0.33907926,-11.387395,2.988609
941,0.29971683,-1.7148048,0.087931745,-28.458658,4.845422
942,0.31816456,-1.4494315,-0.1604105,-12.792482,2.179217
943,0.26412916,-2.2527332,0.0315905,-28.895832,-1.2810856
944,0.30810627,-1.6759703,-0.4943185,-15.96926,7.584736
945,0.3306684,-1.0318836,-0.18906224,-10.001703,1.4147611
946,0.26883328,-2.1861472,0.035942785,-25.22228,5.759243
947,0.2917267,-1.7945127,-0.37795585,-18.045792,5.6352167
948,0.33139607,-1.459734,-0.4480451,-15.214743,8.815513
949,0.28007388,-1.879619,-0.2711338,-19.303812,4.3081894
950,0.29154912,-1.6112669,-0.13111174,-13.809323,1.8738617
951,0.5197013,1.353821,-2.0580769,17.191444,-19.525688
952,0.5551993,2.1248155,-0.84976906,26.275312,-19.128521
953,0.50417364,3.530877,1.8278365,39.111496,-4.7617044
954,0.50689244,3.4793754,1.5231311,35.67472,-3.1433835
955,0.4914286,0.73350465,-1.1794261,12.644676,7.7039433
956,0.5070206,1.6928188,-0.3701579,20.176928,9.621789
957,0.4928586,1.2848449,-1.6156927,19.229176,-17.644646
958,0.52226895,1.1550171,-1.0249519,14.637971,10.762736
959,0.48874283,1.3892224,-0.43154252,17.526903,-0.98077005
960,0.5210092,1.9578959,0.18915051,23.85831,3.9378495
961,0.4933804,1.0594202,-0.8146257,15.113868,12.1077385
962,0.5271141,2.0727346,0.10691554,24.210848,3.4821808
963,0.50947416,1.6792804,-0.298992,23.07157,3.0111983
964,0.5117533,1.532904,0.044423785,22.963783,1.6400087
965,0.5334722,2.1356852,0.757334,25.70601,4.644466
966,0.49949482,1.59605,0.019654198,22.565186,2.2307563
967,0.4962973,0.9622436,-1.7286241,14.536236,-14.601904
968,0.55407435,2.3334463,0.75573385,26.721704,4.3283234
969,0.48746583,0.4435969,-0.71046305,14.715226,-0.9350333
970,0.5514069,1.7253243,-0.40447506,19.021084,8.645323
971,0.53724474,1.907913,-1.6307682,23.566582,-20.608639
972,0.51324826,1.052065,-0.9232006,15.01827,12.007673
973,0.5446213,1.8639731,-0.19596215,22.989292,3.6905453
974,0.5125116,1.2042644,-1.2412101,16.68505,-2.130573
975,0.36396772,0.5324989,-1.3210783,5.437743,-1.6268805
976,0.38427696,-1.4706467,0.120856635,-11.958677,-1.2421807
977,0.41967928,0.10726184,-1.3328661,3.6931038,1.2463343
978,0.37060508,-1.7444502,0.24624258,-28.954414,4.8451304
979,0.40648174,0.57002634,-1.9488806,8.835367,1.8066955
980,0.38542125,0.4043108,-1.9283198,5.69876,-3.325696
981,0.4052347,0.06485791,-1.0725746,1.855102,1.3332127
982,0.38060787,-0.39082325,-0.72152376,-2.9581985,5.963956
983,0.3566076,-0.7643473,-1.0939134,-5.798172,6.437418
984,0.36197847,-1.5519458,-0.41357455,-14.987565,8.423425
985,0.40553668,0.29584554,-1.4175938,4.987875,2.2554893
986,0.40237916,0.1749008,-2.2479708,8.899185,0.5168053
987,0.36601257,-0.55601054,-0.81454515,-4.38159,5.1168475
988,0.34080192,-1.5336597,-0.6540662,-19.030478,6.7333574
989,0.39953125,0.1377633,-1.4160542,2.1005938,3.1098144
990,0.37515077,-0.6733761,-1.2813717,-8.355111,10.7113695
991,0.39263678,-0.28370363,-0.8451178,-4.8721766,9.797845
992,0.3926372,-0.123268336,-1.5199709,2.9334946,-0.17939186
993,0.4010922,0.10906189,-1.4017235,1.9785342,0.011142078
994,0.37615803,-0.27453575,-1.031448,-1.2689213,4.2816086
995,0.38950816,-0.38653645,-1.399046,3.3941348,5.9673877
996,0.38410792,-0.21214795,-0.93283045,-0.38198608,3.2583795
997,0.3980346,-0.26703352,-1.4442501,2.6516864,0.51439875
998,0.3945406,-0.22162648,-1.093705,-3.6538548,7.0201135
999,0.4075874,0.2736172,-1.4977353,10.495223,6.362648
1000,0.17635323,-3.506465,1.4903351,-49.679527,-4.240562
1001,0.14019643,-3.5643325,1.3945462,-52.6668,1.3305725
1002,0.1516601,-3.446362,1.0429505,-43.937057,-1.4365337
1003,0.15369606,-3.824807,1.6059823,-52.766235,-2.1293962
1004,0.15400898,-3.3807518,1.3391211,-48.24669,1.3210716
1005,0.11562201,-3.795975,1.5472497,-54.15637,-0.48332584
1006,0.12579647,-3.8547022,1.5263007,-55.153683,0.48990193
1007,0.13926943,-3.8212156,1.5480003,-52.26412,-0.081867196
1008,0.11348359,-3.1997502,1.4330598,-54.850338,2.970123
1009,0.17834587,-3.541545,1.3997703,-47.602997,-0.55015177
1010,0.13741662,-3.7851934,1.5941229,-53.619637,0.98946804
1011,0.18150632,-3.3681512,1.2046409,-47.11218,0.059616275
1012,0.18934219,-3.3157463,0.9340196,-43.038864,-0.8232662
1013,0.1151417,-3.6688335,1.5399293,-54.24282,1.602052
1014,0.1376695,-3.9358406,1.4354107,-52.848915,0.3815993
1015,0.13893214,-3.3054173,0.97249943,-45.043236,1.544594
1016,0.1700606,-3.5012782,1.1693796,-46.30359,-1.9426286
1017,0.12273725,-3.585063,1.5127705,-55.283367,1.5954887
1018,0.18542749,-3.2140985,0.88153803,-44.117184,0.55035836
1019,0.18541606,-3.2491412,1.2170497,-46.420868,-5.795042
1020,0.16510803,-3.3580372,1.5496397,-50.467052,-4.8822436
1021,0.16247378,-3.1127987,1.2145646,-50.440414,2.3570976
1022,0.18938568,-3.5022638,0.9365872,-39.086357,-3.1301045
1023,0.11516568,-0.7721947,0.30200598,-10.438348,-1.5939523
1024,0.131914,-3.5820436,1.1995618,-50.76196,0.96258706
1025,0.1925623,-3.137949,0.94988495,-38.86088,-5.113922
1026,0.0949008,-3.614605,1.7164303,-56.682808,1.9017025
1027,0.15846294,-3.5271287,1.401185,-50.816677,-1.5643094
1028,0.4273889,0.5758204,-1.9746643,8.81589,1.3838935
1029,0.48370793,3.1421835,1.0004165,31.74424,-16.669643
1030,0.4303703,-1.8297886,-0.08245785,-27.123291,5.607514
1031,0.47534102,1.7980205,-1.383554,19.298857,-23.561892
1032,0.4442953,0.45593283,-1.8643445,7.659727,-1.6715578
1033,0.48091182,1.3076366,-2.042393,18.098236,-18.151606
1034,0.45628643,1.1250288,-1.8044199,16.843317,-16.81933
1035,0.48433933,1.0042124,-1.031027,11.860301,10.678843
1036,0.42188072,0.16326447,-1.3867409,-7.351573,11.3754
1037,0.47847453,1.7352921,0.0045331134,22.333307,3.207986
1038,0.44628367,0.8714579,-0.80933255,21.155548,-0.15201797
1039,0.44388548,0.54643434,-0.6333184,16.517925,-3.5466738
1040,0.47796494,0.6944483,-1.0400119,12.08153,9.771094
1041,0.4505065,1.3250818,-0.41803393,17.816044,8.500301
1042,0.4622353,0.626964,-1.488551,11.755388,8.849284
1043,0.46517628,0.72607356,-1.7062254,9.152127,2.5221326
1044,0.42739552,0.13199015,-1.5125763,5.176331,3.6735725
1045,0.46409023,1.4705695,0.79955673,26.880531,2.564746
1046,0.44632265,0.4667864,-1.4274948,9.811912,9.323523
1047,0.4683327,-1.0751494,-0.48043963,-11.5932455,8.708427
1048,0.43837342,0.26832992,-1.444399,9.885297,8.772279
1049,0.4758209,1.12845,-0.64566976,12.479965,-2.6447055
1050,0.43815923,0.32976907,-1.0756218,9.133947,8.1059265
1051,0.4622672,0.8059534,-0.767531,20.52083,-0.5971378
1052,0.4737762,0.94623566,-1.1454898,14.724931,8.554252
1053,0.464504,0.9637161,-1.1923261,15.382332,8.573558
1054,0.47268486,1.0608429,-1.1778228,15.040652,9.183623
1055,0.33109486,-0.7776617,-1.0164858,-5.2990894,6.150395
1056,0.26538303,-2.2663808,-0.16250034,-23.759134,6.068225
1057,0.31583503,-2.4795077,-0.48494327,-21.937178,6.999499
1058,0.33249852,-1.4591857,-0.5619679,-15.555932,10.5282545
1059,0.28687117,-2.1040611,-0.30064386,-21.744678,2.0994608
1060,0.3278783,-2.3435297,-0.362433,-22.028687,5.48609
1061,0.30913168,-1.597879,-0.2827163,-16.466782,9.36891
1062,0.2720282,-2.235565,-0.034751978,-24.769445,4.130921
1063,0.2738867,-2.0112014,0.16096205,-26.931908,4.1716957
1064,0.31075197,-1.6758169,-0.49023086,-13.692284,7.383426
1065,0.29846463,0.3184076,-1.1559672,4.707853,2.5924828
1066,0.24632339,-3.68139,1.5019106,-56.21657,2.212669
1067,0.23535374,-2.5914967,0.36992195,-30.7342,0.9713912
1068,0.23688053,-2.7932842,0.37021053,-32.577984,-0.9762411
1069,0.19323945,-3.397077,1.0659206,-45.205727,0.060427897
1070,0.22300756,-2.607462,0.33485696,-30.809137,2.956119
1071,0.21611354,-2.9888408,0.4173496,-34.14048,-2.2231672
1072,0.20708922,-2.8671336,0.72298974,-40.229374,0.16469723
1073,0.19662234,-3.6380618,1.4587884,-51.405598,-2.4585369
1074,0.25078598,-2.1340647,0.11348039,-23.294071,2.5846071
1075,0.22699055,-2.5821965,0.04396372,-27.956636,0.8299514
1076,0.2512582,-2.9054377,0.56656396,-34.225494,-0.79900014
1077,0.22514433,-2.8865712,0.43758178,-33.33669,-1.504887
1078,0.23117486,-2.143976,0.7732054,-31.952478,6.576014
1079,0.21575794,-3.2017817,0.6559392,-37.407715,-1.8514063
1080,0.25694326,-2.609644,0.31962028,-31.15332,0.76925653
1081,0.21726756,-2.2262526,-0.10205798,-24.73252,5.6906877
1082,0.25793576,-3.0160296,0.40937883,-35.764458,-4.4939685
1083,0.20041856,-2.5526803,0.16632411,-29.218344,1.65731
1084,0.21325548,-3.3705485,0.7656947,-39.048615,-1.729937
1085,0.23363811,-2.659127,-0.055611245,-26.969934,1.3630185
1086,0.21379685,-3.0753088,0.5736628,-36.04939,-1.9625679
1087,0.25116614,-3.07784,0.64247143,-35.72217,-3.2268653
1088,0.21542744,-3.0108926,0.51335394,-33.079044,-4.17582
1089,0.2099207,-3.1124246,0.5438364,-36.416622,-5.269845
1090,0.19716723,-3.5541577,0.84579575,-38.85008,-3.5684614
1091,0.2404137,-2.2377515,-0.062241245,-24.016037,2.9660873
1092,0.21852848,-3.0839908,0.5300789,-37.267506,-1.3054048
