index,target,PCA_1,PCA_2,tSNE_1,tSNE_20,0.7047325,4.119498,2.6271713,29.611893,-0.85004604
1,0.65560484,3.2852988,-0.07406716,20.59504,-14.230552
2,0.7301311,4.746079,3.003921,37.290684,1.7803231
3,0.761047,4.484448,2.932882,33.04264,2.5774226
4,0.6735665,4.3959455,2.4192123,30.79304,-4.512515
5,0.7317585,4.740348,3.0253131,37.497433,2.2525094
6,0.8509952,4.696409,3.0210679,36.744667,2.2514405
7,0.6753986,4.1383467,2.6349897,29.433554,-0.8461219
8,0.6851335,4.2308965,2.6713247,30.253153,-0.7790438
9,0.8324486,4.653307,2.9429784,36.52816,1.3708732
10,0.6742535,4.095703,2.6628487,29.219336,-0.60626554
11,0.83150774,4.6290226,3.0019088,36.010845,2.1556783
12,0.678693,4.5879183,2.8762438,35.84579,0.51621896
13,0.77100295,4.6103854,3.0709052,34.662754,3.645496
14,0.7109414,4.3499665,2.7066042,30.990173,0.26924428
15,0.68208605,4.4518337,2.9453824,32.799652,2.3906279
16,0.70449543,4.303603,2.7888563,31.875294,0.09155832
17,0.66480696,1.271848,-2.4286969,10.697601,-24.003214
18,0.6898997,1.2370594,-2.1102,9.977318,-21.001974
19,0.8344395,4.0332685,2.192582,29.062983,-3.9410021
20,0.65539986,2.312425,-0.13994801,18.048672,-12.565429
21,0.7018898,1.5075276,-2.418475,13.551254,-22.270086
22,0.916334,0.1469089,-1.719759,-22.831608,-17.306335
23,0.67941463,2.382119,-1.03382,17.551046,-15.056792
24,0.6567671,2.1906214,-1.295949,16.93081,-15.762089
25,0.77618307,4.4080906,3.0736163,31.977001,3.7083807
26,0.8648826,4.620382,2.8685064,36.661045,0.27725086
27,0.736356,3.213753,1.2653044,25.773273,-5.6636753
28,0.84153414,4.538247,3.0173485,34.23259,2.9507322
29,0.6546648,4.0060487,1.7944875,28.569883,-5.670884
30,0.70737416,4.2199373,2.5687876,30.579546,-1.3318111
31,0.7126492,4.737065,3.0261114,37.407997,2.2268043
32,0.7299003,4.6206245,2.9155498,36.193703,1.0764363
33,0.91217464,4.6162124,2.9524908,35.702614,1.7097319
34,0.68181866,3.19658,-0.07912863,20.261194,-13.888906
35,0.6639527,0.98171586,-2.310984,8.786877,-22.422716
36,1.0597229,4.622414,2.9986846,35.472492,3.231427
37,0.68314475,4.603701,2.9748108,35.35622,2.722682
38,0.7154072,4.0733333,2.5388227,29.045256,-1.4295099
39,0.69530183,3.9200385,2.4097185,28.407965,-1.5974643
40,0.6613885,3.6098902,1.2849073,26.780111,-6.059986
41,0.7726146,4.419184,2.8940914,32.767662,1.3233386
42,0.6884729,4.5730247,2.9814026,35.115513,1.9446617
43,0.707251,3.7880712,2.015976,27.629333,-4.226132
44,0.9472525,4.4894924,2.9514756,33.720707,2.753165
45,0.7236873,4.096038,2.6203792,28.90493,-0.48538586
46,0.7919123,1.6317227,-2.0001059,14.036531,-19.342203
47,0.7125077,3.6854148,1.3028506,27.483343,-6.2934833
48,0.67908347,3.9302392,2.2404494,27.450424,-3.1297889
49,0.81379974,4.359556,2.3284683,30.38875,-4.665063
50,1.14415,4.4797187,2.8576458,33.83476,0.420825
51,0.70751417,1.5734726,-2.1688175,14.372855,-20.863195
52,0.87530017,4.0797853,2.7246668,29.179647,1.147729
53,0.78691846,4.422603,2.6877897,33.352512,-3.40547
54,0.77072936,4.722153,2.9584348,37.635273,1.041121
55,0.6608632,0.29397565,-1.8785896,-11.305393,-19.343496
56,0.8748907,4.6005726,2.960107,35.807545,1.4518799
57,0.66906583,3.0923576,-0.23442452,19.7218,-14.013364
58,0.8726341,4.620441,2.974526,36.10932,1.7166475
59,0.66346383,4.670404,3.0326443,36.37537,2.6924572
60,0.70640284,4.2877913,2.5788949,33.01726,-3.621198
61,0.8120579,4.4446507,2.9236174,33.127163,1.6299337
62,0.7109505,4.0617294,1.9826831,29.480156,-5.7425795
63,0.9349133,4.4827027,2.8822129,34.243496,0.65402734
64,1.1596075,4.457751,2.8287282,33.583614,0.069811225
65,0.69463724,4.695854,3.0289989,36.84561,2.551768
66,0.74453706,4.6322327,3.0309026,35.79051,2.8138216
67,0.6671339,4.332496,2.8339617,31.57357,1.6679481
68,0.6770131,4.3905964,2.8878436,32.09492,2.2049046
69,0.7824607,1.4620751,-2.397236,12.830039,-20.86762
70,0.7662557,2.1374135,-1.5188727,17.154337,-17.16825
71,0.825554,3.8942575,1.4241443,27.929018,-6.169057
72,0.8541577,4.6883135,3.0070643,36.702923,1.9963633
73,0.75307375,4.7082686,3.0416005,36.914497,2.7095175
74,0.7927087,3.9574416,1.5364566,28.22048,-6.1422396
75,0.6950363,4.6291327,2.807668,36.7237,-0.21177453
76,0.81377435,4.4284487,2.7827106,33.323097,-0.29422206
77,0.67362386,2.6343307,-1.3844913,19.040764,-17.179493
78,0.78292215,4.128071,2.5117893,29.855673,-1.7837121
79,0.7593829,4.793213,3.117001,37.692738,3.0809352
80,0.7891008,4.3563366,2.7322965,32.319874,-0.63707095
81,0.66477334,2.6215527,0.10687671,18.723824,-12.462939
82,0.7217702,2.6788392,-0.37346172,18.60749,-13.596878
83,0.7573886,4.740486,2.9891875,37.813255,1.3241761
84,0.9122613,4.752976,2.9963984,37.965378,1.4040892
85,0.8964753,3.134796,0.06769458,20.086607,-13.505942
86,0.7566408,4.4142137,2.8161304,33.039623,0.36084035
87,0.67784876,4.320852,2.7570226,32.080627,-0.35052004
88,0.9056362,4.6069875,3.0695896,34.674698,3.6162744
89,0.99094194,4.398153,2.8866775,32.701035,1.0638345
90,0.6892792,3.7466815,2.2558377,26.896372,-3.078492
91,0.72473073,4.651453,3.1317627,34.663666,4.1933136
92,0.68215114,3.8806572,2.4281802,28.219988,-1.455823
93,0.86017126,4.567419,2.7198231,36.376354,-0.6416257
94,0.6823869,3.376695,1.9065336,25.990147,-3.883779
95,0.8661452,4.5558066,2.9983988,34.492825,3.094901
96,0.690725,4.036908,2.4071677,27.821983,-2.7390077
97,0.74126637,4.1287694,1.7903813,28.825066,-5.841875
98,0.6723381,1.5508975,-1.9084955,14.139049,-18.12562
99,0.67556304,4.6644177,3.090386,35.885887,3.4186924
100,0.7209877,1.7585938,-1.8115913,14.590093,-17.321465
101,0.73489034,3.758209,0.59506726,21.168036,-13.317986
102,0.7211007,1.581305,-2.2035906,13.895869,-20.315128
103,0.8069836,3.6101909,1.2244856,27.57326,-6.756243
104,0.749623,4.3663917,2.993116,31.716341,3.4310133
105,0.66933084,3.1673667,0.6874631,25.555334,-6.7650113
106,0.72774225,4.30854,2.6280522,31.10628,-0.7589178
107,0.68472296,0.46917132,-2.1309593,-9.951281,-22.498594
108,0.66548663,4.015399,2.492084,27.680122,-2.4640703
109,0.65799,4.286188,2.7314003,30.486212,0.79731876
110,0.9251059,4.340091,2.7388535,31.798407,-0.42943513
111,0.66243535,2.3735878,-0.5089917,17.654333,-13.11748
112,0.49352545,0.60323256,-2.0525763,-2.6672914,-19.322098
113,0.5037803,1.0834441,-1.8354112,9.733947,-17.453472
114,0.53528845,0.9057196,-2.2132208,2.8767426,-21.522974
115,0.5045395,0.998242,-2.3533037,3.489365,-22.473188
116,0.5514143,1.4535642,-1.7904047,13.24224,-17.810658
117,0.516274,0.8170845,-2.36815,0.04313297,-23.3577
118,0.519121,1.2008002,-2.4798925,10.051968,-24.529202
119,0.52823305,-1.2809376,0.9703654,-21.865295,7.114826
120,0.5484625,1.2088529,-2.2475128,10.323441,-21.902231
121,0.5149307,0.6942645,-2.1751835,-0.9999569,-19.827835
122,0.5249436,0.29264703,-1.8953949,-11.463237,-19.461437
123,0.5231539,1.0467397,-2.4966593,8.70259,-25.720846
124,0.53990024,0.77939034,-2.4408956,0.49594444,-25.522081
125,0.5313788,0.76599973,-2.44283,0.7339263,-26.429226
126,0.5036333,0.7356822,-2.505025,-0.118324,-26.924397
127,0.51201004,0.67907405,-2.3607085,-1.0237188,-25.035122
128,0.53736496,-0.9467548,0.4951427,-18.677588,1.1171321
129,0.51039934,-0.5482624,0.7406066,-21.3138,0.07678462
130,0.5138023,0.28231493,-1.9319968,-23.57368,-18.59647
131,0.49094117,1.1185759,-2.3519201,9.283383,-23.189291
132,0.523794,1.4521977,-2.2100604,13.270717,-21.578373
133,0.5093096,0.83294046,-2.395307,1.6082871,-25.79015
134,0.5507614,0.89168984,-2.3900023,2.3343668,-25.437302
135,0.5432291,0.4116202,-1.9967031,-10.153044,-20.517984
136,0.49199113,-1.426103,1.0252835,-22.395033,9.091714
137,0.54160905,0.5471766,-1.931954,-6.02009,-19.185835
138,0.5086439,0.61835784,-2.2800598,-1.8432933,-24.52768
139,0.51396465,-0.1865939,0.5256986,-20.184685,-2.0391183
140,0.5408755,0.58824617,-1.8547745,-6.929612,-18.865377
141,0.51827675,0.7006848,-2.3912349,-0.6094567,-25.551432
142,0.5053847,0.6270121,-2.0515943,-3.4293585,-20.100592
143,0.50039786,1.1289215,-2.475667,6.7998285,-24.705282
144,0.49670103,0.698193,-2.201258,-2.4624527,-21.70529
145,0.49609175,0.9358194,-2.3870943,3.0878053,-24.458485
146,0.5475454,0.9883908,-2.437914,8.283477,-25.817165
147,0.53596157,0.81753016,-2.34399,1.8190118,-23.705704
148,0.53272986,-0.9456432,0.84276044,-21.320202,3.431174
149,0.54490715,1.3937461,-2.326101,12.761013,-22.234655
150,0.52028775,0.93653476,-1.921397,2.4685447,-19.131191
151,0.51274663,0.7851601,-2.1488678,0.19331755,-20.175936
152,0.5543858,4.109738,2.3333588,29.871141,-3.5310135
153,0.5422951,1.2190453,-2.4461632,7.0304055,-24.50407
154,0.5057045,0.9513153,-2.043084,2.5010843,-19.87835
155,0.53278875,4.6518254,2.8348014,37.23177,0.08762845
156,0.5045006,0.8493578,-2.21023,6.8087764,-20.945946
157,0.50830424,0.6873215,-2.2055898,-2.682485,-21.79295
158,0.5323962,0.9724842,-2.2959592,8.663132,-22.33502
159,0.5056658,0.38527814,-1.6442485,-20.798548,-17.410404
160,0.5419976,0.965759,-2.418812,3.205772,-24.097641
161,0.5210947,0.9314202,-2.4783585,2.9501033,-24.687239
162,0.53818953,0.6632073,-2.1041927,-2.8821814,-20.516714
163,0.5394998,1.1497256,-2.0161653,8.561256,-20.121542
164,0.50882596,1.8495996,-1.9704483,15.842221,-19.25245
165,0.5026745,2.0003335,-1.8822017,16.584324,-18.693722
166,0.54581416,1.6267805,-1.6559826,13.444191,-17.580864
167,0.49716946,1.847986,-1.307216,14.983435,-14.859605
168,0.49158067,1.1184055,-2.4046304,9.244301,-23.473738
169,0.5074646,0.3426754,-1.8020265,-22.20068,-18.217072
170,0.5573971,1.229186,-2.2579398,5.49487,-22.77462
171,0.49224886,0.6014707,-2.1557066,-3.4372613,-21.747211
172,0.5286601,0.1388559,-1.4142044,-21.48232,-15.972422
173,0.5318549,0.7657764,-2.4409661,0.14835915,-25.090078
174,0.5418331,3.6241567,2.0413234,26.539986,-3.570847
175,0.534278,0.91550326,-2.5134053,7.4477496,-25.710188
176,0.54661465,0.7905733,-2.0448482,-6.0023155,-20.43364
177,0.4936027,1.2330866,-2.287509,5.3482027,-22.802233
178,0.5065729,0.97605145,-2.517374,8.30554,-24.920017
179,0.5364149,1.2831893,-1.9173553,10.855628,-18.286566
180,0.5278559,0.795796,-2.3306699,1.182421,-24.781698
181,0.52340585,0.47475848,-2.1642647,-9.824215,-22.548536
182,0.55746967,1.2515492,-2.335309,5.4770875,-23.114063
183,0.5293693,4.000254,2.43607,28.819407,-1.794509
184,0.5380876,1.7491934,-1.1366874,14.141541,-14.779251
185,0.52223206,1.3136369,-2.4644995,11.5026045,-23.356688
186,0.49491084,-0.31872073,0.2591438,-19.101166,-2.5409815
187,0.49819678,0.5789951,-2.275684,-2.009037,-25.168106
188,0.4904001,1.3520627,-2.1543913,11.693162,-19.337343
189,0.5421684,1.2066084,-2.4343472,5.6782174,-24.108816
190,0.53433615,0.57417613,-2.1200256,-23.816368,-19.750069
191,0.4905903,0.7740961,-2.30094,-5.9367895,-23.869001
192,0.486912,1.197834,-2.4663734,5.700644,-24.297903
193,0.50647056,0.6548238,-1.5318946,-4.741922,-15.85676
194,0.5270797,1.2413524,-2.058802,10.313382,-20.196623
195,0.497585,3.4224017,2.2280784,26.297834,-2.1011732
196,0.5522744,1.3845514,-2.3944502,12.3687105,-21.188683
197,0.54198664,0.41233933,-2.0454984,-10.219499,-20.957857
198,0.54656625,1.6732562,-2.0975692,15.381969,-19.717068
199,0.51385844,0.68964684,-2.3840852,-0.86947155,-25.569914
200,0.5130487,0.71570843,-2.4447038,-0.40453538,-25.943727
201,0.48917773,0.5933397,-2.0500193,-4.1959014,-20.446795
202,0.54708725,0.7633104,-2.4261546,0.6986609,-26.224247
203,0.4950405,0.75469875,-2.4249628,0.517038,-26.26677
204,0.5273215,0.93284607,-2.4992442,3.1941102,-26.425014
205,0.49581409,1.8297911,-2.2128954,15.824354,-20.385801
206,0.49709758,0.43608725,-1.8482729,-9.144978,-18.855087
207,0.48992613,1.4553039,0.661976,23.311056,-7.2838793
208,0.5309636,1.2085618,-2.453075,5.92815,-24.301054
209,0.5251336,0.5730865,-2.001557,-4.4976673,-19.743473
210,0.49906278,1.4414717,-2.1634881,12.343895,-19.552217
211,0.4987718,0.8533713,-2.128888,1.6344479,-20.302128
212,0.49606967,1.2636535,-1.8571588,5.371362,-19.481102
213,0.511487,1.1659013,-2.0631897,10.188804,-18.753029
214,0.50583136,0.039594453,-1.1554086,-21.011618,-14.988016
215,0.5483461,0.73572356,-2.3756664,-0.27950028,-23.590519
216,0.5339289,0.5179313,-2.274562,-9.1718855,-23.135893
217,0.53123885,0.9449886,-2.5245953,3.2184896,-26.37372
218,0.5184961,3.5264647,2.3148692,26.56238,-1.7363212
219,0.50361645,0.66946155,-2.2076397,-2.7724023,-22.024672
220,0.48630822,0.5457413,-2.1171253,-8.780109,-21.60515
221,0.53556275,1.2589021,-2.2433803,10.577699,-21.97801
222,0.54354113,0.9106839,-2.1974533,7.1521816,-21.179438
223,0.36791652,0.57758147,-2.1631312,-8.594174,-22.693274
224,0.365542,-1.4661999,0.8674087,-19.013874,9.219694
225,0.38061035,-2.0347672,1.0559485,-17.531744,18.084593
226,0.37843475,-0.71186024,0.61728615,-19.709162,0.52832943
227,0.38083583,-0.05259788,-0.119852275,-17.428455,-4.49147
228,0.3863365,0.76584005,-2.2860718,-23.971197,-20.299728
229,0.35383233,0.74242824,-2.3129804,-5.902406,-23.907024
230,0.35224116,-1.1485916,-0.048092194,-20.218119,-8.153764
231,0.34085003,-2.816206,0.90303546,-12.426872,31.710892
232,0.34410852,-1.439353,1.0488472,-22.775099,9.396468
233,0.38677353,-0.3801628,-1.1936083,-16.963188,-13.276741
234,0.40484393,-0.397977,-1.083373,-18.98414,-13.332244
235,0.40868598,-0.00877443,-1.7462864,-23.911072,-16.778067
236,0.40856016,-0.059115987,-1.6237118,-23.272778,-16.2239
237,0.34641466,0.49186504,-1.9364692,-8.833371,-19.64566
238,0.4125641,0.72767586,-2.38941,-0.4349592,-24.869686
239,0.42035797,-0.53149027,0.72164786,-20.991972,0.04748579
240,0.3628653,-0.59139186,0.46951798,-19.410545,-0.897601
241,0.4198767,0.34820297,-1.3628312,-20.883148,-16.285915
242,0.3610975,-0.6610817,-0.61448556,-19.851929,-12.312471
243,0.41781586,0.19431828,-1.1537933,-20.660536,-15.321298
244,0.40758255,0.4034625,-2.1027436,-10.945679,-21.85396
245,0.37213457,-1.4949017,1.0330938,-21.90131,10.042679
246,0.38551903,-0.9307518,0.8905396,-21.951073,3.3554492
247,0.36116537,-1.6417197,1.0573807,-21.592014,12.23758
248,0.367617,-1.3910507,0.9718572,-21.117592,7.921516
249,0.37856132,-1.7542038,1.0658152,-20.694796,13.721132
250,0.42099252,0.5516766,-1.7418987,-20.001867,-17.797115
251,0.3484772,-1.2268038,0.99448246,-22.775007,6.8093133
252,0.35333383,-1.2675856,0.95375913,-21.42124,6.5823445
253,0.35413846,-1.3032936,1.0122373,-22.937178,7.7057405
254,0.34517744,0.13520302,-1.5045657,-12.449527,-16.527784
255,0.3778371,-1.1367778,0.9607703,-22.473064,5.5874906
256,0.35238126,0.10005626,-1.6650071,-13.011003,-18.00288
257,0.34817365,-1.2319454,0.82711893,-20.101082,5.219517
258,0.35569093,-1.7539527,0.90890086,-18.256346,11.780603
259,0.37172684,-0.08329136,-0.53002536,-17.027235,-6.359518
260,0.42049542,0.025625123,-0.36348295,-16.987774,-5.5263596
261,0.4096191,0.27910778,-2.0510514,-11.931093,-21.4014
262,0.38120863,-1.5542707,1.0747892,-22.447077,11.026691
263,0.41343206,0.9290978,-2.3416615,2.0271814,-21.917257
264,0.33933976,-1.6974392,1.0137182,-19.73,12.585228
265,0.38894966,-0.29417413,-0.68911254,-17.466494,-7.346067
266,0.4175346,-0.9558695,0.6289914,-19.112625,1.9191617
267,0.40712756,1.0975045,-2.1128845,9.396825,-21.045887
268,0.4120623,0.22008897,-1.9606735,-12.413663,-20.379965
269,0.3576954,-0.799503,0.8818984,-21.860256,2.2577312
270,0.38252446,-0.17494436,0.5682935,-20.439249,-2.017448
271,0.3558587,-1.4212769,0.96461684,-20.81967,8.641441
272,0.39093393,0.49232626,-1.5531914,-6.9660835,-16.078115
273,0.36338657,-0.5180794,0.5136994,-19.654333,-0.7017738
274,0.34335193,-1.0665919,0.9539201,-22.51597,4.907455
275,0.37634316,-2.4811153,1.0069509,-14.781846,24.528458
276,0.34423384,4.238076,2.5392644,32.916428,-3.6966522
277,0.3626693,0.17786424,-1.8510234,-23.606995,-17.567661
278,0.36114168,-0.29116932,-1.2562996,-16.513084,-13.5175905
279,0.4110796,-0.05299798,-0.18286146,-17.359735,-4.737422
280,0.41765997,0.0077247517,-1.4939758,-13.228405,-16.805328
281,0.36056343,-0.2910145,0.6408676,-20.770035,-1.4894085
282,0.37848023,-0.21366909,-0.8206633,-20.663933,-13.640685
283,0.35531643,-1.854009,1.0717311,-20.243916,15.034696
284,0.37348235,-1.8514869,1.0784225,-20.45578,15.054429
285,0.41410828,-0.48502877,-0.11514595,-18.535837,-5.020647
286,0.39905748,-0.12574778,-1.0643766,-20.767977,-14.358543
287,0.36142427,-1.4157119,0.7398481,-18.474382,5.0044518
288,0.3976656,1.4599459,-2.1925993,12.545113,-19.867643
289,0.39234382,0.15979671,-0.7789915,-16.042568,-7.187199
290,0.36235672,-1.715183,1.0462905,-20.280478,13.102781
291,0.40416718,0.21504186,-0.8449811,-15.967878,-7.6619363
292,0.4070536,-0.06287545,-0.06252958,-17.808762,-4.2849584
293,0.37757844,-0.0774659,-0.13424556,-17.494202,-4.6840997
294,0.35281825,1.5240464,-2.1964924,13.128927,-20.056532
295,0.37272152,1.0018485,-2.2620692,7.667989,-21.775234
296,0.41178405,0.24126114,-1.8470863,-23.1321,-18.036661
297,0.3622527,-0.37066653,-1.2104467,-18.893215,-13.56322
298,0.35600883,-0.41266632,-1.1709222,-19.323057,-13.640114
299,0.42068338,1.6765988,-2.224273,14.483899,-20.385698
300,0.41151106,-0.11853751,-1.3063855,-21.603165,-15.019879
301,0.40205964,-0.025325498,-1.7837709,-24.108824,-16.778267
302,0.38662255,-0.44122207,-0.98332167,-17.86628,-12.8636265
303,0.40647602,1.1107792,-2.503893,7.8990645,-24.568865
304,0.36895075,-1.957345,0.9172562,-15.906636,17.546154
305,0.3660228,-1.6720026,0.89188874,-18.412037,11.1650305
306,0.35746062,-1.0560913,0.6432733,-18.99474,2.3799913
307,0.34617567,-2.6919725,0.89728886,-13.500285,30.678062
308,0.35084677,4.722772,3.1157238,36.759167,3.4819016
309,0.3888761,1.0223942,-2.4002624,9.541226,-25.27007
310,0.4062371,0.21533145,-0.6833366,-16.19171,-6.681093
311,0.35282883,-3.5095944,0.97646683,1.8495448,35.90479
312,0.4045433,0.010249683,-1.0059817,-20.866713,-14.404606
313,0.41417968,4.1900115,2.514013,32.877766,-3.7631998
314,0.40982082,-1.0875455,0.9497251,-22.132048,4.8696637
315,0.3859866,0.3152899,-1.5156273,-10.958754,-16.215559
316,0.39379644,0.3489612,-1.1057632,-15.2112255,-8.141266
317,0.3862016,-0.55696476,0.058652773,-18.855602,-4.1530747
318,0.3550246,0.6849734,-2.3253105,-1.0803432,-24.796124
319,0.38193503,1.175055,-2.344758,5.606005,-23.637356
320,0.4143601,0.22086628,-1.887042,-23.056755,-17.360815
321,0.41437843,-0.49087343,0.61695564,-20.336367,-0.35905433
322,0.3477097,-0.35929692,-1.0141943,-17.175737,-12.855672
323,0.3899722,0.032369435,-1.5558252,-13.124554,-17.185
324,0.41005266,0.8701825,-2.4048107,2.2786424,-24.829048
325,0.34613183,-0.7043728,-0.9593529,-17.973934,-12.063793
326,0.3712736,-0.39987972,0.51502246,-19.991102,-1.2794865
327,0.35700712,-1.2537761,1.0049986,-22.567184,6.9555674
328,0.3455605,0.035110135,-0.33060384,-16.876766,-5.3740325
329,0.3926578,-1.493064,1.0252225,-22.357729,10.099528
330,0.3493273,-0.646356,0.79741496,-21.221037,1.0772469
331,0.40679225,0.10916521,-1.5754466,-12.660285,-17.101889
332,0.42043242,0.5258979,-1.8157926,-5.661616,-18.163445
333,0.39807054,-0.2961607,-0.40749618,-17.92547,-6.024563
334,0.1707576,-3.717951,0.99339044,5.839881,41.243107
335,0.1256466,-3.5425909,0.9910661,1.5190567,36.347645
336,0.09835389,-0.20094141,0.27962986,-19.29465,-2.5683606
337,0.17062227,-3.4350235,1.0395815,-0.62742704,36.018314
338,0.1731925,-3.4858522,1.0355214,0.3255215,36.152275
339,0.18863723,-3.519741,1.0707248,0.20862363,37.208084
340,0.19136941,-3.6405187,1.0525833,3.164098,38.39309
341,0.1741077,-3.1186893,1.0463728,-5.8598375,31.204645
342,0.1306438,-3.8417747,0.95696217,7.3338346,41.565926
343,0.17480323,-0.95960945,0.9236359,-22.296629,3.7817245
344,0.17948999,-3.6504571,1.02208,4.3782654,39.441387
345,0.12649632,-3.798166,0.9722781,6.518533,40.951332
346,0.14028266,-3.7093315,1.0092393,5.058687,39.5208
347,0.05729091,-1.3446697,1.0104393,-21.801151,7.960164
348,0.15323706,-3.5955217,1.0612293,1.9806361,37.947456
349,0.15212993,-3.6662102,1.0463552,3.6825678,38.626667
350,0.1655762,-3.3699827,1.0735602,-2.0632472,35.4727
351,0.12347407,-3.070565,1.0398846,-6.4698324,31.124365
352,0.17892429,-1.9854757,1.0431606,-18.410563,17.079943
353,0.18291159,-3.0822709,1.0239377,-6.3197603,31.794992
354,0.15486243,-2.9920588,0.90786797,-10.777444,33.048946
355,0.12024298,-0.5852302,0.7653366,-21.076479,0.63733083
356,0.18704297,-3.0061398,0.89353114,-10.96374,33.47823
357,0.1028752,-3.933139,0.958349,8.773996,41.42539
358,0.14642474,-3.6071494,1.0010827,2.4017684,37.103912
359,0.1389888,-3.085507,1.0691819,-5.9459386,30.166855
360,0.18970025,-3.00191,1.0267155,-7.3655467,30.015358
361,0.15545784,-3.6531365,1.0485677,3.35332,38.250954
362,0.19182876,-2.5362542,1.0963149,-13.549638,23.97684
363,0.10410633,-3.7624736,0.9773558,5.920381,40.7149
364,0.10318068,-3.3623974,1.024705,-1.0745752,34.90978
365,0.1227861,-2.838063,1.0784389,-8.8053665,27.94269
366,0.12676764,-3.7184448,0.983964,4.998661,40.456043
367,0.1359591,-3.728741,0.98318756,5.333366,40.515694
368,0.14105248,-3.7071679,1.0288825,5.366361,38.977055
369,0.1145876,-3.730076,0.97784495,5.8033943,41.273506
370,0.18430406,-3.966073,0.94684815,8.973856,42.123768
371,0.11511052,-3.4364402,1.05548,-1.0407141,36.164776
372,0.13790865,-3.9635363,0.9457406,8.724707,42.359764
373,0.17588319,-3.8847697,0.9770187,8.291741,41.54271
374,0.15827945,-3.9384909,0.9548059,8.444018,42.29606
375,0.1510188,-3.9127564,0.96699935,8.242521,42.1066
376,0.19002679,-3.3299112,1.013002,-2.8480952,34.767418
377,0.13368338,0.59440064,-2.009312,-3.6959898,-19.541563
378,0.03480182,-3.7520382,1.0183204,5.768062,39.31924
379,0.15521035,-1.2306114,0.92340106,-21.231194,6.109388
380,0.17164187,-2.7752676,1.0104178,-10.228913,28.036068
381,0.17499548,-2.9529183,1.0207716,-7.906601,29.42747
382,0.13627231,-3.4667585,1.0371749,0.4434943,36.64779
383,0.11625899,-3.4661539,1.0330869,0.028963622,36.08673
384,0.13977113,-3.444084,1.0280675,0.18099426,35.70545
385,0.13239336,-3.3497362,1.0492697,-1.7897342,34.907616
386,0.11533468,-1.8628927,1.0175344,-18.749962,15.22422
387,0.12468969,-3.8218284,0.9664355,7.013403,41.13794
388,0.18824655,-0.9436098,-0.6851599,-18.58963,-11.184201
389,0.14344878,-3.6358209,1.0338503,3.146167,37.921677
390,0.09361268,-1.604236,0.27396506,-21.12949,-8.147148
391,0.18846267,-3.5452878,1.0601948,2.2017908,38.321983
392,0.1867874,0.54085773,-1.6127748,-5.9241676,-16.449549
393,0.13240989,-3.7101085,1.0199841,5.1084304,39.18005
394,0.14110963,-3.7603624,1.0077093,6.060988,39.937485
395,0.17792629,-3.79607,0.98332846,6.5485134,40.617596
396,0.18482947,-3.8036492,1.0050503,6.6399856,40.046146
397,0.12773821,-0.9659183,0.8895075,-21.515799,3.6218846
398,0.11506717,-3.8119361,0.9968479,7.309815,40.21562
399,0.09614911,-2.8384871,0.8899098,-12.53817,32.265873
400,0.13766511,-3.6930335,1.0316793,4.937142,38.855976
401,0.18714294,-3.5208821,1.0634079,0.46686956,37.148483
402,0.18942542,-2.548985,1.0572733,-13.503806,25.055138
403,0.19204637,-1.7871159,1.0131546,-19.006582,13.997046
404,0.17222416,-3.747115,1.0296714,6.341911,39.349247
405,0.19247393,-3.8290207,1.0118836,7.66998,40.309887
406,0.17452358,-2.9086897,1.0361995,-8.214184,29.872307
407,0.18175957,-3.1581795,1.0879972,-4.9953732,31.306688
408,0.17197606,-3.6718044,1.0643196,4.310843,38.39306
409,0.18629241,-1.7207057,0.16803318,-20.974981,-8.752584
410,0.16301253,-3.7745333,0.995101,7.093822,40.47783
411,0.19239445,-2.1357193,1.0602218,-18.38716,19.027546
412,0.15482071,-3.2324922,0.9723533,-5.3118453,34.012283
413,0.11797543,-2.6368418,0.92620385,-13.314337,29.646486
414,0.16425775,-2.758201,0.8987585,-12.850517,31.313099
415,0.17187645,-3.1615536,1.0523076,-5.3508115,31.714897
416,0.13924064,-1.0500365,0.66838205,-19.004297,2.3533678
417,0.17611855,-2.9376774,1.033887,-7.952847,29.946411
418,0.04778632,-1.2212181,0.9853459,-22.197012,6.4868765
419,0.15124859,-2.9243019,1.0520871,-8.018399,28.397709
420,0.1471285,-3.5241196,1.0044026,1.5869933,36.973278
421,0.04478932,-2.9738455,0.88816273,-11.481221,33.39137
422,0.18514776,-3.1797512,0.94784313,-6.6281953,34.03116
423,0.1680365,-3.0006075,1.0352694,-7.3051376,30.632156
424,0.16084194,-2.9981482,0.9120056,-10.616041,33.074017
425,0.1343205,-2.3099208,1.0778266,-16.115063,21.641235
426,0.18282439,-3.0034988,1.0696435,-6.6984396,30.278282
427,0.16526148,-3.0940392,1.0053129,-6.8078732,31.76622
428,0.1668246,-3.0715318,1.0237639,-6.56795,31.670868
429,0.15674643,-3.4225764,1.055609,-1.3926555,35.63825
430,0.19150545,-3.1428607,0.98983556,-6.4354115,33.074
431,0.1925339,-1.7353542,1.0809517,-21.253374,13.556249
432,0.1811685,-3.354505,1.0170274,-2.4880478,34.979786
433,0.17462981,-2.156177,1.0601707,-18.153316,19.416788
434,0.19116573,-2.7209206,1.0360966,-11.240819,26.17983
435,0.16705245,-2.566629,1.0596511,-13.738433,24.219042
436,0.11393712,-2.7735217,0.87116057,-13.254426,32.007862
437,0.15185189,-3.186282,1.0404676,-4.6492276,32.95619
438,0.17868571,-1.5733076,1.0151191,-20.629278,11.11027
439,0.14208859,-3.8521094,0.9592561,7.8614774,41.654472
440,0.1807108,-3.7490673,1.0157533,6.3034654,39.899757
441,0.14688,-3.3554182,1.0776644,-1.9198984,35.513428
442,0.11426167,-3.9374766,0.9724369,8.950383,41.501915
443,0.12223873,-3.8471706,0.9984108,7.888298,40.78809
444,0.16621701,-3.9507263,0.9525568,8.98815,41.861866
445,0.02729641,-1.1928841,0.9429721,-21.902662,5.93738
446,0.03365023,-3.511623,1.0516206,0.10179065,36.789467
447,0.6459624,2.5602946,-0.9017862,18.720245,-15.580706
448,0.5815322,2.0173085,-1.3835628,17.180824,-16.75098
449,0.5647541,1.656621,-2.2900233,14.778207,-21.201801
450,0.5661498,2.706009,-0.89522535,19.156767,-15.863352
451,0.6144477,3.1162639,-0.118442975,20.038525,-13.966
452,0.6110912,4.547602,3.016716,33.80741,3.2962606
453,0.5986466,3.4151666,0.4595246,20.773344,-13.215861
454,0.6207381,4.4835553,2.8346932,33.467926,0.8174011
455,0.6147515,2.2005458,-1.817734,17.564745,-18.332006
456,0.6298079,1.3034465,-2.2616377,11.856169,-22.169662
457,0.60490745,0.2713359,-2.0183697,-12.014342,-20.983137
458,0.56250745,1.3468409,-2.2688365,12.319312,-22.197205
459,0.5589734,1.120174,-2.5187624,8.949931,-25.751617
460,0.5809366,0.056900103,-1.7908185,-23.838978,-17.078756
461,0.64802206,1.5804417,-1.9916239,14.497371,-19.24561
462,0.6101473,0.8245145,-2.3964114,1.6859504,-24.830713
463,0.5693984,0.41536868,-2.104683,-10.450553,-21.749914
464,0.6233671,3.5471618,1.8704138,26.355894,-4.1315145
465,0.60308725,-0.32144958,-1.044378,-20.151245,-13.880171
466,0.59067005,3.7019317,2.4226983,26.996017,-1.331506
467,0.62453294,2.0045433,-1.7808559,17.174484,-18.5135
468,0.6218685,1.8514868,-1.9871099,16.283144,-19.374292
469,0.631634,2.5493648,-1.3929864,18.688194,-17.145508
470,0.55797124,0.4311113,-2.156536,-10.639911,-22.28495
471,0.59691906,1.1213304,-2.0502071,5.3566737,-19.924416
472,0.56878173,0.92896354,-2.368053,3.0956173,-23.804718
473,0.65311134,2.1730642,-1.4140571,17.218416,-16.806393
474,0.57034504,1.0429485,-2.3822289,8.277944,-23.649763
475,0.5611814,1.5189024,-1.9374595,14.238192,-18.809502
476,0.6041313,1.0503644,-2.557456,5.854213,-25.535564
477,0.6011802,1.1931298,-2.4467359,9.825071,-24.751703
478,0.6160812,-1.3185167,1.0028183,-22.447254,7.7763
479,0.6168724,1.8727508,-1.7644875,15.9176235,-17.97966
480,0.6258508,1.7784631,-2.0888722,15.069425,-19.931223
481,0.5844865,1.9385684,-1.9640789,16.274261,-19.079859
482,0.59208107,0.88052535,-2.5127814,2.805824,-26.588898
483,0.64547604,2.4573894,-0.41959092,17.965586,-13.184968
484,0.60802674,3.1951656,1.1015108,25.712206,-5.9442654
485,0.60247225,1.8976984,-1.9940844,16.795536,-19.303139
486,0.64135253,4.483445,2.8826065,33.39503,1.6375985
487,0.6379828,4.4878182,2.9676025,33.060246,2.9687066
488,0.62542176,2.8786678,0.7600629,25.172659,-6.594695
489,0.57487255,2.4818597,-1.1303431,18.819582,-16.478182
490,0.5903504,1.3253278,-2.418297,12.088183,-22.881659
491,0.6034543,4.11746,1.9973395,29.267805,-5.0720444
492,0.6086716,0.87352383,-2.3921363,2.4266632,-24.20147
493,0.5741662,0.85733867,-2.4187458,2.178139,-24.472086
494,0.64742565,1.6265097,-2.0154753,13.097633,-18.751232
495,0.5830981,0.8114315,-2.4493835,0.5743043,-25.305801
496,0.6058347,1.4361253,-2.1774714,12.178527,-19.726334
497,0.5771616,1.8371286,-1.7959297,14.993742,-16.981857
498,0.65118915,2.003916,-1.3105989,15.898139,-15.402394
499,0.6259001,1.0200803,-2.3736296,3.87821,-23.709265
500,0.60509765,4.201732,2.574265,29.369404,-1.390641
501,0.6326397,3.4247572,2.0590482,26.0501,-3.3682287
502,0.58703095,0.723077,-2.374004,-0.25411412,-25.401676
503,0.6089876,1.8480997,-1.7293688,15.104033,-16.721167
504,0.5917102,1.4815018,-2.400542,13.555317,-21.896616
505,0.5652419,4.6987286,2.9907959,37.396755,1.4822447
506,0.6022834,4.38611,2.7638812,31.708542,1.1042465
507,0.6203383,1.9336882,-1.5429044,15.435193,-15.962632
508,0.58225435,1.6116648,-2.2374573,14.119439,-20.459711
509,0.60345757,3.5880623,1.7986913,27.049894,-4.77074
510,0.596265,4.086439,2.537494,29.06196,-1.4250894
511,0.6419068,3.082025,-0.1923499,19.84386,-14.072867
512,0.6092222,1.0921296,-2.2320356,9.380319,-21.747398
513,0.6052019,3.9540849,2.3407376,32.504025,-3.9934776
514,0.6009659,2.865388,1.0966281,25.11616,-6.3757052
515,0.6455095,1.050818,-2.3206353,7.120729,-22.780687
516,0.64320326,2.4318166,-1.1651514,17.933271,-15.844496
517,0.5784067,1.5182966,-2.2618868,13.695028,-20.802876
518,0.5593708,2.8500326,-0.39790368,19.043367,-13.942268
519,0.59261304,0.49705192,-2.1419535,-9.557906,-21.86398
520,0.60596496,1.177307,-2.0838547,9.688058,-20.70002
521,0.6127098,1.6058159,-1.2789056,12.901061,-15.078645
522,0.6408171,3.3484373,1.4844759,26.025873,-5.2206006
523,0.60245323,4.679342,3.0802455,36.325413,3.280263
524,0.5644414,0.87944645,-2.5108109,2.3091905,-26.111683
525,0.5663707,0.32281086,-1.9893427,-11.134744,-20.593216
526,0.6486767,4.592213,2.8878186,35.87865,0.74314535
527,0.65220016,0.5050422,-2.121766,-9.296948,-21.63521
528,0.61934566,2.5022364,-1.4059422,18.614286,-17.199844
529,0.6115276,1.3932368,-2.2953706,12.504256,-22.797739
530,0.615194,4.204701,2.7028344,30.42292,0.057949156
531,0.6079729,4.3175526,2.6842532,31.510456,-0.611677
532,0.5720704,0.43076545,-1.5729686,-21.477034,-17.65538
533,0.6510192,4.270695,2.8334064,30.685993,1.3736808
534,0.59987545,4.0910835,2.4762154,29.803633,-2.1105661
535,0.63212323,0.69851035,-2.1238873,-1.6202289,-19.800854
536,0.56094754,0.28084043,-1.9710282,-11.803741,-20.798763
537,0.57207656,0.6579706,-2.2014678,-7.3047104,-22.836197
538,0.5700077,1.3739867,-1.9668288,11.22741,-18.416666
539,0.6057099,2.2126968,-1.5912825,17.943563,-17.704353
540,0.5810583,1.0507891,-2.312012,9.205483,-22.469032
541,0.58692354,2.731506,1.4770285,24.834845,-5.6371584
542,0.5681978,0.11835598,-0.8412018,-16.610016,-8.432363
543,0.6114558,0.22359855,-1.5945306,-21.478184,-16.869673
544,0.6269596,2.4558256,-0.6176358,17.950085,-13.84464
545,0.6411017,4.490368,3.0300708,33.11494,3.341363
546,0.602329,3.6046484,2.3244503,26.707853,-1.6571478
547,0.6218122,1.1121882,-2.3543675,6.4691863,-23.307232
548,0.5576013,0.7236066,-2.223335,-2.2303677,-21.932835
549,0.62233686,0.6104468,-2.2570267,-7.7608323,-23.066465
550,0.5693831,0.6831358,-2.1928353,-6.716644,-23.190939
551,0.63874125,4.194695,2.6462662,30.11268,-0.062320143
552,0.61920446,2.4473376,-0.6280315,18.032738,-13.920305
553,0.5625501,1.5192426,-2.1619809,13.957232,-20.941599
554,0.5630864,1.7658066,-2.1984122,15.409112,-20.438877
555,0.59990823,0.59747654,-1.8423154,-5.501265,-17.795761
556,0.5723078,0.87404644,-2.41803,2.0797958,-25.658842
557,0.6325394,2.4296753,-0.9144712,17.515373,-14.444885
558,0.30779925,-1.7268833,1.0718857,-21.14082,13.403127
559,0.2751239,-1.4550116,0.89153546,-19.111073,8.871686
560,0.26310936,-3.002368,1.0291604,-7.3508053,30.318598
561,0.31453112,-2.0979478,0.9476363,-15.577147,18.79701
562,0.28852877,-2.5919352,0.8891422,-13.985336,29.765747
563,0.2753461,-3.5758307,1.0103304,2.1709414,37.238426
564,0.30231398,-1.6938999,0.87502754,-18.092554,10.633323
565,0.31532347,-1.3686664,1.0513179,-23.101511,8.719537
566,0.3242176,-2.1116672,0.9774291,-16.215912,18.853783
567,0.3228769,-1.213573,1.0178826,-22.973755,6.6453733
568,0.28293467,-0.85642207,0.85094154,-21.49126,2.582591
569,0.3092054,0.42379516,-1.9095963,-9.676051,-19.538507
570,0.32764176,-3.6136966,1.0247672,2.8397486,37.74272
571,0.267979,-2.2954774,0.9032761,-13.756412,21.514862
572,0.28952187,-1.3325462,1.0097443,-22.602074,8.005647
573,0.26926774,-0.58556825,0.76653594,-21.15026,0.6208987
574,0.27109078,-2.026831,1.0620493,-18.334616,17.584068
575,0.33851808,-1.1256887,0.21087806,-20.677166,-6.9779882
576,0.31697717,-0.84655577,-0.016170848,-19.73917,-6.5499372
577,0.31295314,-1.247827,0.93728924,-21.283823,6.300731
578,0.2823468,-1.8053163,1.0823973,-20.72038,14.446819
579,0.33239225,-1.6223083,1.0563583,-21.650232,11.914491
580,0.32702178,-1.5534106,1.0174541,-21.106897,10.574955
581,0.31157303,-1.6627303,1.0685695,-21.577837,12.585881
582,0.32237554,0.37385815,-1.2583528,-15.369477,-9.700136
583,0.31642985,-1.16464,0.64471674,-18.665514,2.5523825
584,0.2902222,-0.22766969,-1.040205,-16.74962,-12.8419
585,0.26493815,-3.1938324,1.0939343,-4.6144376,31.86856
586,0.29008287,-2.2310987,1.0896721,-17.75531,20.492825
587,0.2884078,-2.1693497,1.1092111,-18.704824,19.690935
588,0.29630676,-2.3404143,1.1024356,-16.91175,21.697721
589,0.30603737,-1.3579156,1.0167134,-22.078712,8.313456
590,0.2925769,-0.7630042,0.32031894,-18.32185,-1.0914515
591,0.32264596,-1.5835265,1.0828315,-22.239483,11.566906
592,0.3285595,-1.3017248,0.9907128,-22.583937,7.532545
593,0.2886599,-2.4714336,0.9274286,-14.201191,27.687675
594,0.30616537,-0.86627626,-0.50991815,-19.197176,-10.460906
595,0.30230084,-2.124782,1.0852633,-17.264036,19.009306
596,0.2856671,-2.0617595,1.0702235,-19.032667,18.21617
597,0.29600734,-1.9117618,1.0990677,-20.018993,16.071743
598,0.3318036,-1.6858377,0.50506365,-21.524727,-7.4452896
599,0.30049017,-1.5382525,1.0769569,-22.601353,10.869271
600,0.26273268,-2.1094656,0.9491234,-15.512028,18.910175
601,0.31358004,-1.3417791,0.561102,-21.707996,-5.8837996
602,0.32085276,-1.3804518,0.08179906,-20.681261,-8.314334
603,0.29238176,-1.2792768,0.48541203,-21.607155,-6.046499
604,0.308121,-1.873061,1.0904024,-20.412365,15.39616
605,0.29251224,-2.5878918,1.0442084,-13.4864025,24.569014
606,0.27017936,-2.417777,1.0498482,-15.358103,22.837759
607,0.2712758,-1.2007941,0.96663237,-22.007313,6.0661845
608,0.2875984,-0.52375585,0.4066071,-19.085344,-1.2332203
609,0.32199755,-1.8905993,1.0359116,-18.762526,15.780428
610,0.27197412,-2.0485227,1.049567,-18.710052,17.95081
611,0.33509633,-0.48610294,0.5957714,-20.493166,-0.6895088
612,0.2727838,-3.0235295,0.98201233,-7.757901,32.147533
613,0.29906175,-0.4815651,0.67056525,-20.68869,-0.26425964
614,0.29369888,-0.913252,0.8983817,-22.07313,3.3636158
615,0.31126156,-0.7999966,0.9009669,-22.081158,2.3027463
616,0.30849278,-1.4627806,1.0283834,-22.54844,9.701396
617,0.31198597,1.1998886,-1.105787,11.530545,-14.6546955
618,0.3040883,-2.1494489,1.077088,-17.966022,19.318316
619,0.2696879,-1.7724519,1.0212384,-19.477608,13.757387
620,0.32541978,-2.4707963,0.93617517,-14.186944,27.501438
621,0.28855374,-1.464731,0.45594397,-21.356781,-7.158192
622,0.32979566,-2.8791685,1.0369916,-8.685579,28.451431
623,0.3301199,-1.8114433,1.0607742,-20.321562,14.349568
624,0.32385314,-0.3664732,0.0433702,-18.4494,-3.7722495
625,0.3144132,-0.5821663,0.49455515,-19.291882,-0.6222169
626,0.31443697,-2.7887068,1.0435483,-9.680302,27.916277
627,0.33618286,-3.7252707,0.9932065,5.014033,40.360584
628,0.26980034,0.37575766,-2.0537987,-10.889926,-21.263077
629,0.26696274,-2.9456658,1.0787804,-7.418361,28.371695
630,0.29427412,-0.6894006,-0.78641653,-19.221952,-12.418332
631,0.2728221,-2.927979,0.9132864,-11.323239,32.56122
632,0.29023495,-1.5322423,1.0700705,-22.018633,10.862923
633,0.31200057,-2.2080085,1.0523767,-17.288807,20.04306
634,0.32279503,-1.5909157,1.0799193,-22.13638,11.606786
635,0.33144483,0.20935312,-1.646167,-12.037782,-17.267069
636,0.32937518,0.17743334,-1.6092452,-12.18346,-17.077389
637,0.27291283,-2.6686428,0.91549337,-13.315182,29.799273
638,0.33099276,-2.6527617,0.8993606,-13.545459,30.216679
639,0.2905159,-2.31894,1.051745,-16.537119,21.472517
640,0.32926777,0.2621906,-1.986084,-12.36918,-21.352196
641,0.3177432,-0.7353056,-0.81908923,-18.549976,-12.06386
642,0.30451903,-0.08059332,-1.258479,-20.6285,-14.891302
643,0.30809548,2.39774,-0.46673605,18.92804,-14.332931
644,0.27343404,-1.3538864,-0.1482278,-20.359798,-9.084754
645,0.31677437,-2.0128574,1.0466262,-19.045925,17.37099
646,0.28440306,-0.8409748,0.47013894,-18.673918,0.29532024
647,0.2717109,-2.1470659,1.0707953,-17.774015,19.161999
648,0.27574724,-2.0568407,1.0569733,-18.501436,18.020067
649,0.30438906,-2.0293677,1.0495371,-19.020264,17.652931
650,0.26392096,-2.5182343,0.93464434,-13.949967,28.048697
651,0.2866617,-2.0853274,0.92256093,-15.520714,18.304436
652,0.29004934,-1.2226964,0.8185778,-19.763409,4.622703
653,0.27622685,-2.622479,0.8937384,-13.834935,30.045202
654,0.3271619,-3.8292685,0.9779183,7.060745,40.889767
655,0.32724014,-0.5702857,0.7724165,-21.545324,0.46342334
656,0.269423,-2.732062,0.9031685,-12.952073,30.918
657,0.28327572,-2.5132985,1.0550525,-14.44756,24.016235
658,0.27863598,-2.5308228,0.90197307,-14.109861,28.980377
659,0.29105595,-0.90977937,-0.00868595,-19.888317,-6.785479
660,0.33212188,-2.2781706,1.0297972,-16.47196,20.973946
661,0.3256131,-1.8937238,1.1196663,-20.139725,15.91124
662,0.30129662,-2.3612328,1.0737844,-16.307652,22.103767
663,0.2897168,4.3804154,2.9121943,31.831394,2.197363
664,0.32435378,0.088070355,-1.4925321,-12.688197,-16.582577
665,0.32742512,0.36582655,-1.3127142,-15.224535,-9.814216
666,0.30083084,-2.4001153,0.989464,-15.25287,24.744486
667,0.2812765,-3.0352337,1.0418304,-6.579998,29.988989
668,0.2763873,-2.5329866,1.0541033,-14.234597,24.090155
669,0.4818534,0.7458979,-2.1094134,-0.7486417,-19.678373
670,0.42207423,0.6204512,-2.056244,-2.551139,-19.363066
671,0.43142614,0.65228164,-2.0977054,-2.0379193,-19.592289
672,0.4805564,2.426883,-0.25039762,17.920927,-12.632203
673,0.44791916,0.7231362,-2.342242,-5.9068503,-24.180054
674,0.46514532,0.55840313,-2.018115,-3.0307946,-19.04956
675,0.46385998,0.50693876,-1.8841823,-4.3097405,-18.415125
676,0.47225985,1.4536653,-1.8468682,12.28015,-17.992222
677,0.4720765,1.7393095,0.8743627,23.46596,-7.194674
678,0.46912506,0.78157103,-2.3197072,-0.19407772,-23.271294
679,0.42924953,0.45834866,-1.7461988,-5.5790377,-17.314987
680,0.42155936,1.1311246,-2.4489992,9.701367,-24.075678
681,0.4329083,-0.06376087,-0.3809037,-17.17313,-5.829007
682,0.46769062,0.32403436,-1.6116081,-21.862755,-17.375473
683,0.44890985,0.46613583,-1.9791425,-23.315872,-19.171762
684,0.4696874,0.30284873,-1.7558165,-22.468716,-17.858978
685,0.4467714,0.14239283,-1.4934343,-21.332033,-16.377443
686,0.44199684,0.43347833,-1.7285466,-22.02979,-18.308765
687,0.43132526,0.13080886,-1.7679869,-23.289364,-17.278324
688,0.48213547,0.33260888,-1.772243,-10.408535,-18.516712
689,0.45146763,-0.52020293,0.713701,-21.110695,-0.1340108
690,0.4743078,0.97828776,-2.3217494,3.7631488,-23.497587
691,0.48247725,0.8155973,-1.6677682,-5.3563595,-16.43375
692,0.43661958,0.636691,-1.9664214,-7.1492243,-19.508444
693,0.47601643,0.58222234,-2.1376946,-3.4274552,-21.419949
694,0.48451766,0.5841425,-2.2622828,-2.1666093,-24.513662
695,0.43746015,0.20243624,-1.8750143,-23.623669,-17.912445
696,0.46982104,0.8731417,-2.380296,2.0887356,-25.391832
697,0.45676255,1.1208632,-2.2955508,4.758852,-22.761127
698,0.4516283,0.6278448,-2.1727471,-2.3367033,-20.598204
699,0.45052654,0.6379627,-2.3005035,-1.6621987,-24.597935
700,0.48479593,0.498739,-1.8874397,-8.038092,-18.937523
701,0.44317082,0.6800299,-2.1467948,-2.8603618,-21.199451
702,0.4338507,0.09737275,-1.963669,-24.406132,-17.532722
703,0.42428547,0.5533802,-1.9711056,-7.978809,-19.922182
704,0.45052478,0.3485651,-1.7106463,-20.671309,-17.478216
705,0.43717638,0.3803662,-1.9950324,-10.565568,-20.521215
706,0.4609288,0.16243955,-0.6507303,-16.456638,-7.0452657
707,0.44716954,0.2803514,-1.8484408,-23.00048,-18.402195
708,0.46231225,0.4797069,-2.0122988,-9.205821,-20.46627
709,0.47519147,-1.0847149,0.9426881,-21.9056,4.855921
710,0.4321119,2.1452699,-1.2889088,16.605701,-15.502086
711,0.43646124,0.20759064,-2.0051613,-12.650447,-21.023106
712,0.4732027,0.16822541,-2.1476698,-24.6172,-18.465471
713,0.4299984,0.97023034,-2.2068758,2.2096162,-21.405165
714,0.4293725,-0.9219696,0.6937838,-19.533066,2.0229979
715,0.46525213,0.31214464,-1.546467,-10.987532,-16.359772
716,0.4617377,0.59870535,-2.0930274,-2.6679306,-20.235327
717,0.42710444,-0.10152713,-0.08994484,-17.598166,-4.2721734
718,0.4614935,0.6356291,-2.338469,-1.3868109,-25.811243
719,0.46777686,1.0377243,-1.5893286,10.176341,-15.706924
720,0.4799562,0.6425822,-2.3520095,-1.2619289,-26.026588
721,0.42547226,2.4286287,0.7934228,24.191051,-6.8864427
722,0.4236081,1.3671702,-0.66835284,11.718552,-14.438362
723,0.42510033,0.19748594,-1.795962,-23.018286,-17.715483
724,0.42556235,0.6769914,-2.2720692,-7.2820816,-23.730932
725,0.48170772,0.8779789,-2.1643436,7.15322,-21.08428
726,0.48295313,0.44303414,-1.9556223,-9.429532,-19.865839
727,0.4659666,0.24605459,-1.9775841,-12.226227,-20.723886
728,0.46066785,0.6294695,-1.8487344,-5.482993,-18.187056
729,0.48350823,0.84453535,-0.3022858,-15.275901,-5.858307
730,0.4821917,0.61058664,-1.9409523,-7.0504837,-19.413084
731,0.4288377,0.08735287,-1.5313988,-22.337574,-16.309834
732,0.46689108,0.9640812,-2.2812822,3.3286676,-22.202488
733,0.47811094,0.53220516,-1.9110557,-3.9062374,-18.491385
734,0.44089055,0.5630602,-2.1181247,-3.6950686,-21.487656
735,0.44471768,0.85371315,-2.4399939,0.4893613,-23.553093
736,0.45255628,0.029983854,-1.2684153,-13.262984,-15.5859375
737,0.44312757,0.47039822,-1.4896387,-7.3424144,-15.967347
738,0.4528907,-0.6339974,-1.04817,-17.782349,-12.28074
739,0.4702343,0.6272309,-2.33188,-1.6338705,-25.074005
740,0.44768214,0.21790364,-1.9323268,-23.968895,-17.930973
741,0.47709695,4.343447,2.6188753,33.140064,-3.5359728
742,0.42891088,-0.14876008,-0.2854047,-17.359106,-5.03895
743,0.4634484,2.5845523,0.23331995,19.542055,-12.696189
744,0.43029305,0.5236596,-1.8712584,-4.5281854,-18.327736
745,0.4350151,0.49614847,-2.045192,-9.386279,-21.439272
746,0.42563206,0.5142624,-2.2707005,-23.9997,-19.813135
747,0.42372242,-0.43299642,0.19560169,-18.725714,-2.7695718
748,0.46070734,-0.50804436,-0.84016067,-17.421932,-12.333934
749,0.48349983,1.1055189,-2.449113,5.1812305,-24.265387
750,0.4274517,0.3095631,-1.83597,-10.784543,-19.067305
751,0.42611042,0.005885214,-1.7374543,-23.49274,-16.496239
752,0.46456563,0.2939933,-1.8921802,-23.116959,-18.484074
753,0.46802315,0.93478304,-2.3804364,8.056104,-23.058468
754,0.45425856,0.5660726,-1.04279,-15.179337,-8.353683
755,0.45444748,0.17344,-1.9664756,-12.907765,-20.640886
756,0.43769738,-1.1687082,0.8854485,-20.988743,5.0100336
757,0.46759802,0.18251772,-2.012764,-24.278027,-18.183565
758,0.43482688,0.24084704,-1.003196,-15.744819,-8.014735
759,0.44605067,-2.1027572,0.9149392,-15.370763,18.36626
760,0.46876937,-0.21442457,-1.1267351,-20.68212,-14.310076
761,0.47490948,0.24538444,-1.392387,-21.127949,-16.125511
762,0.4729385,0.33899593,-1.6324487,-10.910838,-16.729004
763,0.44522646,1.1848457,-1.326743,11.069092,-14.941043
764,0.466836,0.5225215,-1.7935157,-4.3971305,-17.582422
765,0.45669094,0.4361664,-2.0834541,-10.153712,-21.462965
766,0.44444776,0.9441752,-2.410621,3.6542904,-26.039028
767,0.45921555,-0.5863241,0.7569223,-20.81998,0.6596501
768,0.43149012,0.71695924,-2.4526083,-0.3863,-26.70794
769,0.43030843,0.18585801,-1.6824356,-22.088617,-16.975073
770,0.4642116,0.58906996,-2.1268027,-3.4326696,-21.298775
771,0.43738648,0.399513,-1.9513283,-10.070218,-20.045897
772,0.47695458,0.30000404,-1.900914,-11.074532,-19.845186
773,0.4320058,0.66171443,-2.4057152,-0.92347413,-26.421354
774,0.43193898,0.8049211,-2.3578944,1.5444585,-24.61595
775,0.44622964,4.7746973,3.0240662,38.183468,1.8014511
776,0.43230858,1.311283,-1.8975168,11.816242,-18.206444
777,0.45185176,-0.4622528,0.5615958,-20.095514,-0.8562909
778,0.47362536,0.6311377,-1.8495862,-7.0638165,-18.822731
779,0.4510071,0.5305804,-2.2950385,-23.995817,-20.096853
780,0.22442728,-1.5658951,0.9290712,-19.210615,10.502768
781,0.24580817,-1.8632456,1.0574199,-19.115519,15.336751
782,0.20869182,-3.56421,0.9884577,2.5203464,36.47445
783,0.21188663,-1.969801,0.9836477,-17.585955,16.887854
784,0.23613864,-2.4957457,1.083374,-14.098012,23.522343
785,0.23916551,-3.2555683,1.0567466,-2.0131748,34.187923
786,0.21486345,-2.7450078,0.95017356,-12.284506,29.55761
787,0.24806581,-0.7178816,0.8428552,-21.545061,1.5618668
788,0.21310276,-1.2449481,-0.28686115,-20.048458,-9.540801
789,0.20557669,-3.4377775,1.0397933,-0.347489,36.29487
790,0.20658869,-1.6355261,1.0630589,-21.799555,12.254803
791,0.24978292,-2.215179,1.0956485,-18.072208,20.225574
792,0.19797951,-3.4241767,1.0567857,-1.1019346,35.73888
793,0.2520685,-1.3368478,0.9496219,-21.063162,7.2697763
794,0.19779082,-2.8390462,0.9003675,-12.203398,32.05678
795,0.23051804,-1.5964655,0.94787633,-19.229519,10.69982
796,0.2598814,-2.9416735,1.0753163,-7.6771936,28.504642
797,0.19685887,-0.62165344,0.78695375,-21.559563,0.89430517
798,0.24793218,-0.4012327,-0.3024661,-18.179615,-5.820283
799,0.19818428,-3.5268176,1.0079437,0.99349767,36.128345
800,0.20013821,-3.5071313,1.0640535,0.63390255,37.11983
801,0.22769,-2.2402067,1.0624143,-17.119917,20.556787
802,0.22610517,-2.0716145,1.0655203,-18.324608,18.331919
803,0.23091449,-1.8305243,1.0716975,-19.926575,14.722271
804,0.24819204,-2.2886865,1.061558,-15.595307,21.803802
805,0.23859659,-1.1259444,0.7988671,-19.831827,3.9590807
806,0.22999264,-3.0221827,1.0806705,-6.5685816,29.241772
807,0.24096715,-2.4393218,1.0948375,-15.107244,22.677435
808,0.20667304,-2.1796958,1.0095434,-16.926487,19.524925
809,0.25620213,-3.441133,1.0684226,-1.0918173,36.39106
810,0.25093135,-1.4670665,1.0134459,-21.930998,9.476596
811,0.21015218,-2.3927264,1.031843,-15.472351,23.87547
812,0.22082008,-2.5804107,1.0024827,-12.8016615,26.28411
813,0.24888515,-2.945796,0.9353527,-10.854882,32.456
814,0.21491805,-3.0057046,1.0801008,-6.8063674,29.209433
815,0.2091878,-2.4391704,1.0349677,-15.187672,23.359827
816,0.22486359,-2.9449146,1.0489653,-7.830225,28.845354
817,0.22069123,-3.7113934,1.0020596,4.935832,39.95417
818,0.25703934,-2.811606,1.0236979,-9.39439,28.655
819,0.19955112,-2.9657745,1.0617933,-7.418045,28.84688
820,0.22428983,-3.2255986,0.96093154,-5.9114103,34.112328
821,0.19934878,-1.3190058,0.13611054,-20.76334,-7.8176594
822,0.23787078,-2.8110955,1.0464952,-9.697238,27.205502
823,0.19890583,-2.3761501,1.0848203,-15.993629,22.300663
824,0.21376938,-0.6559548,-0.65851426,-19.755386,-12.330784
825,0.2023318,-3.3565114,1.0132043,-2.0643003,34.819256
826,0.20595984,-3.0135987,1.0450705,-6.920881,30.198397
827,0.25535426,-2.4988558,1.0669866,-14.500235,23.489407
828,0.21258475,-2.2114134,1.0376388,-17.182861,19.986975
829,0.23321202,-3.422833,1.0729048,-1.3937795,36.131584
830,0.24455589,-1.4862574,0.09237868,-20.766453,-8.559847
831,0.23253794,-2.7574944,1.003145,-10.8820715,27.174519
832,0.21206143,-3.4121494,1.0455008,-0.7523314,35.499092
833,0.24095203,-2.0943942,0.9664301,-15.691462,18.913439
834,0.24327247,-2.8481162,1.0919636,-8.806977,27.147316
835,0.24024072,-2.6179185,1.0250888,-12.182547,26.42195
836,0.23023906,-2.5643406,1.0513109,-13.889295,24.510838
837,0.22513454,-3.5215561,1.0688814,1.2378079,37.66679
838,0.20684978,-2.8398232,0.9173825,-11.988843,31.788338
839,0.24996187,-3.1768212,1.0812789,-3.9969873,32.862926
840,0.21750075,-3.1918368,0.97655255,-5.982962,33.30794
841,0.26176557,-1.2499006,-0.28337118,-19.988007,-9.744614
842,0.23344068,-1.5526085,0.47058493,-21.472078,-7.2526913
843,0.24268578,-2.9020643,1.0929537,-7.895129,28.012249
844,0.2138682,-1.6262838,0.09456,-20.822557,-8.825268
845,0.22572097,-2.1020768,1.0689031,-18.729647,18.711554
846,0.25309426,-1.497263,1.0496354,-21.628353,10.2562
847,0.20857008,-3.341163,1.0644104,-2.4629352,34.366226
848,0.2372097,-3.08681,1.0622957,-6.029905,30.422226
849,0.24750562,-1.69127,1.0576596,-21.148214,12.857175
850,0.21396452,-2.3798456,0.96464604,-15.081631,25.411425
851,0.2614879,-3.0909488,1.0252485,-6.5368104,31.311874
852,0.24511398,-2.832322,1.0554552,-9.319673,27.376621
853,0.21197344,-0.88579786,-0.77479184,-18.34455,-11.587611
854,0.26249856,-2.6140027,1.0673236,-12.939229,24.920162
855,0.22495688,-2.5835173,0.9225088,-13.740109,29.024303
856,0.26149276,0.5810239,-1.9649793,-7.709124,-19.445534
857,0.23023587,-3.0094078,1.0700592,-6.934187,29.187397
858,0.20941167,-2.8220756,1.0190223,-9.219036,28.88801
859,0.2557477,-1.1500237,0.72510344,-19.352951,3.460586
860,0.20119111,-3.1196635,1.0412892,-5.8061614,30.926678
861,0.20705992,-3.5332782,1.012675,0.9870472,36.365063
862,0.2529867,-2.4426522,1.0105351,-15.164639,24.050463
863,0.24878223,4.5429635,2.9700944,34.382748,2.8266733
864,0.23871689,-2.6475248,1.0067115,-12.21472,26.656664
865,0.24789633,-2.512154,0.9091366,-14.10373,28.552475
866,0.21815766,-2.7189498,0.89987075,-13.214233,30.878296
867,0.2111066,-2.5567143,1.025615,-14.091345,24.845804
868,0.22716928,-2.986633,0.8991759,-11.37661,33.33989
869,0.23401706,-3.6860223,1.041635,4.075987,38.683067
870,0.20414947,-2.8464153,0.89792824,-12.280924,32.298306
871,0.24601929,-3.0828109,1.0669913,-5.728092,31.0794
872,0.24566437,-1.6426884,0.9974142,-20.254675,11.940358
873,0.24216285,-3.669723,1.0353194,4.2356286,39.074577
874,0.24654897,-2.0946872,0.97857916,-16.421316,18.417366
875,0.23215659,-2.781882,1.0641575,-10.101518,26.756422
876,0.233225,-3.2806883,1.0454062,-3.5278907,33.850735
877,0.26115048,-2.7108307,1.0128232,-11.488925,26.630043
878,0.21773134,-1.5922976,1.0754857,-21.650835,11.513789
879,0.22334808,-3.722294,1.0045382,5.234566,39.56972
880,0.23921052,-1.467827,1.0437579,-21.712234,9.578955
881,0.20886788,-3.0220046,1.0422446,-6.956952,29.795572
882,0.21947734,-2.5229673,1.0899997,-14.028946,23.452549
883,0.26161563,-2.6026652,0.933929,-13.518911,28.873491
884,0.21331844,-3.206879,0.9184392,-6.8314633,34.287903
885,0.25265917,-1.2396559,0.9526813,-21.665426,6.393006
886,0.24146906,-2.8863406,0.9014849,-11.9369335,32.562572
887,0.23168437,-2.3315825,1.0350612,-15.8772335,23.106009
888,0.20496038,-2.8011224,1.0694442,-9.3678255,28.010054
889,0.25402743,-1.6045692,1.0267636,-21.0274,11.3607435
890,0.22547728,-0.9735848,-0.49257973,-19.46933,-11.125508
891,0.7167381,1.6535525,-1.9663836,14.78954,-18.563398
892,0.8677361,3.415146,1.9934708,26.084452,-3.6095793
893,0.81038547,4.672121,2.9201555,37.116806,0.75806326
894,0.75697225,4.639975,2.8788395,36.843575,0.39995095
895,1.0407925,3.9796395,2.4927454,28.34289,-1.0395867
896,0.68089175,1.7742491,-1.608295,14.938845,-16.139666
897,0.69589436,4.536443,2.8189275,35.322647,0.12733808
898,0.7624384,4.2282066,2.608445,30.53228,-1.1021794
899,0.7148597,4.761065,3.008965,37.739628,1.9589996
900,0.71952647,4.1594033,1.9850396,29.280365,-5.2969365
901,0.7766785,4.615178,2.95451,35.78789,1.8598628
902,0.6885275,4.393664,2.7836137,32.662037,-0.075605676
903,0.6873452,3.9780104,1.7174611,28.7297,-6.1587224
904,0.7245219,4.3523846,2.3452966,30.715658,-4.582829
905,0.7718798,4.340039,2.4143903,31.166739,-4.3510804
906,0.8102551,3.543649,1.9406279,26.124966,-3.7937534
907,0.6816154,0.9041806,-2.3756015,7.9154544,-23.058825
908,1.206747,4.1872272,2.504664,32.871674,-3.7830086
909,0.6890052,4.3284373,2.7660131,32.11016,0.04221822
910,0.73651916,4.398623,2.830148,32.742073,0.5121718
911,0.6747303,4.4521346,2.8855336,33.331284,1.0630785
912,0.5842246,1.22054,-2.341283,5.699284,-23.587553
913,0.6464258,1.7178452,-1.7392213,14.550559,-15.712201
914,0.6146407,4.0334473,2.6841326,28.105299,-0.27051145
915,0.5782147,3.440015,1.6116312,26.120047,-4.7928963
916,0.623502,3.823552,2.518648,27.53153,-1.0229461
917,0.62031424,2.4180322,-1.2585211,18.564655,-16.723362
918,0.653518,2.1437368,-1.6628935,16.534925,-17.178932
919,0.6333041,4.2245765,2.437429,30.464727,-3.4533703
920,0.5932849,4.210883,2.2714715,30.136692,-4.372251
921,0.5774232,1.3116227,-2.345736,11.894427,-22.899195
922,0.59334874,4.485108,2.8446207,34.09213,-0.26824012
923,0.5916595,4.086216,2.1228454,29.540142,-4.7746916
924,0.5610741,2.7571497,-0.5788726,18.797237,-14.3596945
925,0.59151864,2.2623718,-0.84811693,17.155064,-14.031378
926,0.6051557,0.890017,-1.9551606,2.1925864,-18.67258
927,0.57350373,2.6456292,-0.9946683,18.743187,-15.737341
928,0.58593553,1.604752,-1.9544244,13.459095,-18.821642
929,0.56438726,1.6823266,-1.8701583,14.079126,-18.669903
930,0.59119356,4.337817,2.7473795,30.948498,0.6601905
931,0.6438687,1.2236283,-2.412938,10.474152,-23.56297
932,0.6289761,1.9546934,-2.1430738,16.65932,-19.793463
933,0.6194123,1.0796951,-2.4271681,9.088187,-25.030884
934,0.59015477,4.1336665,2.7870305,29.350931,1.4201368
935,0.6251705,4.409289,2.472659,30.899715,-4.4141955
936,0.26364663,-1.8095282,1.074589,-20.699047,14.473188
937,0.29151878,-2.1809092,1.0539409,-17.792187,19.747742
938,0.27015045,-2.497424,0.9569858,-13.996124,26.738111
939,0.304581,0.04054312,-1.3188899,-13.029705,-15.7953615
940,0.33727613,0.17059965,-1.8511753,-12.513986,-19.524614
941,0.29971683,-1.3883582,0.9943878,-21.388815,8.306414
942,0.31816456,-1.3536711,1.009745,-22.430742,8.289734
943,0.26412916,-1.5085081,1.0426915,-21.872618,10.301271
944,0.30810627,0.33916384,-1.7385484,-10.788663,-17.752487
945,0.3306684,-0.82419854,0.893956,-22.01371,2.508778
946,0.26883328,-0.2171027,-1.2315689,-18.519894,-13.697792
947,0.2917267,-1.3609778,1.0338095,-22.894304,8.529308
948,0.33139607,-2.1484737,1.0698014,-18.44184,19.285757
949,0.28007388,-1.9838514,1.0579393,-19.288874,16.891857
950,0.29154912,-0.4348912,0.2344424,-18.833504,-1.9578007
951,0.5197013,0.08494015,-2.0301518,-24.668543,-17.76173
952,0.5551993,1.1218387,-2.4744866,9.072267,-23.972176
953,0.50417364,4.771596,3.0220704,38.035145,2.2027113
954,0.50689244,0.56123155,-1.89948,-4.922055,-18.741856
955,0.4914286,1.0802549,-2.4630156,9.265776,-25.700396
956,0.5070206,1.0256974,-2.2976217,8.598794,-22.679611
957,0.4928586,0.73258847,-2.4128268,0.22453022,-26.195852
958,0.52226895,1.115981,-2.539258,8.639667,-24.750587
959,0.48874283,0.60840696,-1.860396,-7.4127116,-18.25167
960,0.5210092,1.5166594,-2.0652056,12.680226,-19.173306
961,0.4933804,0.3109114,-1.7901422,-22.578228,-18.354744
962,0.5271141,1.049999,-2.1849892,5.6883907,-21.581964
963,0.50947416,1.0064096,-2.489414,8.574939,-24.348053
964,0.5117533,3.2267704,1.099286,25.940569,-6.246593
965,0.5334722,2.5835578,-0.19547871,19.12113,-13.354529
966,0.49949482,2.2986917,-1.3509954,18.040274,-16.828506
967,0.4962973,0.60412306,-1.9335899,-3.834538,-18.935925
968,0.55407435,2.8941243,-0.7160852,19.450315,-15.286582
969,0.48746583,-2.7406669,0.89037246,-13.317044,31.392788
970,0.5514069,1.0771703,-2.4675634,8.8907385,-24.424646
971,0.53724474,1.0918906,-2.5482323,8.431155,-24.85735
972,0.51324826,0.2779897,-1.7772247,-22.6236,-18.003313
973,0.5446213,0.76000965,-2.4788344,-5.0324683,-24.74632
974,0.5125116,0.95672137,-2.1989057,8.747437,-21.724714
975,0.36396772,0.40091684,-1.8306235,-9.637967,-18.794262
976,0.38427696,-1.6281176,1.0282447,-20.592058,11.878017
977,0.41967928,0.4737916,-1.9684232,-9.108602,-20.028454
978,0.37060508,-0.5784336,0.5203207,-19.44666,-0.47190836
979,0.40648174,0.2954529,-1.9928507,-11.489933,-20.765644
980,0.38542125,-0.2671756,-1.3678684,-16.945646,-13.993974
981,0.4052347,-0.57543,0.80175245,-21.70114,0.55063933
982,0.38060787,-0.9821749,0.8950349,-21.899128,3.986216
983,0.3566076,-1.6417475,0.9734106,-19.67216,11.695374
984,0.36197847,-1.4546959,1.0374676,-22.709616,9.65914
985,0.40553668,-0.34821945,0.66072226,-20.83409,-0.9913951
986,0.40237916,0.1503408,-1.8177559,-12.712193,-19.469673
987,0.36601257,-1.7683403,0.95338315,-18.507904,12.479385
988,0.34080192,-2.7454133,0.90643287,-12.760672,31.01487
989,0.39953125,0.09795124,-1.7373619,-23.010695,-16.77903
990,0.37515077,-0.084980965,-1.5365615,-13.666313,-17.320852
991,0.39263678,0.2904645,-1.0282918,-15.373561,-7.9628406
992,0.3926372,0.18668851,-1.9016876,-23.807377,-18.048481
993,0.4010922,0.9539956,-2.2381225,3.0982454,-21.593115
994,0.37615803,-2.777612,0.88670737,-12.980383,31.757616
995,0.38950816,0.5632063,-2.0514796,-8.39142,-20.660961
996,0.38410792,0.117251925,-1.626883,-22.53986,-16.724266
997,0.3980346,-0.6789483,0.8319167,-21.567938,1.4657458
998,0.3945406,0.23546639,-0.9057424,-15.885949,-7.6869597
999,0.4075874,0.544445,-1.9962503,-3.2702227,-18.948528
1000,0.17635323,-1.9007599,1.0757955,-19.785065,15.722482
1001,0.14019643,-2.5265622,1.0391803,-13.363726,25.43416
1002,0.1516601,-2.2393136,1.0545058,-16.302036,20.780338
1003,0.15369606,-3.073341,1.0353552,-5.9322233,31.828825
1004,0.15400898,-3.7825382,1.022812,6.7871685,39.572037
1005,0.11562201,-3.7418857,1.0296243,5.931177,39.107582
1006,0.12579647,-3.895311,0.982788,8.46522,40.920673
1007,0.13926943,-3.833465,1.0061011,7.7041016,40.231853
1008,0.11348359,-2.694165,1.0660962,-11.341263,26.26418
1009,0.17834587,-1.0819882,0.91162056,-21.501902,4.64662
1010,0.13741662,-3.40775,1.0062884,-0.21595801,35.05396
1011,0.18150632,-2.7238858,1.0344138,-10.535502,27.46402
1012,0.18934219,-2.9606204,0.90770423,-11.480997,32.99326
1013,0.1151417,-3.8374107,0.9752577,7.74175,41.327946
1014,0.1376695,-3.7578464,0.9724185,6.3259897,41.554386
1015,0.13893214,-3.765402,0.9889493,6.610467,41.631916
1016,0.1700606,-3.7894282,0.9951341,7.1261153,41.904465
1017,0.12273725,-3.8618066,0.9926319,8.094608,40.926994
1018,0.18542749,-3.7897234,1.0300392,7.023064,39.700256
1019,0.18541606,-3.2167387,1.0236149,-4.97862,32.967667
1020,0.16510803,-3.397092,1.0093734,-1.2192435,34.85725
1021,0.16247378,-3.7134912,1.000965,4.75859,39.899612
1022,0.18938568,-3.7534297,0.9884029,6.0094237,40.424946
1023,0.11516568,-2.6352897,1.0303746,-11.34858,27.182447
1024,0.131914,-3.231261,1.0670743,-4.345913,32.571907
1025,0.1925623,-2.9239688,0.9013001,-11.601554,32.752106
1026,0.0949008,-2.7292793,0.91999775,-12.761956,30.630121
1027,0.15846294,-3.5920506,1.0618389,2.7879376,38.629158
1028,0.4273889,0.35811356,-1.9006565,-10.354346,-19.599138
1029,0.48370793,4.7602577,3.0421398,37.813957,2.3949933
1030,0.4303703,-1.6505004,0.90508664,-18.54365,10.967007
1031,0.47534102,1.3738358,-2.239118,11.831146,-20.027164
1032,0.4442953,0.64048624,-2.0511327,-3.8386917,-20.260138
1033,0.48091182,0.7488863,-2.4579182,0.15629347,-26.519777
1034,0.45628643,0.71791685,-2.4180088,-0.23559815,-26.37069
1035,0.48433933,0.26462573,-1.9225076,-11.82634,-20.085653
1036,0.42188072,0.68976104,-2.2003982,-6.3394837,-23.38781
1037,0.47847453,0.73510426,-2.082847,-3.750973,-20.596247
1038,0.44628367,0.41420582,-0.051916383,-16.193666,-5.0607314
1039,0.44388548,0.2964101,-1.9449456,-11.782584,-19.93099
1040,0.47796494,0.80124557,-2.081454,0.45218572,-19.9327
1041,0.4505065,2.0979192,-1.0852047,16.495768,-14.65776
1042,0.4622353,0.039319016,-1.7687429,-13.100629,-18.94348
1043,0.46517628,0.38918313,-2.0459166,-10.619833,-21.07879
1044,0.42739552,0.42578563,-1.8929126,-9.599152,-19.299696
1045,0.46409023,4.1149096,2.4198222,29.828875,-2.537786
1046,0.44632265,0.09686759,-1.638199,-12.83074,-17.633938
1047,0.4683327,-0.8593943,0.90630865,-22.10388,2.8073723
1048,0.43837342,0.95578456,-2.4965792,7.9620113,-25.389853
1049,0.4758209,0.31126693,-1.9021733,-23.252914,-18.593227
1050,0.43815923,-0.2909286,0.52405286,-20.163692,-1.7102025
1051,0.4622672,1.3233964,-0.8557751,11.605775,-14.537057
1052,0.4737762,0.61859375,-2.0797827,-2.3700545,-19.489256
1053,0.464504,0.58805144,-2.0491936,-2.8661945,-19.352896
1054,0.47268486,0.6225134,-2.1024494,-2.2716994,-19.672508
1055,0.33109486,-0.35886943,0.28854913,-19.188595,-2.2505608
1056,0.26538303,-1.4326298,0.7664086,-18.55315,5.594145
1057,0.31583503,-2.1615498,1.0436457,-17.30275,19.439808
1058,0.33249852,-2.8026614,0.877334,-12.957747,32.217686
1059,0.28687117,-2.0964632,1.0486441,-18.00257,18.452147
1060,0.3278783,-2.6928492,0.88491553,-13.684854,30.977491
1061,0.30913168,-2.8915849,0.8736625,-12.308737,33.01921
1062,0.2720282,-1.9689032,1.0157611,-18.356997,16.762249
1063,0.2738867,-2.851145,1.0799403,-8.6835985,28.195608
1064,0.31075197,-1.4274607,0.26743048,-21.022963,-7.6807837
1065,0.29846463,2.208872,-1.7712464,17.640589,-18.27462
1066,0.24632339,-1.4973409,0.8704878,-18.704977,8.954876
1067,0.23535374,-1.5888422,0.99887335,-20.046562,11.125273
1068,0.23688053,-1.8674709,1.0571808,-19.752398,15.161975
1069,0.19323945,-3.6116986,1.0155375,3.1942084,37.620495
1070,0.22300756,-1.3375379,0.98670423,-21.487204,7.579636
1071,0.21611354,-3.26526,1.0707493,-3.6328518,33.453926
1072,0.20708922,-3.61079,0.9963227,2.508734,37.08286
1073,0.19662234,-3.53362,1.003797,1.2063487,36.304565
1074,0.25078598,-3.3324347,1.034639,-2.7943647,34.47447
1075,0.22699055,-2.2454424,1.0634817,-17.343561,20.622673
1076,0.2512582,-3.421987,1.0394334,-0.45473748,35.653576
1077,0.22514433,-2.8632605,1.0627081,-8.736754,27.48428
1078,0.23117486,-3.5823493,1.0466713,2.513033,38.145416
1079,0.21575794,-3.0712798,0.967363,-7.5615597,32.833324
1080,0.25694326,-1.9499387,1.0741369,-19.59459,16.429977
1081,0.21726756,-0.7258146,-0.18206836,-19.26559,-6.4671745
1082,0.25793576,-2.6342242,0.9995572,-12.5455475,26.516851
1083,0.20041856,-2.4915617,1.0644915,-14.570227,23.399298
1084,0.21325548,-2.4792452,1.0504527,-14.81577,23.589048
1085,0.23363811,-1.4417778,1.0430102,-22.325903,9.381825
1086,0.21379685,-3.7275894,0.99142337,5.5422893,40.234634
1087,0.25116614,-3.413235,1.0359197,-0.56286114,35.403976
1088,0.21542744,-3.0327008,0.8836597,-10.792458,33.712307
1089,0.2099207,-3.008668,0.8965794,-10.79084,33.391422
1090,0.19716723,-3.7150147,0.9979734,5.401706,39.8604
1091,0.2404137,-2.9204764,1.0543488,-8.220578,28.89934
1092,0.21852848,-3.157938,1.0030645,-5.832377,32.781075
